file,line,signature,review,source
pkg/gui/controllers/attach.go,5,"func AttachControllers(context types.Context, controllers ...types.IController) {",pending,https://github.com/jesseduffield/lazygit/blob/c5f7158154602d23b0750d4304c73e2aead8df5b/pkg/gui/controllers/attach.go#L5
pkg/gui/controllers/base_controller.go,10,func (self *baseController) GetKeybindings(opts types.KeybindingsOpts) []*types.Binding {,pending,https://github.com/jesseduffield/lazygit/blob/c5f7158154602d23b0750d4304c73e2aead8df5b/pkg/gui/controllers/base_controller.go#L10
pkg/gui/controllers/base_controller.go,14,func (self *baseController) GetMouseKeybindings(opts types.KeybindingsOpts) []*gocui.ViewMouseBinding {,pending,https://github.com/jesseduffield/lazygit/blob/c5f7158154602d23b0750d4304c73e2aead8df5b/pkg/gui/controllers/base_controller.go#L14
pkg/gui/controllers/base_controller.go,18,func (self *baseController) GetOnDoubleClick() func() error {,pending,https://github.com/jesseduffield/lazygit/blob/c5f7158154602d23b0750d4304c73e2aead8df5b/pkg/gui/controllers/base_controller.go#L18
pkg/gui/controllers/base_controller.go,22,func (self *baseController) GetOnClick() func(opts gocui.ViewMouseBindingOpts) error {,pending,https://github.com/jesseduffield/lazygit/blob/c5f7158154602d23b0750d4304c73e2aead8df5b/pkg/gui/controllers/base_controller.go#L22
pkg/gui/controllers/base_controller.go,26,func (self *baseController) GetFocusedMainViewDiffSource() types.FocusedMainViewDiffSource {,pending,https://github.com/jesseduffield/lazygit/blob/c5f7158154602d23b0750d4304c73e2aead8df5b/pkg/gui/controllers/base_controller.go#L26
pkg/gui/controllers/base_controller.go,30,func (self *baseController) GetOnRenderToMain() func() {,pending,https://github.com/jesseduffield/lazygit/blob/c5f7158154602d23b0750d4304c73e2aead8df5b/pkg/gui/controllers/base_controller.go#L30
pkg/gui/controllers/base_controller.go,34,func (self *baseController) GetOnFocus() func(types.OnFocusOpts) {,pending,https://github.com/jesseduffield/lazygit/blob/c5f7158154602d23b0750d4304c73e2aead8df5b/pkg/gui/controllers/base_controller.go#L34
pkg/gui/controllers/base_controller.go,38,func (self *baseController) GetOnFocusLost() func(types.OnFocusLostOpts) {,pending,https://github.com/jesseduffield/lazygit/blob/c5f7158154602d23b0750d4304c73e2aead8df5b/pkg/gui/controllers/base_controller.go#L38
pkg/gui/controllers/base_controller.go,42,func (self *baseController) GetOnQuit() func() {,pending,https://github.com/jesseduffield/lazygit/blob/c5f7158154602d23b0750d4304c73e2aead8df5b/pkg/gui/controllers/base_controller.go#L42
pkg/gui/controllers/basic_commits_controller.go,37,"func NewBasicCommitsController(c *ControllerCommon, context ContainsCommits) *BasicCommitsController {",pending,https://github.com/jesseduffield/lazygit/blob/c5f7158154602d23b0750d4304c73e2aead8df5b/pkg/gui/controllers/basic_commits_controller.go#L37
pkg/gui/controllers/basic_commits_controller.go,51,func (self *BasicCommitsController) GetKeybindings(opts types.KeybindingsOpts) []*types.Binding {,pending,https://github.com/jesseduffield/lazygit/blob/c5f7158154602d23b0750d4304c73e2aead8df5b/pkg/gui/controllers/basic_commits_controller.go#L51
pkg/gui/controllers/basic_commits_controller.go,142,func (self *BasicCommitsController) getCommitMessageBody(hash string) string {,pending,https://github.com/jesseduffield/lazygit/blob/c5f7158154602d23b0750d4304c73e2aead8df5b/pkg/gui/controllers/basic_commits_controller.go#L142
pkg/gui/controllers/basic_commits_controller.go,151,func (self *BasicCommitsController) copyCommitAttribute(commit *models.Commit) error {,pending,https://github.com/jesseduffield/lazygit/blob/c5f7158154602d23b0750d4304c73e2aead8df5b/pkg/gui/controllers/basic_commits_controller.go#L151
pkg/gui/controllers/basic_commits_controller.go,231,func (self *BasicCommitsController) copyCommitHashToClipboard(commit *models.Commit) error {,pending,https://github.com/jesseduffield/lazygit/blob/c5f7158154602d23b0750d4304c73e2aead8df5b/pkg/gui/controllers/basic_commits_controller.go#L231
pkg/gui/controllers/basic_commits_controller.go,241,func (self *BasicCommitsController) copyCommitURLToClipboard(commit *models.Commit) error {,pending,https://github.com/jesseduffield/lazygit/blob/c5f7158154602d23b0750d4304c73e2aead8df5b/pkg/gui/controllers/basic_commits_controller.go#L241
pkg/gui/controllers/basic_commits_controller.go,256,func (self *BasicCommitsController) copyCommitDiffToClipboard(commit *models.Commit) error {,pending,https://github.com/jesseduffield/lazygit/blob/c5f7158154602d23b0750d4304c73e2aead8df5b/pkg/gui/controllers/basic_commits_controller.go#L256
pkg/gui/controllers/basic_commits_controller.go,271,func (self *BasicCommitsController) copyAuthorToClipboard(commit *models.Commit) error {,pending,https://github.com/jesseduffield/lazygit/blob/c5f7158154602d23b0750d4304c73e2aead8df5b/pkg/gui/controllers/basic_commits_controller.go#L271
pkg/gui/controllers/basic_commits_controller.go,288,func (self *BasicCommitsController) copyCommitMessageToClipboard(commit *models.Commit) error {,pending,https://github.com/jesseduffield/lazygit/blob/c5f7158154602d23b0750d4304c73e2aead8df5b/pkg/gui/controllers/basic_commits_controller.go#L288
pkg/gui/controllers/basic_commits_controller.go,303,func (self *BasicCommitsController) copyCommitMessageBodyToClipboard(commitMessageBody string) error {,pending,https://github.com/jesseduffield/lazygit/blob/c5f7158154602d23b0750d4304c73e2aead8df5b/pkg/gui/controllers/basic_commits_controller.go#L303
pkg/gui/controllers/basic_commits_controller.go,313,func (self *BasicCommitsController) copyCommitSubjectToClipboard(commit *models.Commit) error {,pending,https://github.com/jesseduffield/lazygit/blob/c5f7158154602d23b0750d4304c73e2aead8df5b/pkg/gui/controllers/basic_commits_controller.go#L313
pkg/gui/controllers/basic_commits_controller.go,328,func (self *BasicCommitsController) copyCommitTagsToClipboard(commit *models.Commit) error {,pending,https://github.com/jesseduffield/lazygit/blob/c5f7158154602d23b0750d4304c73e2aead8df5b/pkg/gui/controllers/basic_commits_controller.go#L328
pkg/gui/controllers/basic_commits_controller.go,340,func (self *BasicCommitsController) openInBrowser(commit *models.Commit) error {,pending,https://github.com/jesseduffield/lazygit/blob/c5f7158154602d23b0750d4304c73e2aead8df5b/pkg/gui/controllers/basic_commits_controller.go#L340
pkg/gui/controllers/basic_commits_controller.go,354,func (self *BasicCommitsController) newBranch(commit *models.Commit) error {,pending,https://github.com/jesseduffield/lazygit/blob/c5f7158154602d23b0750d4304c73e2aead8df5b/pkg/gui/controllers/basic_commits_controller.go#L354
pkg/gui/controllers/basic_commits_controller.go,358,func (self *BasicCommitsController) createResetMenu(commit *models.Commit) error {,pending,https://github.com/jesseduffield/lazygit/blob/c5f7158154602d23b0750d4304c73e2aead8df5b/pkg/gui/controllers/basic_commits_controller.go#L358
pkg/gui/controllers/basic_commits_controller.go,362,func (self *BasicCommitsController) checkout(commit *models.Commit) error {,pending,https://github.com/jesseduffield/lazygit/blob/c5f7158154602d23b0750d4304c73e2aead8df5b/pkg/gui/controllers/basic_commits_controller.go#L362
pkg/gui/controllers/basic_commits_controller.go,366,func (self *BasicCommitsController) copyRange(*models.Commit) error {,pending,https://github.com/jesseduffield/lazygit/blob/c5f7158154602d23b0750d4304c73e2aead8df5b/pkg/gui/controllers/basic_commits_controller.go#L366
pkg/gui/controllers/basic_commits_controller.go,370,"func (self *BasicCommitsController) canCopyCommits(selectedCommits []*models.Commit, startIdx int, endIdx int) *types.DisabledReason {",pending,https://github.com/jesseduffield/lazygit/blob/c5f7158154602d23b0750d4304c73e2aead8df5b/pkg/gui/controllers/basic_commits_controller.go#L370
pkg/gui/controllers/basic_commits_controller.go,380,func (self *BasicCommitsController) openDiffTool(commit *models.Commit) error {,pending,https://github.com/jesseduffield/lazygit/blob/c5f7158154602d23b0750d4304c73e2aead8df5b/pkg/gui/controllers/basic_commits_controller.go#L380
pkg/gui/controllers/basic_commits_controller.go,395,func (self *BasicCommitsController) canSelectCommitsOfCurrentBranch() *types.DisabledReason {,pending,https://github.com/jesseduffield/lazygit/blob/c5f7158154602d23b0750d4304c73e2aead8df5b/pkg/gui/controllers/basic_commits_controller.go#L395
pkg/gui/controllers/basic_commits_controller.go,403,func (self *BasicCommitsController) findFirstCommitAfterCurrentBranch() int {,pending,https://github.com/jesseduffield/lazygit/blob/c5f7158154602d23b0750d4304c73e2aead8df5b/pkg/gui/controllers/basic_commits_controller.go#L403
pkg/gui/controllers/basic_commits_controller.go,415,func (self *BasicCommitsController) selectCommitsOfCurrentBranch() error {,pending,https://github.com/jesseduffield/lazygit/blob/c5f7158154602d23b0750d4304c73e2aead8df5b/pkg/gui/controllers/basic_commits_controller.go#L415
pkg/gui/controllers/bisect_controller.go,23,func NewBisectController(,pending,https://github.com/jesseduffield/lazygit/blob/c5f7158154602d23b0750d4304c73e2aead8df5b/pkg/gui/controllers/bisect_controller.go#L23
pkg/gui/controllers/bisect_controller.go,38,func (self *BisectController) GetKeybindings(opts types.KeybindingsOpts) []*types.Binding {,pending,https://github.com/jesseduffield/lazygit/blob/c5f7158154602d23b0750d4304c73e2aead8df5b/pkg/gui/controllers/bisect_controller.go#L38
pkg/gui/controllers/bisect_controller.go,51,func (self *BisectController) openMenu(commit *models.Commit) error {,pending,https://github.com/jesseduffield/lazygit/blob/c5f7158154602d23b0750d4304c73e2aead8df5b/pkg/gui/controllers/bisect_controller.go#L51
pkg/gui/controllers/bisect_controller.go,61,"func (self *BisectController) openMidBisectMenu(info *git_commands.BisectInfo, commit *models.Commit) error {",pending,https://github.com/jesseduffield/lazygit/blob/c5f7158154602d23b0750d4304c73e2aead8df5b/pkg/gui/controllers/bisect_controller.go#L61
pkg/gui/controllers/bisect_controller.go,162,"func (self *BisectController) openStartBisectMenu(info *git_commands.BisectInfo, commit *models.Commit) error {",pending,https://github.com/jesseduffield/lazygit/blob/c5f7158154602d23b0750d4304c73e2aead8df5b/pkg/gui/controllers/bisect_controller.go#L162
pkg/gui/controllers/bisect_controller.go,231,func (self *BisectController) showBisectCompleteMessage(candidateHashes []string) error {,pending,https://github.com/jesseduffield/lazygit/blob/c5f7158154602d23b0750d4304c73e2aead8df5b/pkg/gui/controllers/bisect_controller.go#L231
pkg/gui/controllers/bisect_controller.go,259,"func (self *BisectController) afterMark(selectCurrent bool, waitToReselect bool) error {",pending,https://github.com/jesseduffield/lazygit/blob/c5f7158154602d23b0750d4304c73e2aead8df5b/pkg/gui/controllers/bisect_controller.go#L259
pkg/gui/controllers/bisect_controller.go,276,"func (self *BisectController) afterBisectMarkRefresh(selectCurrent bool, waitToReselect bool) error {",pending,https://github.com/jesseduffield/lazygit/blob/c5f7158154602d23b0750d4304c73e2aead8df5b/pkg/gui/controllers/bisect_controller.go#L276
pkg/gui/controllers/bisect_controller.go,297,func (self *BisectController) selectCurrentBisectCommit() {,pending,https://github.com/jesseduffield/lazygit/blob/c5f7158154602d23b0750d4304c73e2aead8df5b/pkg/gui/controllers/bisect_controller.go#L297
pkg/gui/controllers/bisect_controller.go,311,func (self *BisectController) context() *context.LocalCommitsContext {,pending,https://github.com/jesseduffield/lazygit/blob/c5f7158154602d23b0750d4304c73e2aead8df5b/pkg/gui/controllers/bisect_controller.go#L311
pkg/gui/controllers/branches_controller.go,26,func NewBranchesController(,pending,https://github.com/jesseduffield/lazygit/blob/c5f7158154602d23b0750d4304c73e2aead8df5b/pkg/gui/controllers/branches_controller.go#L26
pkg/gui/controllers/branches_controller.go,41,func (self *BranchesController) GetKeybindings(opts types.KeybindingsOpts) []*types.Binding {,pending,https://github.com/jesseduffield/lazygit/blob/c5f7158154602d23b0750d4304c73e2aead8df5b/pkg/gui/controllers/branches_controller.go#L41
pkg/gui/controllers/branches_controller.go,198,func (self *BranchesController) GetOnRenderToMain() func() {,pending,https://github.com/jesseduffield/lazygit/blob/c5f7158154602d23b0750d4304c73e2aead8df5b/pkg/gui/controllers/branches_controller.go#L198
pkg/gui/controllers/branches_controller.go,231,func (self *BranchesController) viewUpstreamOptions(selectedBranch *models.Branch) error {,pending,https://github.com/jesseduffield/lazygit/blob/c5f7158154602d23b0750d4304c73e2aead8df5b/pkg/gui/controllers/branches_controller.go#L231
pkg/gui/controllers/branches_controller.go,400,func (self *BranchesController) Context() types.Context {,pending,https://github.com/jesseduffield/lazygit/blob/c5f7158154602d23b0750d4304c73e2aead8df5b/pkg/gui/controllers/branches_controller.go#L400
pkg/gui/controllers/branches_controller.go,404,func (self *BranchesController) context() *context.BranchesContext {,pending,https://github.com/jesseduffield/lazygit/blob/c5f7158154602d23b0750d4304c73e2aead8df5b/pkg/gui/controllers/branches_controller.go#L404
pkg/gui/controllers/branches_controller.go,408,func (self *BranchesController) press(selectedBranch *models.Branch) error {,pending,https://github.com/jesseduffield/lazygit/blob/c5f7158154602d23b0750d4304c73e2aead8df5b/pkg/gui/controllers/branches_controller.go#L408
pkg/gui/controllers/branches_controller.go,422,func (self *BranchesController) notPulling() *types.DisabledReason {,pending,https://github.com/jesseduffield/lazygit/blob/c5f7158154602d23b0750d4304c73e2aead8df5b/pkg/gui/controllers/branches_controller.go#L422
pkg/gui/controllers/branches_controller.go,434,"func (self *BranchesController) worktreeForBranch(branch *models.Branch) (*models.Worktree, bool) {",pending,https://github.com/jesseduffield/lazygit/blob/c5f7158154602d23b0750d4304c73e2aead8df5b/pkg/gui/controllers/branches_controller.go#L434
pkg/gui/controllers/branches_controller.go,438,func (self *BranchesController) promptToCheckoutWorktree(worktree *models.Worktree) error {,pending,https://github.com/jesseduffield/lazygit/blob/c5f7158154602d23b0750d4304c73e2aead8df5b/pkg/gui/controllers/branches_controller.go#L438
pkg/gui/controllers/branches_controller.go,452,func (self *BranchesController) handleCreatePullRequest(selectedBranch *models.Branch) error {,pending,https://github.com/jesseduffield/lazygit/blob/c5f7158154602d23b0750d4304c73e2aead8df5b/pkg/gui/controllers/branches_controller.go#L452
pkg/gui/controllers/branches_controller.go,459,func (self *BranchesController) handleCreatePullRequestMenu(selectedBranch *models.Branch) error {,pending,https://github.com/jesseduffield/lazygit/blob/c5f7158154602d23b0750d4304c73e2aead8df5b/pkg/gui/controllers/branches_controller.go#L459
pkg/gui/controllers/branches_controller.go,465,"func (self *BranchesController) getPullRequestURL() (string, error) {",pending,https://github.com/jesseduffield/lazygit/blob/c5f7158154602d23b0750d4304c73e2aead8df5b/pkg/gui/controllers/branches_controller.go#L465
pkg/gui/controllers/branches_controller.go,480,func (self *BranchesController) copyPullRequestURL() error {,pending,https://github.com/jesseduffield/lazygit/blob/c5f7158154602d23b0750d4304c73e2aead8df5b/pkg/gui/controllers/branches_controller.go#L480
pkg/gui/controllers/branches_controller.go,495,func (self *BranchesController) forceCheckout() error {,pending,https://github.com/jesseduffield/lazygit/blob/c5f7158154602d23b0750d4304c73e2aead8df5b/pkg/gui/controllers/branches_controller.go#L495
pkg/gui/controllers/branches_controller.go,516,func (self *BranchesController) checkoutPreviousBranch() error {,pending,https://github.com/jesseduffield/lazygit/blob/c5f7158154602d23b0750d4304c73e2aead8df5b/pkg/gui/controllers/branches_controller.go#L516
pkg/gui/controllers/branches_controller.go,521,func (self *BranchesController) checkoutByName() error {,pending,https://github.com/jesseduffield/lazygit/blob/c5f7158154602d23b0750d4304c73e2aead8df5b/pkg/gui/controllers/branches_controller.go#L521
pkg/gui/controllers/branches_controller.go,551,func (self *BranchesController) createNewBranchWithName(newBranchName string) error {,pending,https://github.com/jesseduffield/lazygit/blob/c5f7158154602d23b0750d4304c73e2aead8df5b/pkg/gui/controllers/branches_controller.go#L551
pkg/gui/controllers/branches_controller.go,569,func (self *BranchesController) localDelete(branches []*models.Branch) error {,pending,https://github.com/jesseduffield/lazygit/blob/c5f7158154602d23b0750d4304c73e2aead8df5b/pkg/gui/controllers/branches_controller.go#L569
pkg/gui/controllers/branches_controller.go,573,func (self *BranchesController) remoteDelete(branches []*models.Branch) error {,pending,https://github.com/jesseduffield/lazygit/blob/c5f7158154602d23b0750d4304c73e2aead8df5b/pkg/gui/controllers/branches_controller.go#L573
pkg/gui/controllers/branches_controller.go,580,func (self *BranchesController) localAndRemoteDelete(branches []*models.Branch) error {,pending,https://github.com/jesseduffield/lazygit/blob/c5f7158154602d23b0750d4304c73e2aead8df5b/pkg/gui/controllers/branches_controller.go#L580
pkg/gui/controllers/branches_controller.go,584,func (self *BranchesController) delete(branches []*models.Branch) error {,pending,https://github.com/jesseduffield/lazygit/blob/c5f7158154602d23b0750d4304c73e2aead8df5b/pkg/gui/controllers/branches_controller.go#L584
pkg/gui/controllers/branches_controller.go,650,func (self *BranchesController) merge() error {,pending,https://github.com/jesseduffield/lazygit/blob/c5f7158154602d23b0750d4304c73e2aead8df5b/pkg/gui/controllers/branches_controller.go#L650
pkg/gui/controllers/branches_controller.go,655,func (self *BranchesController) rebase(branch *models.Branch) error {,pending,https://github.com/jesseduffield/lazygit/blob/c5f7158154602d23b0750d4304c73e2aead8df5b/pkg/gui/controllers/branches_controller.go#L655
pkg/gui/controllers/branches_controller.go,659,func (self *BranchesController) fastForward(branches []*models.Branch) error {,pending,https://github.com/jesseduffield/lazygit/blob/c5f7158154602d23b0750d4304c73e2aead8df5b/pkg/gui/controllers/branches_controller.go#L659
pkg/gui/controllers/branches_controller.go,678,func (self *BranchesController) createTag(branch *models.Branch) error {,pending,https://github.com/jesseduffield/lazygit/blob/c5f7158154602d23b0750d4304c73e2aead8df5b/pkg/gui/controllers/branches_controller.go#L678
pkg/gui/controllers/branches_controller.go,682,func (self *BranchesController) createSortMenu() error {,pending,https://github.com/jesseduffield/lazygit/blob/c5f7158154602d23b0750d4304c73e2aead8df5b/pkg/gui/controllers/branches_controller.go#L682
pkg/gui/controllers/branches_controller.go,698,func (self *BranchesController) createResetMenu(selectedBranch *models.Branch) error {,pending,https://github.com/jesseduffield/lazygit/blob/c5f7158154602d23b0750d4304c73e2aead8df5b/pkg/gui/controllers/branches_controller.go#L698
pkg/gui/controllers/branches_controller.go,702,func (self *BranchesController) rename(branch *models.Branch) error {,pending,https://github.com/jesseduffield/lazygit/blob/c5f7158154602d23b0750d4304c73e2aead8df5b/pkg/gui/controllers/branches_controller.go#L702
pkg/gui/controllers/branches_controller.go,748,func (self *BranchesController) newBranch(selectedBranch *models.Branch) error {,pending,https://github.com/jesseduffield/lazygit/blob/c5f7158154602d23b0750d4304c73e2aead8df5b/pkg/gui/controllers/branches_controller.go#L748
pkg/gui/controllers/branches_controller.go,752,"func (self *BranchesController) createPullRequestMenu(selectedBranch *models.Branch, checkedOutBranch *models.Branch) error {",pending,https://github.com/jesseduffield/lazygit/blob/c5f7158154602d23b0750d4304c73e2aead8df5b/pkg/gui/controllers/branches_controller.go#L752
pkg/gui/controllers/branches_controller.go,816,"func (self *BranchesController) promptForTargetBranchNameAndCreatePullRequest(fromBranch *models.Branch, toRemote string) error {",pending,https://github.com/jesseduffield/lazygit/blob/c5f7158154602d23b0750d4304c73e2aead8df5b/pkg/gui/controllers/branches_controller.go#L816
pkg/gui/controllers/branches_controller.go,836,"func (self *BranchesController) createPullRequest(from string, to string) error {",pending,https://github.com/jesseduffield/lazygit/blob/c5f7158154602d23b0750d4304c73e2aead8df5b/pkg/gui/controllers/branches_controller.go#L836
pkg/gui/controllers/branches_controller.go,851,func (self *BranchesController) branchIsReal(branch *models.Branch) *types.DisabledReason {,pending,https://github.com/jesseduffield/lazygit/blob/c5f7158154602d23b0750d4304c73e2aead8df5b/pkg/gui/controllers/branches_controller.go#L851
pkg/gui/controllers/branches_controller.go,859,func (self *BranchesController) branchHasPR(branch *models.Branch) *types.DisabledReason {,pending,https://github.com/jesseduffield/lazygit/blob/c5f7158154602d23b0750d4304c73e2aead8df5b/pkg/gui/controllers/branches_controller.go#L859
pkg/gui/controllers/branches_controller.go,863,func (self *BranchesController) openPRInBrowser(branch *models.Branch) error {,pending,https://github.com/jesseduffield/lazygit/blob/c5f7158154602d23b0750d4304c73e2aead8df5b/pkg/gui/controllers/branches_controller.go#L863
pkg/gui/controllers/branches_controller.go,876,"func (self *BranchesController) branchesAreReal(selectedBranches []*models.Branch, startIdx int, endIdx int) *types.DisabledReason {",pending,https://github.com/jesseduffield/lazygit/blob/c5f7158154602d23b0750d4304c73e2aead8df5b/pkg/gui/controllers/branches_controller.go#L876
pkg/gui/controllers/branches_controller.go,886,func (self *BranchesController) notMergingIntoYourself(branch *models.Branch) *types.DisabledReason {,pending,https://github.com/jesseduffield/lazygit/blob/c5f7158154602d23b0750d4304c73e2aead8df5b/pkg/gui/controllers/branches_controller.go#L886
pkg/gui/controllers/command_log_controller.go,14,func NewCommandLogController(,pending,https://github.com/jesseduffield/lazygit/blob/c5f7158154602d23b0750d4304c73e2aead8df5b/pkg/gui/controllers/command_log_controller.go#L14
pkg/gui/controllers/command_log_controller.go,23,func (self *CommandLogController) GetKeybindings(opts types.KeybindingsOpts) []*types.Binding {,pending,https://github.com/jesseduffield/lazygit/blob/c5f7158154602d23b0750d4304c73e2aead8df5b/pkg/gui/controllers/command_log_controller.go#L23
pkg/gui/controllers/command_log_controller.go,29,func (self *CommandLogController) GetOnFocusLost() func(types.OnFocusLostOpts) {,pending,https://github.com/jesseduffield/lazygit/blob/c5f7158154602d23b0750d4304c73e2aead8df5b/pkg/gui/controllers/command_log_controller.go#L29
pkg/gui/controllers/command_log_controller.go,35,func (self *CommandLogController) Context() types.Context {,pending,https://github.com/jesseduffield/lazygit/blob/c5f7158154602d23b0750d4304c73e2aead8df5b/pkg/gui/controllers/command_log_controller.go#L35
pkg/gui/controllers/command_log_controller.go,39,func (self *CommandLogController) context() types.Context {,pending,https://github.com/jesseduffield/lazygit/blob/c5f7158154602d23b0750d4304c73e2aead8df5b/pkg/gui/controllers/command_log_controller.go#L39
pkg/gui/controllers/commit_description_controller.go,17,func NewCommitDescriptionController(,pending,https://github.com/jesseduffield/lazygit/blob/c5f7158154602d23b0750d4304c73e2aead8df5b/pkg/gui/controllers/commit_description_controller.go#L17
pkg/gui/controllers/commit_description_controller.go,26,func (self *CommitDescriptionController) GetKeybindings(opts types.KeybindingsOpts) []*types.Binding {,pending,https://github.com/jesseduffield/lazygit/blob/c5f7158154602d23b0750d4304c73e2aead8df5b/pkg/gui/controllers/commit_description_controller.go#L26
pkg/gui/controllers/commit_description_controller.go,49,func (self *CommitDescriptionController) Context() types.Context {,pending,https://github.com/jesseduffield/lazygit/blob/c5f7158154602d23b0750d4304c73e2aead8df5b/pkg/gui/controllers/commit_description_controller.go#L49
pkg/gui/controllers/commit_description_controller.go,53,func (self *CommitDescriptionController) GetMouseKeybindings(opts types.KeybindingsOpts) []*gocui.ViewMouseBinding {,pending,https://github.com/jesseduffield/lazygit/blob/c5f7158154602d23b0750d4304c73e2aead8df5b/pkg/gui/controllers/commit_description_controller.go#L53
pkg/gui/controllers/commit_description_controller.go,64,func (self *CommitDescriptionController) GetOnFocus() func(types.OnFocusOpts) {,pending,https://github.com/jesseduffield/lazygit/blob/c5f7158154602d23b0750d4304c73e2aead8df5b/pkg/gui/controllers/commit_description_controller.go#L64
pkg/gui/controllers/commit_description_controller.go,78,func (self *CommitDescriptionController) GetOnQuit() func() {,pending,https://github.com/jesseduffield/lazygit/blob/c5f7158154602d23b0750d4304c73e2aead8df5b/pkg/gui/controllers/commit_description_controller.go#L78
pkg/gui/controllers/commit_description_controller.go,84,func (self *CommitDescriptionController) switchToCommitMessage() error {,pending,https://github.com/jesseduffield/lazygit/blob/c5f7158154602d23b0750d4304c73e2aead8df5b/pkg/gui/controllers/commit_description_controller.go#L84
pkg/gui/controllers/commit_description_controller.go,89,func (self *CommitDescriptionController) handleTogglePanel() error {,pending,https://github.com/jesseduffield/lazygit/blob/c5f7158154602d23b0750d4304c73e2aead8df5b/pkg/gui/controllers/commit_description_controller.go#L89
pkg/gui/controllers/commit_description_controller.go,115,func (self *CommitDescriptionController) close() error {,pending,https://github.com/jesseduffield/lazygit/blob/c5f7158154602d23b0750d4304c73e2aead8df5b/pkg/gui/controllers/commit_description_controller.go#L115
pkg/gui/controllers/commit_description_controller.go,120,func (self *CommitDescriptionController) confirm() error {,pending,https://github.com/jesseduffield/lazygit/blob/c5f7158154602d23b0750d4304c73e2aead8df5b/pkg/gui/controllers/commit_description_controller.go#L120
pkg/gui/controllers/commit_description_controller.go,124,func (self *CommitDescriptionController) openCommitMenu() error {,pending,https://github.com/jesseduffield/lazygit/blob/c5f7158154602d23b0750d4304c73e2aead8df5b/pkg/gui/controllers/commit_description_controller.go#L124
pkg/gui/controllers/commit_description_controller.go,129,func (self *CommitDescriptionController) onClick(opts gocui.ViewMouseBindingOpts) error {,pending,https://github.com/jesseduffield/lazygit/blob/c5f7158154602d23b0750d4304c73e2aead8df5b/pkg/gui/controllers/commit_description_controller.go#L129
pkg/gui/controllers/commit_diff_actions.go,39,func NewCommitDiffActions(,pending,https://github.com/jesseduffield/lazygit/blob/c5f7158154602d23b0750d4304c73e2aead8df5b/pkg/gui/controllers/commit_diff_actions.go#L39
pkg/gui/controllers/commit_diff_actions.go,53,"func (self *CommitDiffActions) PlainDiff(pane types.DiffPaneContext, paths []string) string {",pending,https://github.com/jesseduffield/lazygit/blob/c5f7158154602d23b0750d4304c73e2aead8df5b/pkg/gui/controllers/commit_diff_actions.go#L53
pkg/gui/controllers/commit_diff_actions.go,68,func (self *CommitDiffActions) customPatchDiff() string {,pending,https://github.com/jesseduffield/lazygit/blob/c5f7158154602d23b0750d4304c73e2aead8df5b/pkg/gui/controllers/commit_diff_actions.go#L68
pkg/gui/controllers/commit_diff_actions.go,87,"func (self *CommitDiffActions) PrimaryAction(pane types.DiffPaneContext, firstBufferLine int, lastBufferLine int) error {",pending,https://github.com/jesseduffield/lazygit/blob/c5f7158154602d23b0750d4304c73e2aead8df5b/pkg/gui/controllers/commit_diff_actions.go#L87
pkg/gui/controllers/commit_diff_actions.go,161,func (self *CommitDiffActions) removePatchLines(,pending,https://github.com/jesseduffield/lazygit/blob/c5f7158154602d23b0750d4304c73e2aead8df5b/pkg/gui/controllers/commit_diff_actions.go#L161
pkg/gui/controllers/commit_diff_actions.go,215,"func (self *CommitDiffActions) DiscardSelection(pane types.DiffPaneContext, firstBufferLine int, lastBufferLine int) error {",pending,https://github.com/jesseduffield/lazygit/blob/c5f7158154602d23b0750d4304c73e2aead8df5b/pkg/gui/controllers/commit_diff_actions.go#L215
pkg/gui/controllers/commit_diff_actions.go,269,func (self *CommitDiffActions) DiscardSelectionDisabledReason(pane types.DiffPaneContext) *types.DisabledReason {,pending,https://github.com/jesseduffield/lazygit/blob/c5f7158154602d23b0750d4304c73e2aead8df5b/pkg/gui/controllers/commit_diff_actions.go#L269
pkg/gui/controllers/commit_diff_actions.go,293,func (self *CommitDiffActions) PatchInclusion() func(types.DiffLineInfo) bool {,pending,https://github.com/jesseduffield/lazygit/blob/c5f7158154602d23b0750d4304c73e2aead8df5b/pkg/gui/controllers/commit_diff_actions.go#L293
pkg/gui/controllers/commit_diff_actions.go,325,func (self *CommitDiffActions) togglePatchLines(lines []types.DiffLineInfo) error {,pending,https://github.com/jesseduffield/lazygit/blob/c5f7158154602d23b0750d4304c73e2aead8df5b/pkg/gui/controllers/commit_diff_actions.go#L325
pkg/gui/controllers/commit_diff_actions.go,401,func (self commitDiffFiles) previousPath(path string) string {,pending,https://github.com/jesseduffield/lazygit/blob/c5f7158154602d23b0750d4304c73e2aead8df5b/pkg/gui/controllers/commit_diff_actions.go#L401
pkg/gui/controllers/commit_diff_actions.go,411,func (self commitDiffFiles) isWholeFileOperation(path string) bool {,pending,https://github.com/jesseduffield/lazygit/blob/c5f7158154602d23b0750d4304c73e2aead8df5b/pkg/gui/controllers/commit_diff_actions.go#L411
pkg/gui/controllers/commit_diff_actions.go,418,func (self *CommitDiffActions) filesInDiff() commitDiffFiles {,pending,https://github.com/jesseduffield/lazygit/blob/c5f7158154602d23b0750d4304c73e2aead8df5b/pkg/gui/controllers/commit_diff_actions.go#L418
pkg/gui/controllers/commit_diff_actions.go,437,"func (self *CommitDiffActions) patchEndpoints(target *commitDiffTarget) (string, bool) {",pending,https://github.com/jesseduffield/lazygit/blob/c5f7158154602d23b0750d4304c73e2aead8df5b/pkg/gui/controllers/commit_diff_actions.go#L437
pkg/gui/controllers/commit_diff_actions.go,443,func (self *CommitDiffActions) patchBuilderPath(path string) string {,pending,https://github.com/jesseduffield/lazygit/blob/c5f7158154602d23b0750d4304c73e2aead8df5b/pkg/gui/controllers/commit_diff_actions.go#L443
pkg/gui/controllers/commit_diff_actions.go,450,func (self *CommitDiffActions) indexOfTargetCommit(target *commitDiffTarget) int {,pending,https://github.com/jesseduffield/lazygit/blob/c5f7158154602d23b0750d4304c73e2aead8df5b/pkg/gui/controllers/commit_diff_actions.go#L450
pkg/gui/controllers/commit_diff_actions.go,459,func (self *CommitDiffActions) showsCustomPatch(pane types.DiffPaneContext) bool {,pending,https://github.com/jesseduffield/lazygit/blob/c5f7158154602d23b0750d4304c73e2aead8df5b/pkg/gui/controllers/commit_diff_actions.go#L459
pkg/gui/controllers/commit_message_controller.go,21,func NewCommitMessageController(,pending,https://github.com/jesseduffield/lazygit/blob/c5f7158154602d23b0750d4304c73e2aead8df5b/pkg/gui/controllers/commit_message_controller.go#L21
pkg/gui/controllers/commit_message_controller.go,30,func (self *CommitMessageController) GetKeybindings(opts types.KeybindingsOpts) []*types.Binding {,pending,https://github.com/jesseduffield/lazygit/blob/c5f7158154602d23b0750d4304c73e2aead8df5b/pkg/gui/controllers/commit_message_controller.go#L30
pkg/gui/controllers/commit_message_controller.go,63,func (self *CommitMessageController) GetMouseKeybindings(opts types.KeybindingsOpts) []*gocui.ViewMouseBinding {,pending,https://github.com/jesseduffield/lazygit/blob/c5f7158154602d23b0750d4304c73e2aead8df5b/pkg/gui/controllers/commit_message_controller.go#L63
pkg/gui/controllers/commit_message_controller.go,74,func (self *CommitMessageController) GetOnFocus() func(types.OnFocusOpts) {,pending,https://github.com/jesseduffield/lazygit/blob/c5f7158154602d23b0750d4304c73e2aead8df5b/pkg/gui/controllers/commit_message_controller.go#L74
pkg/gui/controllers/commit_message_controller.go,80,func (self *CommitMessageController) GetOnFocusLost() func(types.OnFocusLostOpts) {,pending,https://github.com/jesseduffield/lazygit/blob/c5f7158154602d23b0750d4304c73e2aead8df5b/pkg/gui/controllers/commit_message_controller.go#L80
pkg/gui/controllers/commit_message_controller.go,86,func (self *CommitMessageController) GetOnQuit() func() {,pending,https://github.com/jesseduffield/lazygit/blob/c5f7158154602d23b0750d4304c73e2aead8df5b/pkg/gui/controllers/commit_message_controller.go#L86
pkg/gui/controllers/commit_message_controller.go,92,func (self *CommitMessageController) Context() types.Context {,pending,https://github.com/jesseduffield/lazygit/blob/c5f7158154602d23b0750d4304c73e2aead8df5b/pkg/gui/controllers/commit_message_controller.go#L92
pkg/gui/controllers/commit_message_controller.go,96,func (self *CommitMessageController) context() *context.CommitMessageContext {,pending,https://github.com/jesseduffield/lazygit/blob/c5f7158154602d23b0750d4304c73e2aead8df5b/pkg/gui/controllers/commit_message_controller.go#L96
pkg/gui/controllers/commit_message_controller.go,100,func (self *CommitMessageController) handlePreviousCommit() error {,pending,https://github.com/jesseduffield/lazygit/blob/c5f7158154602d23b0750d4304c73e2aead8df5b/pkg/gui/controllers/commit_message_controller.go#L100
pkg/gui/controllers/commit_message_controller.go,104,func (self *CommitMessageController) handleNextCommit() error {,pending,https://github.com/jesseduffield/lazygit/blob/c5f7158154602d23b0750d4304c73e2aead8df5b/pkg/gui/controllers/commit_message_controller.go#L104
pkg/gui/controllers/commit_message_controller.go,111,func (self *CommitMessageController) switchToCommitDescription() error {,pending,https://github.com/jesseduffield/lazygit/blob/c5f7158154602d23b0750d4304c73e2aead8df5b/pkg/gui/controllers/commit_message_controller.go#L111
pkg/gui/controllers/commit_message_controller.go,116,func (self *CommitMessageController) handleTogglePanel() error {,pending,https://github.com/jesseduffield/lazygit/blob/c5f7158154602d23b0750d4304c73e2aead8df5b/pkg/gui/controllers/commit_message_controller.go#L116
pkg/gui/controllers/commit_message_controller.go,142,func (self *CommitMessageController) handleCommitIndexChange(value int) error {,pending,https://github.com/jesseduffield/lazygit/blob/c5f7158154602d23b0750d4304c73e2aead8df5b/pkg/gui/controllers/commit_message_controller.go#L142
pkg/gui/controllers/commit_message_controller.go,161,"func (self *CommitMessageController) setCommitMessageAtIndex(index int) (bool, error) {",pending,https://github.com/jesseduffield/lazygit/blob/c5f7158154602d23b0750d4304c73e2aead8df5b/pkg/gui/controllers/commit_message_controller.go#L161
pkg/gui/controllers/commit_message_controller.go,176,func (self *CommitMessageController) confirm() error {,pending,https://github.com/jesseduffield/lazygit/blob/c5f7158154602d23b0750d4304c73e2aead8df5b/pkg/gui/controllers/commit_message_controller.go#L176
pkg/gui/controllers/commit_message_controller.go,194,func (self *CommitMessageController) close() error {,pending,https://github.com/jesseduffield/lazygit/blob/c5f7158154602d23b0750d4304c73e2aead8df5b/pkg/gui/controllers/commit_message_controller.go#L194
pkg/gui/controllers/commit_message_controller.go,199,func (self *CommitMessageController) openCommitMenu() error {,pending,https://github.com/jesseduffield/lazygit/blob/c5f7158154602d23b0750d4304c73e2aead8df5b/pkg/gui/controllers/commit_message_controller.go#L199
pkg/gui/controllers/commit_message_controller.go,204,func (self *CommitMessageController) onClick(opts gocui.ViewMouseBindingOpts) error {,pending,https://github.com/jesseduffield/lazygit/blob/c5f7158154602d23b0750d4304c73e2aead8df5b/pkg/gui/controllers/commit_message_controller.go#L204
pkg/gui/controllers/commits_files_controller.go,33,func NewCommitFilesController(,pending,https://github.com/jesseduffield/lazygit/blob/c5f7158154602d23b0750d4304c73e2aead8df5b/pkg/gui/controllers/commits_files_controller.go#L33
pkg/gui/controllers/commits_files_controller.go,52,func (self *CommitFilesController) diffTarget() *commitDiffTarget {,pending,https://github.com/jesseduffield/lazygit/blob/c5f7158154602d23b0750d4304c73e2aead8df5b/pkg/gui/controllers/commits_files_controller.go#L52
pkg/gui/controllers/commits_files_controller.go,60,func (self *CommitFilesController) GetKeybindings(opts types.KeybindingsOpts) []*types.Binding {,pending,https://github.com/jesseduffield/lazygit/blob/c5f7158154602d23b0750d4304c73e2aead8df5b/pkg/gui/controllers/commits_files_controller.go#L60
pkg/gui/controllers/commits_files_controller.go,155,func (self *CommitFilesController) context() *context.CommitFilesContext {,pending,https://github.com/jesseduffield/lazygit/blob/c5f7158154602d23b0750d4304c73e2aead8df5b/pkg/gui/controllers/commits_files_controller.go#L155
pkg/gui/controllers/commits_files_controller.go,159,func (self *CommitFilesController) GetOnClick() func(opts gocui.ViewMouseBindingOpts) error {,pending,https://github.com/jesseduffield/lazygit/blob/c5f7158154602d23b0750d4304c73e2aead8df5b/pkg/gui/controllers/commits_files_controller.go#L159
pkg/gui/controllers/commits_files_controller.go,183,func (self *CommitFilesController) GetOnRenderToMain() func() {,pending,https://github.com/jesseduffield/lazygit/blob/c5f7158154602d23b0750d4304c73e2aead8df5b/pkg/gui/controllers/commits_files_controller.go#L183
pkg/gui/controllers/commits_files_controller.go,210,func (self *CommitFilesController) GetFocusedMainViewDiffSource() types.FocusedMainViewDiffSource {,pending,https://github.com/jesseduffield/lazygit/blob/c5f7158154602d23b0750d4304c73e2aead8df5b/pkg/gui/controllers/commits_files_controller.go#L210
pkg/gui/controllers/commits_files_controller.go,214,"func (self *CommitFilesController) copyDiffToClipboard(paths []string, toastMessage string) error {",pending,https://github.com/jesseduffield/lazygit/blob/c5f7158154602d23b0750d4304c73e2aead8df5b/pkg/gui/controllers/commits_files_controller.go#L214
pkg/gui/controllers/commits_files_controller.go,230,func (self *CommitFilesController) copyFileContentToClipboard(path string) error {,pending,https://github.com/jesseduffield/lazygit/blob/c5f7158154602d23b0750d4304c73e2aead8df5b/pkg/gui/controllers/commits_files_controller.go#L230
pkg/gui/controllers/commits_files_controller.go,240,func (self *CommitFilesController) openCopyMenu() error {,pending,https://github.com/jesseduffield/lazygit/blob/c5f7158154602d23b0750d4304c73e2aead8df5b/pkg/gui/controllers/commits_files_controller.go#L240
pkg/gui/controllers/commits_files_controller.go,334,func (self *CommitFilesController) checkout(node *filetree.CommitFileNode) error {,pending,https://github.com/jesseduffield/lazygit/blob/c5f7158154602d23b0750d4304c73e2aead8df5b/pkg/gui/controllers/commits_files_controller.go#L334
pkg/gui/controllers/commits_files_controller.go,351,func (self *CommitFilesController) discard(selectedNodes []*filetree.CommitFileNode) error {,pending,https://github.com/jesseduffield/lazygit/blob/c5f7158154602d23b0750d4304c73e2aead8df5b/pkg/gui/controllers/commits_files_controller.go#L351
pkg/gui/controllers/commits_files_controller.go,404,func (self *CommitFilesController) canDiscardFileChanges(nodes []*filetree.CommitFileNode) *types.DisabledReason {,pending,https://github.com/jesseduffield/lazygit/blob/c5f7158154602d23b0750d4304c73e2aead8df5b/pkg/gui/controllers/commits_files_controller.go#L404
pkg/gui/controllers/commits_files_controller.go,430,func (self *CommitFilesController) open(node *filetree.CommitFileNode) error {,pending,https://github.com/jesseduffield/lazygit/blob/c5f7158154602d23b0750d4304c73e2aead8df5b/pkg/gui/controllers/commits_files_controller.go#L430
pkg/gui/controllers/commits_files_controller.go,434,func (self *CommitFilesController) edit(nodes []*filetree.CommitFileNode) error {,pending,https://github.com/jesseduffield/lazygit/blob/c5f7158154602d23b0750d4304c73e2aead8df5b/pkg/gui/controllers/commits_files_controller.go#L434
pkg/gui/controllers/commits_files_controller.go,441,func (self *CommitFilesController) canEditFiles(nodes []*filetree.CommitFileNode) *types.DisabledReason {,pending,https://github.com/jesseduffield/lazygit/blob/c5f7158154602d23b0750d4304c73e2aead8df5b/pkg/gui/controllers/commits_files_controller.go#L441
pkg/gui/controllers/commits_files_controller.go,452,func (self *CommitFilesController) openDiffTool(node *filetree.CommitFileNode) error {,pending,https://github.com/jesseduffield/lazygit/blob/c5f7158154602d23b0750d4304c73e2aead8df5b/pkg/gui/controllers/commits_files_controller.go#L452
pkg/gui/controllers/commits_files_controller.go,467,func (self *CommitFilesController) toggleForPatch(selectedNodes []*filetree.CommitFileNode) error {,pending,https://github.com/jesseduffield/lazygit/blob/c5f7158154602d23b0750d4304c73e2aead8df5b/pkg/gui/controllers/commits_files_controller.go#L467
pkg/gui/controllers/commits_files_controller.go,536,func (self *CommitFilesController) toggleAllForPatch(_ *filetree.CommitFileNode) error {,pending,https://github.com/jesseduffield/lazygit/blob/c5f7158154602d23b0750d4304c73e2aead8df5b/pkg/gui/controllers/commits_files_controller.go#L536
pkg/gui/controllers/commits_files_controller.go,541,func (self *CommitFilesController) startPatchBuilder() error {,pending,https://github.com/jesseduffield/lazygit/blob/c5f7158154602d23b0750d4304c73e2aead8df5b/pkg/gui/controllers/commits_files_controller.go#L541
pkg/gui/controllers/commits_files_controller.go,551,"func (self *CommitFilesController) currentFromToReverseForPatchBuilding() (string, string, bool) {",pending,https://github.com/jesseduffield/lazygit/blob/c5f7158154602d23b0750d4304c73e2aead8df5b/pkg/gui/controllers/commits_files_controller.go#L551
pkg/gui/controllers/commits_files_controller.go,559,func (self *CommitFilesController) enter(node *filetree.CommitFileNode) error {,pending,https://github.com/jesseduffield/lazygit/blob/c5f7158154602d23b0750d4304c73e2aead8df5b/pkg/gui/controllers/commits_files_controller.go#L559
pkg/gui/controllers/commits_files_controller.go,567,func (self *CommitFilesController) GetOnDoubleClick() func() error {,pending,https://github.com/jesseduffield/lazygit/blob/c5f7158154602d23b0750d4304c73e2aead8df5b/pkg/gui/controllers/commits_files_controller.go#L567
pkg/gui/controllers/commits_files_controller.go,571,func (self *CommitFilesController) handleToggleCommitFileDirCollapsed(node *filetree.CommitFileNode) error {,pending,https://github.com/jesseduffield/lazygit/blob/c5f7158154602d23b0750d4304c73e2aead8df5b/pkg/gui/controllers/commits_files_controller.go#L571
pkg/gui/controllers/commits_files_controller.go,580,func (self *CommitFilesController) toggleTreeView() error {,pending,https://github.com/jesseduffield/lazygit/blob/c5f7158154602d23b0750d4304c73e2aead8df5b/pkg/gui/controllers/commits_files_controller.go#L580
pkg/gui/controllers/commits_files_controller.go,587,func (self *CommitFilesController) collapseAll() error {,pending,https://github.com/jesseduffield/lazygit/blob/c5f7158154602d23b0750d4304c73e2aead8df5b/pkg/gui/controllers/commits_files_controller.go#L587
pkg/gui/controllers/commits_files_controller.go,595,func (self *CommitFilesController) expandAll() error {,pending,https://github.com/jesseduffield/lazygit/blob/c5f7158154602d23b0750d4304c73e2aead8df5b/pkg/gui/controllers/commits_files_controller.go#L595
pkg/gui/controllers/commits_files_controller.go,603,func (self *CommitFilesController) pathsForDiff(node *filetree.CommitFileNode) []string {,pending,https://github.com/jesseduffield/lazygit/blob/c5f7158154602d23b0750d4304c73e2aead8df5b/pkg/gui/controllers/commits_files_controller.go#L603
pkg/gui/controllers/commits_files_controller.go,610,func normalisedSelectedCommitFileNodes(selectedNodes []*filetree.CommitFileNode) []*filetree.CommitFileNode {,pending,https://github.com/jesseduffield/lazygit/blob/c5f7158154602d23b0750d4304c73e2aead8df5b/pkg/gui/controllers/commits_files_controller.go#L610
pkg/gui/controllers/commits_files_controller.go,616,"func isDescendentOfSelectedCommitFileNodes(node *filetree.CommitFileNode, selectedNodes []*filetree.CommitFileNode) bool {",pending,https://github.com/jesseduffield/lazygit/blob/c5f7158154602d23b0750d4304c73e2aead8df5b/pkg/gui/controllers/commits_files_controller.go#L616
pkg/gui/controllers/commits_files_controller.go,633,func (self *CommitFilesController) isInTreeMode() *types.DisabledReason {,pending,https://github.com/jesseduffield/lazygit/blob/c5f7158154602d23b0750d4304c73e2aead8df5b/pkg/gui/controllers/commits_files_controller.go#L633
pkg/gui/controllers/common.go,16,func NewControllerCommon(,pending,https://github.com/jesseduffield/lazygit/blob/c5f7158154602d23b0750d4304c73e2aead8df5b/pkg/gui/controllers/common.go#L16
pkg/gui/controllers/confirmation_controller.go,15,func NewConfirmationController(,pending,https://github.com/jesseduffield/lazygit/blob/c5f7158154602d23b0750d4304c73e2aead8df5b/pkg/gui/controllers/confirmation_controller.go#L15
pkg/gui/controllers/confirmation_controller.go,24,func (self *ConfirmationController) GetKeybindings(opts types.KeybindingsOpts) []*types.Binding {,pending,https://github.com/jesseduffield/lazygit/blob/c5f7158154602d23b0750d4304c73e2aead8df5b/pkg/gui/controllers/confirmation_controller.go#L24
pkg/gui/controllers/confirmation_controller.go,49,func (self *ConfirmationController) GetOnFocusLost() func(types.OnFocusLostOpts) {,pending,https://github.com/jesseduffield/lazygit/blob/c5f7158154602d23b0750d4304c73e2aead8df5b/pkg/gui/controllers/confirmation_controller.go#L49
pkg/gui/controllers/confirmation_controller.go,55,func (self *ConfirmationController) Context() types.Context {,pending,https://github.com/jesseduffield/lazygit/blob/c5f7158154602d23b0750d4304c73e2aead8df5b/pkg/gui/controllers/confirmation_controller.go#L55
pkg/gui/controllers/confirmation_controller.go,59,func (self *ConfirmationController) context() *context.ConfirmationContext {,pending,https://github.com/jesseduffield/lazygit/blob/c5f7158154602d23b0750d4304c73e2aead8df5b/pkg/gui/controllers/confirmation_controller.go#L59
pkg/gui/controllers/confirmation_controller.go,63,func (self *ConfirmationController) handleCopyToClipboard() error {,pending,https://github.com/jesseduffield/lazygit/blob/c5f7158154602d23b0750d4304c73e2aead8df5b/pkg/gui/controllers/confirmation_controller.go#L63
pkg/gui/controllers/context_lines_controller.go,19,func NewContextLinesController(,pending,https://github.com/jesseduffield/lazygit/blob/c5f7158154602d23b0750d4304c73e2aead8df5b/pkg/gui/controllers/context_lines_controller.go#L19
pkg/gui/controllers/context_lines_controller.go,28,func (self *ContextLinesController) GetKeybindings(opts types.KeybindingsOpts) []*types.Binding {,pending,https://github.com/jesseduffield/lazygit/blob/c5f7158154602d23b0750d4304c73e2aead8df5b/pkg/gui/controllers/context_lines_controller.go#L28
pkg/gui/controllers/context_lines_controller.go,47,func (self *ContextLinesController) Context() types.Context {,pending,https://github.com/jesseduffield/lazygit/blob/c5f7158154602d23b0750d4304c73e2aead8df5b/pkg/gui/controllers/context_lines_controller.go#L47
pkg/gui/controllers/context_lines_controller.go,51,func (self *ContextLinesController) Increase() error {,pending,https://github.com/jesseduffield/lazygit/blob/c5f7158154602d23b0750d4304c73e2aead8df5b/pkg/gui/controllers/context_lines_controller.go#L51
pkg/gui/controllers/context_lines_controller.go,58,func (self *ContextLinesController) Decrease() error {,pending,https://github.com/jesseduffield/lazygit/blob/c5f7158154602d23b0750d4304c73e2aead8df5b/pkg/gui/controllers/context_lines_controller.go#L58
pkg/gui/controllers/context_lines_controller.go,65,func (self *ContextLinesController) applyChange() error {,pending,https://github.com/jesseduffield/lazygit/blob/c5f7158154602d23b0750d4304c73e2aead8df5b/pkg/gui/controllers/context_lines_controller.go#L65
pkg/gui/controllers/custom_patch_options_menu_action.go,20,func (self *CustomPatchOptionsMenuAction) Call() error {,pending,https://github.com/jesseduffield/lazygit/blob/c5f7158154602d23b0750d4304c73e2aead8df5b/pkg/gui/controllers/custom_patch_options_menu_action.go#L20
pkg/gui/controllers/custom_patch_options_menu_action.go,117,func (self *CustomPatchOptionsMenuAction) getPatchCommitIndex() int {,pending,https://github.com/jesseduffield/lazygit/blob/c5f7158154602d23b0750d4304c73e2aead8df5b/pkg/gui/controllers/custom_patch_options_menu_action.go#L117
pkg/gui/controllers/custom_patch_options_menu_action.go,126,func (self *CustomPatchOptionsMenuAction) handleDeletePatchFromCommit() error {,pending,https://github.com/jesseduffield/lazygit/blob/c5f7158154602d23b0750d4304c73e2aead8df5b/pkg/gui/controllers/custom_patch_options_menu_action.go#L126
pkg/gui/controllers/custom_patch_options_menu_action.go,136,func (self *CustomPatchOptionsMenuAction) handleMovePatchToSelectedCommit() error {,pending,https://github.com/jesseduffield/lazygit/blob/c5f7158154602d23b0750d4304c73e2aead8df5b/pkg/gui/controllers/custom_patch_options_menu_action.go#L136
pkg/gui/controllers/custom_patch_options_menu_action.go,147,func (self *CustomPatchOptionsMenuAction) handleMovePatchIntoWorkingTree() error {,pending,https://github.com/jesseduffield/lazygit/blob/c5f7158154602d23b0750d4304c73e2aead8df5b/pkg/gui/controllers/custom_patch_options_menu_action.go#L147
pkg/gui/controllers/custom_patch_options_menu_action.go,164,func (self *CustomPatchOptionsMenuAction) handlePullPatchIntoNewCommit() error {,pending,https://github.com/jesseduffield/lazygit/blob/c5f7158154602d23b0750d4304c73e2aead8df5b/pkg/gui/controllers/custom_patch_options_menu_action.go#L164
pkg/gui/controllers/custom_patch_options_menu_action.go,197,func (self *CustomPatchOptionsMenuAction) handlePullPatchIntoNewCommitBefore() error {,pending,https://github.com/jesseduffield/lazygit/blob/c5f7158154602d23b0750d4304c73e2aead8df5b/pkg/gui/controllers/custom_patch_options_menu_action.go#L197
pkg/gui/controllers/custom_patch_options_menu_action.go,230,func (self *CustomPatchOptionsMenuAction) handleApplyPatch(reverse bool) error {,pending,https://github.com/jesseduffield/lazygit/blob/c5f7158154602d23b0750d4304c73e2aead8df5b/pkg/gui/controllers/custom_patch_options_menu_action.go#L230
pkg/gui/controllers/custom_patch_options_menu_action.go,260,func (self *CustomPatchOptionsMenuAction) copyPatchToClipboard() error {,pending,https://github.com/jesseduffield/lazygit/blob/c5f7158154602d23b0750d4304c73e2aead8df5b/pkg/gui/controllers/custom_patch_options_menu_action.go#L260
pkg/gui/controllers/custom_patch_options_menu_action.go,274,func (self *CustomPatchOptionsMenuAction) getAffectedUnstagedFiles() []string {,pending,https://github.com/jesseduffield/lazygit/blob/c5f7158154602d23b0750d4304c73e2aead8df5b/pkg/gui/controllers/custom_patch_options_menu_action.go#L274
pkg/gui/controllers/diff_copy.go,13,func dropDiffPrefix(diff string) string {,pending,https://github.com/jesseduffield/lazygit/blob/c5f7158154602d23b0750d4304c73e2aead8df5b/pkg/gui/controllers/diff_copy.go#L13
pkg/gui/controllers/diff_paths.go,25,"func diffPathsForNode[T any, PT fileWithNames[T]](node *filetree.Node[T], root *filetree.Node[T], files []*T, isFiltering bool) []string {",pending,https://github.com/jesseduffield/lazygit/blob/c5f7158154602d23b0750d4304c73e2aead8df5b/pkg/gui/controllers/diff_paths.go#L25
pkg/gui/controllers/diff_paths.go,62,func dropContainedPaths(paths []string) []string {,pending,https://github.com/jesseduffield/lazygit/blob/c5f7158154602d23b0750d4304c73e2aead8df5b/pkg/gui/controllers/diff_paths.go#L62
pkg/gui/controllers/diff_paths.go,74,"func collapseToDirs[T any, PT fileWithNames[T]](paths []string, files []*T, dir string) []string {",pending,https://github.com/jesseduffield/lazygit/blob/c5f7158154602d23b0750d4304c73e2aead8df5b/pkg/gui/controllers/diff_paths.go#L74
pkg/gui/controllers/diff_paths.go,107,func filesInTree[T any](root *filetree.Node[T]) []*T {,pending,https://github.com/jesseduffield/lazygit/blob/c5f7158154602d23b0750d4304c73e2aead8df5b/pkg/gui/controllers/diff_paths.go#L107
pkg/gui/controllers/diff_paths.go,118,"func filesInDir[T any, PT fileWithNames[T]](files []*T, dir string) []*T {",pending,https://github.com/jesseduffield/lazygit/blob/c5f7158154602d23b0750d4304c73e2aead8df5b/pkg/gui/controllers/diff_paths.go#L118
pkg/gui/controllers/diff_paths.go,124,"func fileIsInDir[T any, PT fileWithNames[T]](f *T, dir string) bool {",pending,https://github.com/jesseduffield/lazygit/blob/c5f7158154602d23b0750d4304c73e2aead8df5b/pkg/gui/controllers/diff_paths.go#L124
pkg/gui/controllers/diff_paths.go,130,"func isInDir(path string, dir string) bool {",pending,https://github.com/jesseduffield/lazygit/blob/c5f7158154602d23b0750d4304c73e2aead8df5b/pkg/gui/controllers/diff_paths.go#L130
pkg/gui/controllers/diff_paths.go,138,"func repoRelativePath(worktreePath string, absolutePath string) string {",pending,https://github.com/jesseduffield/lazygit/blob/c5f7158154602d23b0750d4304c73e2aead8df5b/pkg/gui/controllers/diff_paths.go#L138
pkg/gui/controllers/diffing_menu_action.go,14,func (self *DiffingMenuAction) Call() error {,pending,https://github.com/jesseduffield/lazygit/blob/c5f7158154602d23b0750d4304c73e2aead8df5b/pkg/gui/controllers/diffing_menu_action.go#L14
pkg/gui/controllers/edit_config_action.go,14,func (self *EditConfigAction) Call() error {,pending,https://github.com/jesseduffield/lazygit/blob/c5f7158154602d23b0750d4304c73e2aead8df5b/pkg/gui/controllers/edit_config_action.go#L14
pkg/gui/controllers/files_controller.go,31,func NewFilesController(,pending,https://github.com/jesseduffield/lazygit/blob/c5f7158154602d23b0750d4304c73e2aead8df5b/pkg/gui/controllers/files_controller.go#L31
pkg/gui/controllers/files_controller.go,46,func (self *FilesController) GetKeybindings(opts types.KeybindingsOpts) []*types.Binding {,pending,https://github.com/jesseduffield/lazygit/blob/c5f7158154602d23b0750d4304c73e2aead8df5b/pkg/gui/controllers/files_controller.go#L46
pkg/gui/controllers/files_controller.go,217,func (self *FilesController) GetMouseKeybindings(opts types.KeybindingsOpts) []*gocui.ViewMouseBinding {,pending,https://github.com/jesseduffield/lazygit/blob/c5f7158154602d23b0750d4304c73e2aead8df5b/pkg/gui/controllers/files_controller.go#L217
pkg/gui/controllers/files_controller.go,228,func (self *FilesController) GetOnClick() func(opts gocui.ViewMouseBindingOpts) error {,pending,https://github.com/jesseduffield/lazygit/blob/c5f7158154602d23b0750d4304c73e2aead8df5b/pkg/gui/controllers/files_controller.go#L228
pkg/gui/controllers/files_controller.go,252,func (self *FilesController) GetOnRenderToMain() func() {,pending,https://github.com/jesseduffield/lazygit/blob/c5f7158154602d23b0750d4304c73e2aead8df5b/pkg/gui/controllers/files_controller.go#L252
pkg/gui/controllers/files_controller.go,285,func (self *FilesController) renderToMainWithTask(task types.UpdateTask) {,pending,https://github.com/jesseduffield/lazygit/blob/c5f7158154602d23b0750d4304c73e2aead8df5b/pkg/gui/controllers/files_controller.go#L285
pkg/gui/controllers/files_controller.go,300,func (self *FilesController) renderSubmoduleConflict(node *filetree.FileNode) {,pending,https://github.com/jesseduffield/lazygit/blob/c5f7158154602d23b0750d4304c73e2aead8df5b/pkg/gui/controllers/files_controller.go#L300
pkg/gui/controllers/files_controller.go,335,func (self *FilesController) renderInlineMergeConflict(node *filetree.FileNode) bool {,pending,https://github.com/jesseduffield/lazygit/blob/c5f7158154602d23b0750d4304c73e2aead8df5b/pkg/gui/controllers/files_controller.go#L335
pkg/gui/controllers/files_controller.go,351,func (self *FilesController) renderNonTextualConflict(node *filetree.FileNode) {,pending,https://github.com/jesseduffield/lazygit/blob/c5f7158154602d23b0750d4304c73e2aead8df5b/pkg/gui/controllers/files_controller.go#L351
pkg/gui/controllers/files_controller.go,370,func (self *FilesController) renderWorkingTreeDiff(node *filetree.FileNode) {,pending,https://github.com/jesseduffield/lazygit/blob/c5f7158154602d23b0750d4304c73e2aead8df5b/pkg/gui/controllers/files_controller.go#L370
pkg/gui/controllers/files_controller.go,413,func (self *FilesController) GetFocusedMainViewDiffSource() types.FocusedMainViewDiffSource {,pending,https://github.com/jesseduffield/lazygit/blob/c5f7158154602d23b0750d4304c73e2aead8df5b/pkg/gui/controllers/files_controller.go#L413
pkg/gui/controllers/files_controller.go,417,func (self *FilesController) GetOnDoubleClick() func() error {,pending,https://github.com/jesseduffield/lazygit/blob/c5f7158154602d23b0750d4304c73e2aead8df5b/pkg/gui/controllers/files_controller.go#L417
pkg/gui/controllers/files_controller.go,444,func (self *FilesController) optimisticStage(file *models.File) bool {,pending,https://github.com/jesseduffield/lazygit/blob/c5f7158154602d23b0750d4304c73e2aead8df5b/pkg/gui/controllers/files_controller.go#L444
pkg/gui/controllers/files_controller.go,454,func (self *FilesController) optimisticUnstage(file *models.File) bool {,pending,https://github.com/jesseduffield/lazygit/blob/c5f7158154602d23b0750d4304c73e2aead8df5b/pkg/gui/controllers/files_controller.go#L454
pkg/gui/controllers/files_controller.go,471,"func (self *FilesController) optimisticChange(nodes []*filetree.FileNode, optimisticChangeFn func(*models.File) bool) error {",pending,https://github.com/jesseduffield/lazygit/blob/c5f7158154602d23b0750d4304c73e2aead8df5b/pkg/gui/controllers/files_controller.go#L471
pkg/gui/controllers/files_controller.go,509,func (self *FilesController) toggleStaged(,pending,https://github.com/jesseduffield/lazygit/blob/c5f7158154602d23b0750d4304c73e2aead8df5b/pkg/gui/controllers/files_controller.go#L509
pkg/gui/controllers/files_controller.go,568,func (self *FilesController) pressWithLock(selectedNodes []*filetree.FileNode) error {,pending,https://github.com/jesseduffield/lazygit/blob/c5f7158154602d23b0750d4304c73e2aead8df5b/pkg/gui/controllers/files_controller.go#L568
pkg/gui/controllers/files_controller.go,629,func (self *FilesController) press(nodes []*filetree.FileNode) error {,pending,https://github.com/jesseduffield/lazygit/blob/c5f7158154602d23b0750d4304c73e2aead8df5b/pkg/gui/controllers/files_controller.go#L629
pkg/gui/controllers/files_controller.go,646,func (self *FilesController) pathsForDiff(node *filetree.FileNode) []string {,pending,https://github.com/jesseduffield/lazygit/blob/c5f7158154602d23b0750d4304c73e2aead8df5b/pkg/gui/controllers/files_controller.go#L646
pkg/gui/controllers/files_controller.go,653,func (self *FilesController) unstageFilteredFiles(nodes []*filetree.FileNode) error {,pending,https://github.com/jesseduffield/lazygit/blob/c5f7158154602d23b0750d4304c73e2aead8df5b/pkg/gui/controllers/files_controller.go#L653
pkg/gui/controllers/files_controller.go,678,func (self *FilesController) Context() types.Context {,pending,https://github.com/jesseduffield/lazygit/blob/c5f7158154602d23b0750d4304c73e2aead8df5b/pkg/gui/controllers/files_controller.go#L678
pkg/gui/controllers/files_controller.go,682,func (self *FilesController) context() *context.WorkingTreeContext {,pending,https://github.com/jesseduffield/lazygit/blob/c5f7158154602d23b0750d4304c73e2aead8df5b/pkg/gui/controllers/files_controller.go#L682
pkg/gui/controllers/files_controller.go,686,func (self *FilesController) getSelectedFile() *models.File {,pending,https://github.com/jesseduffield/lazygit/blob/c5f7158154602d23b0750d4304c73e2aead8df5b/pkg/gui/controllers/files_controller.go#L686
pkg/gui/controllers/files_controller.go,694,func (self *FilesController) enter() error {,pending,https://github.com/jesseduffield/lazygit/blob/c5f7158154602d23b0750d4304c73e2aead8df5b/pkg/gui/controllers/files_controller.go#L694
pkg/gui/controllers/files_controller.go,698,func (self *FilesController) collapseAll() error {,pending,https://github.com/jesseduffield/lazygit/blob/c5f7158154602d23b0750d4304c73e2aead8df5b/pkg/gui/controllers/files_controller.go#L698
pkg/gui/controllers/files_controller.go,706,func (self *FilesController) expandAll() error {,pending,https://github.com/jesseduffield/lazygit/blob/c5f7158154602d23b0750d4304c73e2aead8df5b/pkg/gui/controllers/files_controller.go#L706
pkg/gui/controllers/files_controller.go,717,func (self *FilesController) enterFile(clickedViewLineIdx int) error {,pending,https://github.com/jesseduffield/lazygit/blob/c5f7158154602d23b0750d4304c73e2aead8df5b/pkg/gui/controllers/files_controller.go#L717
pkg/gui/controllers/files_controller.go,749,func (self *FilesController) conflictResolutionHint(description string) string {,pending,https://github.com/jesseduffield/lazygit/blob/c5f7158154602d23b0750d4304c73e2aead8df5b/pkg/gui/controllers/files_controller.go#L749
pkg/gui/controllers/files_controller.go,764,func (self *FilesController) conflictNeedsResolutionDialog(file *models.File) bool {,pending,https://github.com/jesseduffield/lazygit/blob/c5f7158154602d23b0750d4304c73e2aead8df5b/pkg/gui/controllers/files_controller.go#L764
pkg/gui/controllers/files_controller.go,781,func (self *FilesController) canStageSelection(nodes []*filetree.FileNode) *types.DisabledReason {,pending,https://github.com/jesseduffield/lazygit/blob/c5f7158154602d23b0750d4304c73e2aead8df5b/pkg/gui/controllers/files_controller.go#L781
pkg/gui/controllers/files_controller.go,804,func (self *FilesController) isSubmoduleCommitConflict(file *models.File) bool {,pending,https://github.com/jesseduffield/lazygit/blob/c5f7158154602d23b0750d4304c73e2aead8df5b/pkg/gui/controllers/files_controller.go#L804
pkg/gui/controllers/files_controller.go,808,func (self *FilesController) openConflictResolutionMenu(file *models.File) error {,pending,https://github.com/jesseduffield/lazygit/blob/c5f7158154602d23b0750d4304c73e2aead8df5b/pkg/gui/controllers/files_controller.go#L808
pkg/gui/controllers/files_controller.go,816,func (self *FilesController) openFileConflictMenu(file *models.File) error {,pending,https://github.com/jesseduffield/lazygit/blob/c5f7158154602d23b0750d4304c73e2aead8df5b/pkg/gui/controllers/files_controller.go#L816
pkg/gui/controllers/files_controller.go,863,func (self *FilesController) openSubmoduleConflictMenu(file *models.File) error {,pending,https://github.com/jesseduffield/lazygit/blob/c5f7158154602d23b0750d4304c73e2aead8df5b/pkg/gui/controllers/files_controller.go#L863
pkg/gui/controllers/files_controller.go,912,func (self *FilesController) anyFilesDisplayed() *types.DisabledReason {,pending,https://github.com/jesseduffield/lazygit/blob/c5f7158154602d23b0750d4304c73e2aead8df5b/pkg/gui/controllers/files_controller.go#L912
pkg/gui/controllers/files_controller.go,920,func (self *FilesController) toggleStagedAll() error {,pending,https://github.com/jesseduffield/lazygit/blob/c5f7158154602d23b0750d4304c73e2aead8df5b/pkg/gui/controllers/files_controller.go#L920
pkg/gui/controllers/files_controller.go,931,func (self *FilesController) toggleStagedAllWithLock() error {,pending,https://github.com/jesseduffield/lazygit/blob/c5f7158154602d23b0750d4304c73e2aead8df5b/pkg/gui/controllers/files_controller.go#L931
pkg/gui/controllers/files_controller.go,963,func (self *FilesController) unstageFiles(node *filetree.FileNode) error {,pending,https://github.com/jesseduffield/lazygit/blob/c5f7158154602d23b0750d4304c73e2aead8df5b/pkg/gui/controllers/files_controller.go#L963
pkg/gui/controllers/files_controller.go,975,"func (self *FilesController) ignoreOrExcludeTracked(node *filetree.FileNode, trAction string, f func(string) error) error {",pending,https://github.com/jesseduffield/lazygit/blob/c5f7158154602d23b0750d4304c73e2aead8df5b/pkg/gui/controllers/files_controller.go#L975
pkg/gui/controllers/files_controller.go,994,"func (self *FilesController) ignoreOrExcludeUntracked(node *filetree.FileNode, trAction string, f func(string) error) error {",pending,https://github.com/jesseduffield/lazygit/blob/c5f7158154602d23b0750d4304c73e2aead8df5b/pkg/gui/controllers/files_controller.go#L994
pkg/gui/controllers/files_controller.go,1005,"func (self *FilesController) ignoreOrExcludeFile(node *filetree.FileNode, trText string, trPrompt string, trAction string, f func(string) error) error {",pending,https://github.com/jesseduffield/lazygit/blob/c5f7158154602d23b0750d4304c73e2aead8df5b/pkg/gui/controllers/files_controller.go#L1005
pkg/gui/controllers/files_controller.go,1020,func (self *FilesController) ignore(node *filetree.FileNode) error {,pending,https://github.com/jesseduffield/lazygit/blob/c5f7158154602d23b0750d4304c73e2aead8df5b/pkg/gui/controllers/files_controller.go#L1020
pkg/gui/controllers/files_controller.go,1027,func (self *FilesController) exclude(node *filetree.FileNode) error {,pending,https://github.com/jesseduffield/lazygit/blob/c5f7158154602d23b0750d4304c73e2aead8df5b/pkg/gui/controllers/files_controller.go#L1027
pkg/gui/controllers/files_controller.go,1035,func (self *FilesController) ignoreOrExcludeMenu(node *filetree.FileNode) error {,pending,https://github.com/jesseduffield/lazygit/blob/c5f7158154602d23b0750d4304c73e2aead8df5b/pkg/gui/controllers/files_controller.go#L1035
pkg/gui/controllers/files_controller.go,1063,func (self *FilesController) refresh() error {,pending,https://github.com/jesseduffield/lazygit/blob/c5f7158154602d23b0750d4304c73e2aead8df5b/pkg/gui/controllers/files_controller.go#L1063
pkg/gui/controllers/files_controller.go,1068,func (self *FilesController) handleAmendCommitPress() error {,pending,https://github.com/jesseduffield/lazygit/blob/c5f7158154602d23b0750d4304c73e2aead8df5b/pkg/gui/controllers/files_controller.go#L1068
pkg/gui/controllers/files_controller.go,1118,func (self *FilesController) isResolvingConflicts() bool {,pending,https://github.com/jesseduffield/lazygit/blob/c5f7158154602d23b0750d4304c73e2aead8df5b/pkg/gui/controllers/files_controller.go#L1118
pkg/gui/controllers/files_controller.go,1131,func (self *FilesController) handleStatusFilterPressed() error {,pending,https://github.com/jesseduffield/lazygit/blob/c5f7158154602d23b0750d4304c73e2aead8df5b/pkg/gui/controllers/files_controller.go#L1131
pkg/gui/controllers/files_controller.go,1180,func (self *FilesController) filteringLabel(filter filetree.FileTreeDisplayFilter) string {,pending,https://github.com/jesseduffield/lazygit/blob/c5f7158154602d23b0750d4304c73e2aead8df5b/pkg/gui/controllers/files_controller.go#L1180
pkg/gui/controllers/files_controller.go,1199,func (self *FilesController) setStatusFiltering(filter filetree.FileTreeDisplayFilter) error {,pending,https://github.com/jesseduffield/lazygit/blob/c5f7158154602d23b0750d4304c73e2aead8df5b/pkg/gui/controllers/files_controller.go#L1199
pkg/gui/controllers/files_controller.go,1215,func (self *FilesController) edit(nodes []*filetree.FileNode) error {,pending,https://github.com/jesseduffield/lazygit/blob/c5f7158154602d23b0750d4304c73e2aead8df5b/pkg/gui/controllers/files_controller.go#L1215
pkg/gui/controllers/files_controller.go,1222,func (self *FilesController) canEditFiles(nodes []*filetree.FileNode) *types.DisabledReason {,pending,https://github.com/jesseduffield/lazygit/blob/c5f7158154602d23b0750d4304c73e2aead8df5b/pkg/gui/controllers/files_controller.go#L1222
pkg/gui/controllers/files_controller.go,1233,func (self *FilesController) Open() error {,pending,https://github.com/jesseduffield/lazygit/blob/c5f7158154602d23b0750d4304c73e2aead8df5b/pkg/gui/controllers/files_controller.go#L1233
pkg/gui/controllers/files_controller.go,1242,func (self *FilesController) openDiffTool(node *filetree.FileNode) error {,pending,https://github.com/jesseduffield/lazygit/blob/c5f7158154602d23b0750d4304c73e2aead8df5b/pkg/gui/controllers/files_controller.go#L1242
pkg/gui/controllers/files_controller.go,1262,func (self *FilesController) switchToMerge() error {,pending,https://github.com/jesseduffield/lazygit/blob/c5f7158154602d23b0750d4304c73e2aead8df5b/pkg/gui/controllers/files_controller.go#L1262
pkg/gui/controllers/files_controller.go,1271,func (self *FilesController) createStashMenu() error {,pending,https://github.com/jesseduffield/lazygit/blob/c5f7158154602d23b0750d4304c73e2aead8df5b/pkg/gui/controllers/files_controller.go#L1271
pkg/gui/controllers/files_controller.go,1332,func (self *FilesController) openMergeConflictMenu(nodes []*filetree.FileNode) error {,pending,https://github.com/jesseduffield/lazygit/blob/c5f7158154602d23b0750d4304c73e2aead8df5b/pkg/gui/controllers/files_controller.go#L1332
pkg/gui/controllers/files_controller.go,1346,func (self *FilesController) canOpenMergeConflictMenu(nodes []*filetree.FileNode) *types.DisabledReason {,pending,https://github.com/jesseduffield/lazygit/blob/c5f7158154602d23b0750d4304c73e2aead8df5b/pkg/gui/controllers/files_controller.go#L1346
pkg/gui/controllers/files_controller.go,1360,func (self *FilesController) openCopyMenu() error {,pending,https://github.com/jesseduffield/lazygit/blob/c5f7158154602d23b0750d4304c73e2aead8df5b/pkg/gui/controllers/files_controller.go#L1360
pkg/gui/controllers/files_controller.go,1467,func (self *FilesController) anyStagedOrTrackedFile() bool {,pending,https://github.com/jesseduffield/lazygit/blob/c5f7158154602d23b0750d4304c73e2aead8df5b/pkg/gui/controllers/files_controller.go#L1467
pkg/gui/controllers/files_controller.go,1474,func (self *FilesController) hasPathStagedChanges(node *filetree.FileNode) bool {,pending,https://github.com/jesseduffield/lazygit/blob/c5f7158154602d23b0750d4304c73e2aead8df5b/pkg/gui/controllers/files_controller.go#L1474
pkg/gui/controllers/files_controller.go,1480,func (self *FilesController) stash() error {,pending,https://github.com/jesseduffield/lazygit/blob/c5f7158154602d23b0750d4304c73e2aead8df5b/pkg/gui/controllers/files_controller.go#L1480
pkg/gui/controllers/files_controller.go,1484,func (self *FilesController) createResetToUpstreamMenu() error {,pending,https://github.com/jesseduffield/lazygit/blob/c5f7158154602d23b0750d4304c73e2aead8df5b/pkg/gui/controllers/files_controller.go#L1484
pkg/gui/controllers/files_controller.go,1488,func (self *FilesController) handleToggleDirCollapsed() error {,pending,https://github.com/jesseduffield/lazygit/blob/c5f7158154602d23b0750d4304c73e2aead8df5b/pkg/gui/controllers/files_controller.go#L1488
pkg/gui/controllers/files_controller.go,1501,func (self *FilesController) toggleTreeView() error {,pending,https://github.com/jesseduffield/lazygit/blob/c5f7158154602d23b0750d4304c73e2aead8df5b/pkg/gui/controllers/files_controller.go#L1501
pkg/gui/controllers/files_controller.go,1508,"func (self *FilesController) handleStashSave(stashFunc func(message string) error, action string) error {",pending,https://github.com/jesseduffield/lazygit/blob/c5f7158154602d23b0750d4304c73e2aead8df5b/pkg/gui/controllers/files_controller.go#L1508
pkg/gui/controllers/files_controller.go,1533,func (self *FilesController) onClickMain(opts gocui.ViewMouseBindingOpts) error {,pending,https://github.com/jesseduffield/lazygit/blob/c5f7158154602d23b0750d4304c73e2aead8df5b/pkg/gui/controllers/files_controller.go#L1533
pkg/gui/controllers/files_controller.go,1537,func (self *FilesController) fetch() error {,pending,https://github.com/jesseduffield/lazygit/blob/c5f7158154602d23b0750d4304c73e2aead8df5b/pkg/gui/controllers/files_controller.go#L1537
pkg/gui/controllers/files_controller.go,1557,func normalisedSelectedNodes(selectedNodes []*filetree.FileNode) []*filetree.FileNode {,pending,https://github.com/jesseduffield/lazygit/blob/c5f7158154602d23b0750d4304c73e2aead8df5b/pkg/gui/controllers/files_controller.go#L1557
pkg/gui/controllers/files_controller.go,1565,"func isDescendentOfSelectedNodes(node *filetree.FileNode, selectedNodes []*filetree.FileNode) bool {",pending,https://github.com/jesseduffield/lazygit/blob/c5f7158154602d23b0750d4304c73e2aead8df5b/pkg/gui/controllers/files_controller.go#L1565
pkg/gui/controllers/files_controller.go,1584,func flattenSelectedNodesToFiles(selectedNodes []*filetree.FileNode) []*filetree.FileNode {,pending,https://github.com/jesseduffield/lazygit/blob/c5f7158154602d23b0750d4304c73e2aead8df5b/pkg/gui/controllers/files_controller.go#L1584
pkg/gui/controllers/files_controller.go,1614,func someNodesHaveUnstagedChanges(nodes []*filetree.FileNode) bool {,pending,https://github.com/jesseduffield/lazygit/blob/c5f7158154602d23b0750d4304c73e2aead8df5b/pkg/gui/controllers/files_controller.go#L1614
pkg/gui/controllers/files_controller.go,1618,func someNodesHaveStagedChanges(nodes []*filetree.FileNode) bool {,pending,https://github.com/jesseduffield/lazygit/blob/c5f7158154602d23b0750d4304c73e2aead8df5b/pkg/gui/controllers/files_controller.go#L1618
pkg/gui/controllers/files_controller.go,1622,"func filterNodesHaveUnstagedChanges(nodes []*filetree.FileNode, submodules []*models.SubmoduleConfig) []*filetree.FileNode {",pending,https://github.com/jesseduffield/lazygit/blob/c5f7158154602d23b0750d4304c73e2aead8df5b/pkg/gui/controllers/files_controller.go#L1622
pkg/gui/controllers/files_controller.go,1636,"func fileHasStageableUnstagedChanges(file *models.File, submodules []*models.SubmoduleConfig) bool {",pending,https://github.com/jesseduffield/lazygit/blob/c5f7158154602d23b0750d4304c73e2aead8df5b/pkg/gui/controllers/files_controller.go#L1636
pkg/gui/controllers/files_controller.go,1654,"func (self *FilesController) stagingWouldBeNoOp(nodes []*filetree.FileNode) (bool, error) {",pending,https://github.com/jesseduffield/lazygit/blob/c5f7158154602d23b0750d4304c73e2aead8df5b/pkg/gui/controllers/files_controller.go#L1654
pkg/gui/controllers/files_controller.go,1682,"func findSubmoduleNode(nodes []*filetree.FileNode, submodules []*models.SubmoduleConfig) *models.File {",pending,https://github.com/jesseduffield/lazygit/blob/c5f7158154602d23b0750d4304c73e2aead8df5b/pkg/gui/controllers/files_controller.go#L1682
pkg/gui/controllers/files_controller.go,1694,func (self *FilesController) canRemove(selectedNodes []*filetree.FileNode) *types.DisabledReason {,pending,https://github.com/jesseduffield/lazygit/blob/c5f7158154602d23b0750d4304c73e2aead8df5b/pkg/gui/controllers/files_controller.go#L1694
pkg/gui/controllers/files_controller.go,1717,func (self *FilesController) remove(selectedNodes []*filetree.FileNode) error {,pending,https://github.com/jesseduffield/lazygit/blob/c5f7158154602d23b0750d4304c73e2aead8df5b/pkg/gui/controllers/files_controller.go#L1717
pkg/gui/controllers/files_controller.go,1804,func (self *FilesController) ResetSubmodule(submodule *models.SubmoduleConfig) error {,pending,https://github.com/jesseduffield/lazygit/blob/c5f7158154602d23b0750d4304c73e2aead8df5b/pkg/gui/controllers/files_controller.go#L1804
pkg/gui/controllers/files_controller.go,1827,func (self *FilesController) formattedPaths(nodes []*filetree.FileNode) string {,pending,https://github.com/jesseduffield/lazygit/blob/c5f7158154602d23b0750d4304c73e2aead8df5b/pkg/gui/controllers/files_controller.go#L1827
pkg/gui/controllers/files_controller.go,1833,func (self *FilesController) isInTreeMode() *types.DisabledReason {,pending,https://github.com/jesseduffield/lazygit/blob/c5f7158154602d23b0750d4304c73e2aead8df5b/pkg/gui/controllers/files_controller.go#L1833
pkg/gui/controllers/filter_controller.go,11,func NewFilterControllerFactory(c *ControllerCommon) *FilterControllerFactory {,pending,https://github.com/jesseduffield/lazygit/blob/c5f7158154602d23b0750d4304c73e2aead8df5b/pkg/gui/controllers/filter_controller.go#L11
pkg/gui/controllers/filter_controller.go,17,func (self *FilterControllerFactory) Create(context types.IFilterableContext) *FilterController {,pending,https://github.com/jesseduffield/lazygit/blob/c5f7158154602d23b0750d4304c73e2aead8df5b/pkg/gui/controllers/filter_controller.go#L17
pkg/gui/controllers/filter_controller.go,32,func (self *FilterController) Context() types.Context {,pending,https://github.com/jesseduffield/lazygit/blob/c5f7158154602d23b0750d4304c73e2aead8df5b/pkg/gui/controllers/filter_controller.go#L32
pkg/gui/controllers/filter_controller.go,42,func (self *FilterController) GetKeybindings(opts types.KeybindingsOpts) []*types.Binding {,pending,https://github.com/jesseduffield/lazygit/blob/c5f7158154602d23b0750d4304c73e2aead8df5b/pkg/gui/controllers/filter_controller.go#L42
pkg/gui/controllers/filter_controller.go,56,func (self *FilterController) OpenFilterPrompt() error {,pending,https://github.com/jesseduffield/lazygit/blob/c5f7158154602d23b0750d4304c73e2aead8df5b/pkg/gui/controllers/filter_controller.go#L56
pkg/gui/controllers/filtering_menu_action.go,13,func (self *FilteringMenuAction) Call() error {,pending,https://github.com/jesseduffield/lazygit/blob/c5f7158154602d23b0750d4304c73e2aead8df5b/pkg/gui/controllers/filtering_menu_action.go#L13
pkg/gui/controllers/git_flow_controller.go,20,func NewGitFlowController(,pending,https://github.com/jesseduffield/lazygit/blob/c5f7158154602d23b0750d4304c73e2aead8df5b/pkg/gui/controllers/git_flow_controller.go#L20
pkg/gui/controllers/git_flow_controller.go,35,func (self *GitFlowController) GetKeybindings(opts types.KeybindingsOpts) []*types.Binding {,pending,https://github.com/jesseduffield/lazygit/blob/c5f7158154602d23b0750d4304c73e2aead8df5b/pkg/gui/controllers/git_flow_controller.go#L35
pkg/gui/controllers/git_flow_controller.go,48,func (self *GitFlowController) handleCreateGitFlowMenu(branch *models.Branch) error {,pending,https://github.com/jesseduffield/lazygit/blob/c5f7158154602d23b0750d4304c73e2aead8df5b/pkg/gui/controllers/git_flow_controller.go#L48
pkg/gui/controllers/git_flow_controller.go,106,func (self *GitFlowController) gitFlowFinishBranch(branchName string) error {,pending,https://github.com/jesseduffield/lazygit/blob/c5f7158154602d23b0750d4304c73e2aead8df5b/pkg/gui/controllers/git_flow_controller.go#L106
pkg/gui/controllers/global_controller.go,16,func NewGlobalController(,pending,https://github.com/jesseduffield/lazygit/blob/c5f7158154602d23b0750d4304c73e2aead8df5b/pkg/gui/controllers/global_controller.go#L16
pkg/gui/controllers/global_controller.go,25,func (self *GlobalController) GetKeybindings(opts types.KeybindingsOpts) []*types.Binding {,pending,https://github.com/jesseduffield/lazygit/blob/c5f7158154602d23b0750d4304c73e2aead8df5b/pkg/gui/controllers/global_controller.go#L25
pkg/gui/controllers/global_controller.go,156,func (self *GlobalController) Context() types.Context {,pending,https://github.com/jesseduffield/lazygit/blob/c5f7158154602d23b0750d4304c73e2aead8df5b/pkg/gui/controllers/global_controller.go#L156
pkg/gui/controllers/global_controller.go,160,func (self *GlobalController) shellCommand() error {,pending,https://github.com/jesseduffield/lazygit/blob/c5f7158154602d23b0750d4304c73e2aead8df5b/pkg/gui/controllers/global_controller.go#L160
pkg/gui/controllers/global_controller.go,164,func (self *GlobalController) createCustomPatchOptionsMenu() error {,pending,https://github.com/jesseduffield/lazygit/blob/c5f7158154602d23b0750d4304c73e2aead8df5b/pkg/gui/controllers/global_controller.go#L164
pkg/gui/controllers/global_controller.go,168,func (self *GlobalController) refresh() error {,pending,https://github.com/jesseduffield/lazygit/blob/c5f7158154602d23b0750d4304c73e2aead8df5b/pkg/gui/controllers/global_controller.go#L168
pkg/gui/controllers/global_controller.go,173,func (self *GlobalController) nextScreenMode() error {,pending,https://github.com/jesseduffield/lazygit/blob/c5f7158154602d23b0750d4304c73e2aead8df5b/pkg/gui/controllers/global_controller.go#L173
pkg/gui/controllers/global_controller.go,177,func (self *GlobalController) prevScreenMode() error {,pending,https://github.com/jesseduffield/lazygit/blob/c5f7158154602d23b0750d4304c73e2aead8df5b/pkg/gui/controllers/global_controller.go#L177
pkg/gui/controllers/global_controller.go,181,func (self *GlobalController) cycleDiffRenderers() error {,pending,https://github.com/jesseduffield/lazygit/blob/c5f7158154602d23b0750d4304c73e2aead8df5b/pkg/gui/controllers/global_controller.go#L181
pkg/gui/controllers/global_controller.go,187,func (self *GlobalController) cycleDiffRenderersBackward() error {,pending,https://github.com/jesseduffield/lazygit/blob/c5f7158154602d23b0750d4304c73e2aead8df5b/pkg/gui/controllers/global_controller.go#L187
pkg/gui/controllers/global_controller.go,195,func (self *GlobalController) onDiffRenderersChanged() {,pending,https://github.com/jesseduffield/lazygit/blob/c5f7158154602d23b0750d4304c73e2aead8df5b/pkg/gui/controllers/global_controller.go#L195
pkg/gui/controllers/global_controller.go,208,func (self *GlobalController) canCycleDiffRenderers() *types.DisabledReason {,pending,https://github.com/jesseduffield/lazygit/blob/c5f7158154602d23b0750d4304c73e2aead8df5b/pkg/gui/controllers/global_controller.go#L208
pkg/gui/controllers/global_controller.go,222,func (self *GlobalController) jumpToFileInDiff() error {,pending,https://github.com/jesseduffield/lazygit/blob/c5f7158154602d23b0750d4304c73e2aead8df5b/pkg/gui/controllers/global_controller.go#L222
pkg/gui/controllers/global_controller.go,242,func (self *GlobalController) jumpToFileInDiffDescription() string {,pending,https://github.com/jesseduffield/lazygit/blob/c5f7158154602d23b0750d4304c73e2aead8df5b/pkg/gui/controllers/global_controller.go#L242
pkg/gui/controllers/global_controller.go,258,func (self *GlobalController) diffPane() *context.MainContext {,pending,https://github.com/jesseduffield/lazygit/blob/c5f7158154602d23b0750d4304c73e2aead8df5b/pkg/gui/controllers/global_controller.go#L258
pkg/gui/controllers/global_controller.go,270,func (self *GlobalController) createOptionsMenu() error {,pending,https://github.com/jesseduffield/lazygit/blob/c5f7158154602d23b0750d4304c73e2aead8df5b/pkg/gui/controllers/global_controller.go#L270
pkg/gui/controllers/global_controller.go,274,func (self *GlobalController) optionsMenuDisabledReason() *types.DisabledReason {,pending,https://github.com/jesseduffield/lazygit/blob/c5f7158154602d23b0750d4304c73e2aead8df5b/pkg/gui/controllers/global_controller.go#L274
pkg/gui/controllers/global_controller.go,285,func (self *GlobalController) createFilteringMenu() error {,pending,https://github.com/jesseduffield/lazygit/blob/c5f7158154602d23b0750d4304c73e2aead8df5b/pkg/gui/controllers/global_controller.go#L285
pkg/gui/controllers/global_controller.go,289,func (self *GlobalController) createDiffingMenu() error {,pending,https://github.com/jesseduffield/lazygit/blob/c5f7158154602d23b0750d4304c73e2aead8df5b/pkg/gui/controllers/global_controller.go#L289
pkg/gui/controllers/global_controller.go,293,func (self *GlobalController) quit() error {,pending,https://github.com/jesseduffield/lazygit/blob/c5f7158154602d23b0750d4304c73e2aead8df5b/pkg/gui/controllers/global_controller.go#L293
pkg/gui/controllers/global_controller.go,297,func (self *GlobalController) quitWithoutChangingDirectory() error {,pending,https://github.com/jesseduffield/lazygit/blob/c5f7158154602d23b0750d4304c73e2aead8df5b/pkg/gui/controllers/global_controller.go#L297
pkg/gui/controllers/global_controller.go,301,func (self *GlobalController) escape() error {,pending,https://github.com/jesseduffield/lazygit/blob/c5f7158154602d23b0750d4304c73e2aead8df5b/pkg/gui/controllers/global_controller.go#L301
pkg/gui/controllers/global_controller.go,305,func (self *GlobalController) escapeDescription() string {,pending,https://github.com/jesseduffield/lazygit/blob/c5f7158154602d23b0750d4304c73e2aead8df5b/pkg/gui/controllers/global_controller.go#L305
pkg/gui/controllers/global_controller.go,309,func (self *GlobalController) escapeEnabled() *types.DisabledReason {,pending,https://github.com/jesseduffield/lazygit/blob/c5f7158154602d23b0750d4304c73e2aead8df5b/pkg/gui/controllers/global_controller.go#L309
pkg/gui/controllers/global_controller.go,319,func (self *GlobalController) toggleWhitespace() error {,pending,https://github.com/jesseduffield/lazygit/blob/c5f7158154602d23b0750d4304c73e2aead8df5b/pkg/gui/controllers/global_controller.go#L319
pkg/gui/controllers/global_controller.go,323,func (self *GlobalController) editConfig() error {,pending,https://github.com/jesseduffield/lazygit/blob/c5f7158154602d23b0750d4304c73e2aead8df5b/pkg/gui/controllers/global_controller.go#L323
pkg/gui/controllers/global_controller.go,327,func (self *GlobalController) canShowRebaseOptions() *types.DisabledReason {,pending,https://github.com/jesseduffield/lazygit/blob/c5f7158154602d23b0750d4304c73e2aead8df5b/pkg/gui/controllers/global_controller.go#L327
pkg/gui/controllers/helpers/amend_helper.go,10,func NewAmendHelper(,pending,https://github.com/jesseduffield/lazygit/blob/c5f7158154602d23b0750d4304c73e2aead8df5b/pkg/gui/controllers/helpers/amend_helper.go#L10
pkg/gui/controllers/helpers/amend_helper.go,20,func (self *AmendHelper) AmendHead() error {,pending,https://github.com/jesseduffield/lazygit/blob/c5f7158154602d23b0750d4304c73e2aead8df5b/pkg/gui/controllers/helpers/amend_helper.go#L20
pkg/gui/controllers/helpers/app_status_helper.go,19,"func NewAppStatusHelper(c *HelperCommon, statusMgr func() *status.StatusManager, modeHelper *ModeHelper) *AppStatusHelper {",pending,https://github.com/jesseduffield/lazygit/blob/c5f7158154602d23b0750d4304c73e2aead8df5b/pkg/gui/controllers/helpers/app_status_helper.go#L19
pkg/gui/controllers/helpers/app_status_helper.go,27,"func (self *AppStatusHelper) Toast(message string, kind types.ToastKind) {",pending,https://github.com/jesseduffield/lazygit/blob/c5f7158154602d23b0750d4304c73e2aead8df5b/pkg/gui/controllers/helpers/app_status_helper.go#L27
pkg/gui/controllers/helpers/app_status_helper.go,51,func (self appStatusHelperTask) Pause() {,pending,https://github.com/jesseduffield/lazygit/blob/c5f7158154602d23b0750d4304c73e2aead8df5b/pkg/gui/controllers/helpers/app_status_helper.go#L51
pkg/gui/controllers/helpers/app_status_helper.go,56,func (self appStatusHelperTask) Continue() {,pending,https://github.com/jesseduffield/lazygit/blob/c5f7158154602d23b0750d4304c73e2aead8df5b/pkg/gui/controllers/helpers/app_status_helper.go#L56
pkg/gui/controllers/helpers/app_status_helper.go,62,"func (self *AppStatusHelper) WithWaitingStatus(message string, f func(gocui.Task) error) {",pending,https://github.com/jesseduffield/lazygit/blob/c5f7158154602d23b0750d4304c73e2aead8df5b/pkg/gui/controllers/helpers/app_status_helper.go#L62
pkg/gui/controllers/helpers/app_status_helper.go,72,"func (self *AppStatusHelper) WithWaitingStatusImpl(message string, f func(gocui.Task) error, task gocui.Task) error {",pending,https://github.com/jesseduffield/lazygit/blob/c5f7158154602d23b0750d4304c73e2aead8df5b/pkg/gui/controllers/helpers/app_status_helper.go#L72
pkg/gui/controllers/helpers/app_status_helper.go,96,"func (self *AppStatusHelper) WithWaitingStatusBlockingInput(opts types.WaitingStatusOpts, f func(gocui.Task) error) {",pending,https://github.com/jesseduffield/lazygit/blob/c5f7158154602d23b0750d4304c73e2aead8df5b/pkg/gui/controllers/helpers/app_status_helper.go#L96
pkg/gui/controllers/helpers/app_status_helper.go,113,func (self *AppStatusHelper) endBlockingInput(hideWorkingTreeState bool) {,pending,https://github.com/jesseduffield/lazygit/blob/c5f7158154602d23b0750d4304c73e2aead8df5b/pkg/gui/controllers/helpers/app_status_helper.go#L113
pkg/gui/controllers/helpers/app_status_helper.go,123,func (self *AppStatusHelper) HasStatus() bool {,pending,https://github.com/jesseduffield/lazygit/blob/c5f7158154602d23b0750d4304c73e2aead8df5b/pkg/gui/controllers/helpers/app_status_helper.go#L123
pkg/gui/controllers/helpers/app_status_helper.go,127,func (self *AppStatusHelper) GetStatusString() string {,pending,https://github.com/jesseduffield/lazygit/blob/c5f7158154602d23b0750d4304c73e2aead8df5b/pkg/gui/controllers/helpers/app_status_helper.go#L127
pkg/gui/controllers/helpers/app_status_helper.go,143,func (self *AppStatusHelper) renderAppStatus() {,pending,https://github.com/jesseduffield/lazygit/blob/c5f7158154602d23b0750d4304c73e2aead8df5b/pkg/gui/controllers/helpers/app_status_helper.go#L143
pkg/gui/controllers/helpers/bisect_helper.go,11,func NewBisectHelper(c *HelperCommon) *BisectHelper {,pending,https://github.com/jesseduffield/lazygit/blob/c5f7158154602d23b0750d4304c73e2aead8df5b/pkg/gui/controllers/helpers/bisect_helper.go#L11
pkg/gui/controllers/helpers/bisect_helper.go,15,func (self *BisectHelper) Reset() error {,pending,https://github.com/jesseduffield/lazygit/blob/c5f7158154602d23b0750d4304c73e2aead8df5b/pkg/gui/controllers/helpers/bisect_helper.go#L15
pkg/gui/controllers/helpers/bisect_helper.go,33,func (self *BisectHelper) PostBisectCommandRefresh() {,pending,https://github.com/jesseduffield/lazygit/blob/c5f7158154602d23b0750d4304c73e2aead8df5b/pkg/gui/controllers/helpers/bisect_helper.go#L33
pkg/gui/controllers/helpers/branch_stack.go,16,func BranchesBelowInStack(,pending,https://github.com/jesseduffield/lazygit/blob/c5f7158154602d23b0750d4304c73e2aead8df5b/pkg/gui/controllers/helpers/branch_stack.go#L16
pkg/gui/controllers/helpers/branches_helper.go,23,"func NewBranchesHelper(c *HelperCommon, worktreeHelper *WorktreeHelper) *BranchesHelper {",pending,https://github.com/jesseduffield/lazygit/blob/c5f7158154602d23b0750d4304c73e2aead8df5b/pkg/gui/controllers/helpers/branches_helper.go#L23
pkg/gui/controllers/helpers/branches_helper.go,30,func (self *BranchesHelper) ConfirmLocalDelete(branches []*models.Branch) error {,pending,https://github.com/jesseduffield/lazygit/blob/c5f7158154602d23b0750d4304c73e2aead8df5b/pkg/gui/controllers/helpers/branches_helper.go#L30
pkg/gui/controllers/helpers/branches_helper.go,60,"func (self *BranchesHelper) ConfirmDeleteRemote(remoteBranches []*models.RemoteBranch, resetRemoteBranchesSelection bool) error {",pending,https://github.com/jesseduffield/lazygit/blob/c5f7158154602d23b0750d4304c73e2aead8df5b/pkg/gui/controllers/helpers/branches_helper.go#L60
pkg/gui/controllers/helpers/branches_helper.go,107,func (self *BranchesHelper) ConfirmLocalAndRemoteDelete(branches []*models.Branch) error {,pending,https://github.com/jesseduffield/lazygit/blob/c5f7158154602d23b0750d4304c73e2aead8df5b/pkg/gui/controllers/helpers/branches_helper.go#L107
pkg/gui/controllers/helpers/branches_helper.go,175,func ShortBranchName(fullBranchName string) string {,pending,https://github.com/jesseduffield/lazygit/blob/c5f7158154602d23b0750d4304c73e2aead8df5b/pkg/gui/controllers/helpers/branches_helper.go#L175
pkg/gui/controllers/helpers/branches_helper.go,179,func (self *BranchesHelper) checkedOutByOtherWorktree(branch *models.Branch) bool {,pending,https://github.com/jesseduffield/lazygit/blob/c5f7158154602d23b0750d4304c73e2aead8df5b/pkg/gui/controllers/helpers/branches_helper.go#L179
pkg/gui/controllers/helpers/branches_helper.go,183,"func (self *BranchesHelper) worktreeForBranch(branch *models.Branch) (*models.Worktree, bool) {",pending,https://github.com/jesseduffield/lazygit/blob/c5f7158154602d23b0750d4304c73e2aead8df5b/pkg/gui/controllers/helpers/branches_helper.go#L183
pkg/gui/controllers/helpers/branches_helper.go,192,func (self *BranchesHelper) promptWorktreeBranchDelete(,pending,https://github.com/jesseduffield/lazygit/blob/c5f7158154602d23b0750d4304c73e2aead8df5b/pkg/gui/controllers/helpers/branches_helper.go#L192
pkg/gui/controllers/helpers/branches_helper.go,238,func (self *BranchesHelper) RemoveWorktreeAndDeleteBranch(,pending,https://github.com/jesseduffield/lazygit/blob/c5f7158154602d23b0750d4304c73e2aead8df5b/pkg/gui/controllers/helpers/branches_helper.go#L238
pkg/gui/controllers/helpers/branches_helper.go,248,func (self *BranchesHelper) RemoveWorktreeAndDeleteBothBranches(,pending,https://github.com/jesseduffield/lazygit/blob/c5f7158154602d23b0750d4304c73e2aead8df5b/pkg/gui/controllers/helpers/branches_helper.go#L248
pkg/gui/controllers/helpers/branches_helper.go,256,func (self *BranchesHelper) removeWorktreeAndDelete(,pending,https://github.com/jesseduffield/lazygit/blob/c5f7158154602d23b0750d4304c73e2aead8df5b/pkg/gui/controllers/helpers/branches_helper.go#L256
pkg/gui/controllers/helpers/branches_helper.go,267,"func (self *BranchesHelper) confirmForceIfUnmerged(branches []*models.Branch, onConfirm func() error) error {",pending,https://github.com/jesseduffield/lazygit/blob/c5f7158154602d23b0750d4304c73e2aead8df5b/pkg/gui/controllers/helpers/branches_helper.go#L267
pkg/gui/controllers/helpers/branches_helper.go,297,func (self *BranchesHelper) doDeleteLocalBranches(branches []*models.Branch) error {,pending,https://github.com/jesseduffield/lazygit/blob/c5f7158154602d23b0750d4304c73e2aead8df5b/pkg/gui/controllers/helpers/branches_helper.go#L297
pkg/gui/controllers/helpers/branches_helper.go,304,"func (self *BranchesHelper) doDeleteLocalAndRemoteBranches(task gocui.Task, branches []*models.Branch) error {",pending,https://github.com/jesseduffield/lazygit/blob/c5f7158154602d23b0750d4304c73e2aead8df5b/pkg/gui/controllers/helpers/branches_helper.go#L304
pkg/gui/controllers/helpers/branches_helper.go,319,func (self *BranchesHelper) deleteLocalBranchesContinuation(branches []*models.Branch) func(gocui.Task) error {,pending,https://github.com/jesseduffield/lazygit/blob/c5f7158154602d23b0750d4304c73e2aead8df5b/pkg/gui/controllers/helpers/branches_helper.go#L319
pkg/gui/controllers/helpers/branches_helper.go,339,func (self *BranchesHelper) deleteLocalAndRemoteBranchesContinuation(branches []*models.Branch) func(gocui.Task) error {,pending,https://github.com/jesseduffield/lazygit/blob/c5f7158154602d23b0750d4304c73e2aead8df5b/pkg/gui/controllers/helpers/branches_helper.go#L339
pkg/gui/controllers/helpers/branches_helper.go,356,"func (self *BranchesHelper) allBranchesMerged(branches []*models.Branch) (bool, error) {",pending,https://github.com/jesseduffield/lazygit/blob/c5f7158154602d23b0750d4304c73e2aead8df5b/pkg/gui/controllers/helpers/branches_helper.go#L356
pkg/gui/controllers/helpers/branches_helper.go,371,func (self *BranchesHelper) logBranchHashes(branches []*models.Branch) {,pending,https://github.com/jesseduffield/lazygit/blob/c5f7158154602d23b0750d4304c73e2aead8df5b/pkg/gui/controllers/helpers/branches_helper.go#L371
pkg/gui/controllers/helpers/branches_helper.go,385,"func (self *BranchesHelper) deleteRemoteBranches(remoteBranches []*models.RemoteBranch, task gocui.Task) error {",pending,https://github.com/jesseduffield/lazygit/blob/c5f7158154602d23b0750d4304c73e2aead8df5b/pkg/gui/controllers/helpers/branches_helper.go#L385
pkg/gui/controllers/helpers/branches_helper.go,401,"func (self *BranchesHelper) PostFetchRefresh(fetchErr error, background bool, fetchGeneration int) error {",pending,https://github.com/jesseduffield/lazygit/blob/c5f7158154602d23b0750d4304c73e2aead8df5b/pkg/gui/controllers/helpers/branches_helper.go#L401
pkg/gui/controllers/helpers/branches_helper.go,446,func (self *BranchesHelper) FastForwardBranches(branches []*models.Branch) error {,pending,https://github.com/jesseduffield/lazygit/blob/c5f7158154602d23b0750d4304c73e2aead8df5b/pkg/gui/controllers/helpers/branches_helper.go#L446
pkg/gui/controllers/helpers/branches_helper.go,458,"func (self *BranchesHelper) PrepareFastForward(branches []*models.Branch) (func(gocui.Task) error, error) {",pending,https://github.com/jesseduffield/lazygit/blob/c5f7158154602d23b0750d4304c73e2aead8df5b/pkg/gui/controllers/helpers/branches_helper.go#L458
pkg/gui/controllers/helpers/branches_helper.go,506,"func (self *BranchesHelper) WithInlineStatusOnBranches(branches []*models.Branch, operation types.ItemOperation, f func(gocui.Task) error) error {",pending,https://github.com/jesseduffield/lazygit/blob/c5f7158154602d23b0750d4304c73e2aead8df5b/pkg/gui/controllers/helpers/branches_helper.go#L506
pkg/gui/controllers/helpers/branches_helper.go,510,"func (self *BranchesHelper) fetchUpstreamBranches(task gocui.Task, branches []*models.Branch) error {",pending,https://github.com/jesseduffield/lazygit/blob/c5f7158154602d23b0750d4304c73e2aead8df5b/pkg/gui/controllers/helpers/branches_helper.go#L510
pkg/gui/controllers/helpers/branches_helper.go,533,func (self *BranchesHelper) planForwardingBranch(f *branchToForward) error {,pending,https://github.com/jesseduffield/lazygit/blob/c5f7158154602d23b0750d4304c73e2aead8df5b/pkg/gui/controllers/helpers/branches_helper.go#L533
pkg/gui/controllers/helpers/branches_helper.go,575,"func (self *BranchesHelper) forwardBranches(git *commands.GitCommand, toForward []*branchToForward) error {",pending,https://github.com/jesseduffield/lazygit/blob/c5f7158154602d23b0750d4304c73e2aead8df5b/pkg/gui/controllers/helpers/branches_helper.go#L575
pkg/gui/controllers/helpers/branches_helper.go,622,"func (self *BranchesHelper) worktreeArgs(worktree *models.Worktree) (string, string) {",pending,https://github.com/jesseduffield/lazygit/blob/c5f7158154602d23b0750d4304c73e2aead8df5b/pkg/gui/controllers/helpers/branches_helper.go#L622
pkg/gui/controllers/helpers/branches_helper.go,632,func (self *BranchesHelper) AutoForwardBranches(background bool) {,pending,https://github.com/jesseduffield/lazygit/blob/c5f7158154602d23b0750d4304c73e2aead8df5b/pkg/gui/controllers/helpers/branches_helper.go#L632
pkg/gui/controllers/helpers/cherry_pick_helper.go,23,func NewCherryPickHelper(,pending,https://github.com/jesseduffield/lazygit/blob/c5f7158154602d23b0750d4304c73e2aead8df5b/pkg/gui/controllers/helpers/cherry_pick_helper.go#L23
pkg/gui/controllers/helpers/cherry_pick_helper.go,33,func (self *CherryPickHelper) getData() *cherrypicking.CherryPicking {,pending,https://github.com/jesseduffield/lazygit/blob/c5f7158154602d23b0750d4304c73e2aead8df5b/pkg/gui/controllers/helpers/cherry_pick_helper.go#L33
pkg/gui/controllers/helpers/cherry_pick_helper.go,37,"func (self *CherryPickHelper) CopyRange(commitsList []*models.Commit, context types.IListContext) error {",pending,https://github.com/jesseduffield/lazygit/blob/c5f7158154602d23b0750d4304c73e2aead8df5b/pkg/gui/controllers/helpers/cherry_pick_helper.go#L37
pkg/gui/controllers/helpers/cherry_pick_helper.go,77,func (self *CherryPickHelper) Paste() error {,pending,https://github.com/jesseduffield/lazygit/blob/c5f7158154602d23b0750d4304c73e2aead8df5b/pkg/gui/controllers/helpers/cherry_pick_helper.go#L77
pkg/gui/controllers/helpers/cherry_pick_helper.go,142,func (self *CherryPickHelper) CanPaste() bool {,pending,https://github.com/jesseduffield/lazygit/blob/c5f7158154602d23b0750d4304c73e2aead8df5b/pkg/gui/controllers/helpers/cherry_pick_helper.go#L142
pkg/gui/controllers/helpers/cherry_pick_helper.go,146,func (self *CherryPickHelper) Reset() error {,pending,https://github.com/jesseduffield/lazygit/blob/c5f7158154602d23b0750d4304c73e2aead8df5b/pkg/gui/controllers/helpers/cherry_pick_helper.go#L146
pkg/gui/controllers/helpers/cherry_pick_helper.go,155,func (self *CherryPickHelper) resetIfNecessary(context types.Context) error {,pending,https://github.com/jesseduffield/lazygit/blob/c5f7158154602d23b0750d4304c73e2aead8df5b/pkg/gui/controllers/helpers/cherry_pick_helper.go#L155
pkg/gui/controllers/helpers/cherry_pick_helper.go,167,func (self *CherryPickHelper) rerender() {,pending,https://github.com/jesseduffield/lazygit/blob/c5f7158154602d23b0750d4304c73e2aead8df5b/pkg/gui/controllers/helpers/cherry_pick_helper.go#L167
pkg/gui/controllers/helpers/commits_helper.go,25,func NewCommitsHelper(,pending,https://github.com/jesseduffield/lazygit/blob/c5f7158154602d23b0750d4304c73e2aead8df5b/pkg/gui/controllers/helpers/commits_helper.go#L25
pkg/gui/controllers/helpers/commits_helper.go,45,"func (self *CommitsHelper) SplitCommitMessageAndDescription(message string) (string, string) {",pending,https://github.com/jesseduffield/lazygit/blob/c5f7158154602d23b0750d4304c73e2aead8df5b/pkg/gui/controllers/helpers/commits_helper.go#L45
pkg/gui/controllers/helpers/commits_helper.go,55,"func (self *CommitsHelper) SplitPreservedCommitMessage(message string) (string, string) {",pending,https://github.com/jesseduffield/lazygit/blob/c5f7158154602d23b0750d4304c73e2aead8df5b/pkg/gui/controllers/helpers/commits_helper.go#L55
pkg/gui/controllers/helpers/commits_helper.go,60,func (self *CommitsHelper) SetMessageAndDescriptionInView(message string) {,pending,https://github.com/jesseduffield/lazygit/blob/c5f7158154602d23b0750d4304c73e2aead8df5b/pkg/gui/controllers/helpers/commits_helper.go#L60
pkg/gui/controllers/helpers/commits_helper.go,65,func (self *CommitsHelper) SetPreservedMessageInView(message string) {,pending,https://github.com/jesseduffield/lazygit/blob/c5f7158154602d23b0750d4304c73e2aead8df5b/pkg/gui/controllers/helpers/commits_helper.go#L65
pkg/gui/controllers/helpers/commits_helper.go,70,"func (self *CommitsHelper) setSummaryAndDescriptionInView(summary, description string) {",pending,https://github.com/jesseduffield/lazygit/blob/c5f7158154602d23b0750d4304c73e2aead8df5b/pkg/gui/controllers/helpers/commits_helper.go#L70
pkg/gui/controllers/helpers/commits_helper.go,76,func (self *CommitsHelper) JoinCommitMessageAndUnwrappedDescription() string {,pending,https://github.com/jesseduffield/lazygit/blob/c5f7158154602d23b0750d4304c73e2aead8df5b/pkg/gui/controllers/helpers/commits_helper.go#L76
pkg/gui/controllers/helpers/commits_helper.go,83,"func TryRemoveHardLineBreaks(message string, autoWrapWidth int) string {",pending,https://github.com/jesseduffield/lazygit/blob/c5f7158154602d23b0750d4304c73e2aead8df5b/pkg/gui/controllers/helpers/commits_helper.go#L83
pkg/gui/controllers/helpers/commits_helper.go,105,func (self *CommitsHelper) SwitchToEditor() error {,pending,https://github.com/jesseduffield/lazygit/blob/c5f7158154602d23b0750d4304c73e2aead8df5b/pkg/gui/controllers/helpers/commits_helper.go#L105
pkg/gui/controllers/helpers/commits_helper.go,138,func (self *CommitsHelper) OpenCommitMessagePanel(opts *OpenCommitMessagePanelOpts) {,pending,https://github.com/jesseduffield/lazygit/blob/c5f7158154602d23b0750d4304c73e2aead8df5b/pkg/gui/controllers/helpers/commits_helper.go#L138
pkg/gui/controllers/helpers/commits_helper.go,178,func (self *CommitsHelper) ClearPreservedCommitMessage() {,pending,https://github.com/jesseduffield/lazygit/blob/c5f7158154602d23b0750d4304c73e2aead8df5b/pkg/gui/controllers/helpers/commits_helper.go#L178
pkg/gui/controllers/helpers/commits_helper.go,182,func (self *CommitsHelper) HandleCommitConfirm() error {,pending,https://github.com/jesseduffield/lazygit/blob/c5f7158154602d23b0750d4304c73e2aead8df5b/pkg/gui/controllers/helpers/commits_helper.go#L182
pkg/gui/controllers/helpers/commits_helper.go,197,func (self *CommitsHelper) PreserveCommitMessage() {,pending,https://github.com/jesseduffield/lazygit/blob/c5f7158154602d23b0750d4304c73e2aead8df5b/pkg/gui/controllers/helpers/commits_helper.go#L197
pkg/gui/controllers/helpers/commits_helper.go,206,func (self *CommitsHelper) CloseCommitMessagePanel() {,pending,https://github.com/jesseduffield/lazygit/blob/c5f7158154602d23b0750d4304c73e2aead8df5b/pkg/gui/controllers/helpers/commits_helper.go#L206
pkg/gui/controllers/helpers/commits_helper.go,217,func (self *CommitsHelper) OpenCommitMenu(suggestionFunc func(string) []*types.Suggestion) error {,pending,https://github.com/jesseduffield/lazygit/blob/c5f7158154602d23b0750d4304c73e2aead8df5b/pkg/gui/controllers/helpers/commits_helper.go#L217
pkg/gui/controllers/helpers/commits_helper.go,255,func (self *CommitsHelper) addCoAuthor(suggestionFunc func(string) []*types.Suggestion) error {,pending,https://github.com/jesseduffield/lazygit/blob/c5f7158154602d23b0750d4304c73e2aead8df5b/pkg/gui/controllers/helpers/commits_helper.go#L255
pkg/gui/controllers/helpers/commits_helper.go,270,func (self *CommitsHelper) pasteCommitMessageFromClipboard() error {,pending,https://github.com/jesseduffield/lazygit/blob/c5f7158154602d23b0750d4304c73e2aead8df5b/pkg/gui/controllers/helpers/commits_helper.go#L270
pkg/gui/controllers/helpers/confirmation_helper.go,19,func NewConfirmationHelper(c *HelperCommon) *ConfirmationHelper {,pending,https://github.com/jesseduffield/lazygit/blob/c5f7158154602d23b0750d4304c73e2aead8df5b/pkg/gui/controllers/helpers/confirmation_helper.go#L19
pkg/gui/controllers/helpers/confirmation_helper.go,28,"func (self *ConfirmationHelper) closeAndCallConfirmationFunction(cancel goContext.CancelFunc, function func() error) error {",pending,https://github.com/jesseduffield/lazygit/blob/c5f7158154602d23b0750d4304c73e2aead8df5b/pkg/gui/controllers/helpers/confirmation_helper.go#L28
pkg/gui/controllers/helpers/confirmation_helper.go,42,"func (self *ConfirmationHelper) wrappedConfirmationFunction(cancel goContext.CancelFunc, function func() error) func() error {",pending,https://github.com/jesseduffield/lazygit/blob/c5f7158154602d23b0750d4304c73e2aead8df5b/pkg/gui/controllers/helpers/confirmation_helper.go#L42
pkg/gui/controllers/helpers/confirmation_helper.go,48,func (self *ConfirmationHelper) wrappedPromptConfirmationFunction(,pending,https://github.com/jesseduffield/lazygit/blob/c5f7158154602d23b0750d4304c73e2aead8df5b/pkg/gui/controllers/helpers/confirmation_helper.go#L48
pkg/gui/controllers/helpers/confirmation_helper.go,80,func (self *ConfirmationHelper) DeactivateConfirmation() {,pending,https://github.com/jesseduffield/lazygit/blob/c5f7158154602d23b0750d4304c73e2aead8df5b/pkg/gui/controllers/helpers/confirmation_helper.go#L80
pkg/gui/controllers/helpers/confirmation_helper.go,88,func (self *ConfirmationHelper) DeactivatePrompt() {,pending,https://github.com/jesseduffield/lazygit/blob/c5f7158154602d23b0750d4304c73e2aead8df5b/pkg/gui/controllers/helpers/confirmation_helper.go#L88
pkg/gui/controllers/helpers/confirmation_helper.go,97,"func getMessageHeight(wrap bool, editable bool, message string, width int, tabWidth int) int {",pending,https://github.com/jesseduffield/lazygit/blob/c5f7158154602d23b0750d4304c73e2aead8df5b/pkg/gui/controllers/helpers/confirmation_helper.go#L97
pkg/gui/controllers/helpers/confirmation_helper.go,102,"func (self *ConfirmationHelper) getPopupPanelDimensionsForContentHeight(contentWidth, contentHeight int, parentPopupContext types.Context) (int, int, int, int) {",pending,https://github.com/jesseduffield/lazygit/blob/c5f7158154602d23b0750d4304c73e2aead8df5b/pkg/gui/controllers/helpers/confirmation_helper.go#L102
pkg/gui/controllers/helpers/confirmation_helper.go,106,"func (self *ConfirmationHelper) getPopupPanelDimensionsAux(contentWidth int, contentHeight int, parentPopupContext types.Context) (int, int, int, int) {",pending,https://github.com/jesseduffield/lazygit/blob/c5f7158154602d23b0750d4304c73e2aead8df5b/pkg/gui/controllers/helpers/confirmation_helper.go#L106
pkg/gui/controllers/helpers/confirmation_helper.go,142,func (self *ConfirmationHelper) getPopupPanelWidth(requestedWidth int) int {,pending,https://github.com/jesseduffield/lazygit/blob/c5f7158154602d23b0750d4304c73e2aead8df5b/pkg/gui/controllers/helpers/confirmation_helper.go#L142
pkg/gui/controllers/helpers/confirmation_helper.go,153,func (self *ConfirmationHelper) prepareConfirmationPanel(,pending,https://github.com/jesseduffield/lazygit/blob/c5f7158154602d23b0750d4304c73e2aead8df5b/pkg/gui/controllers/helpers/confirmation_helper.go#L153
pkg/gui/controllers/helpers/confirmation_helper.go,163,func (self *ConfirmationHelper) preparePromptPanel(,pending,https://github.com/jesseduffield/lazygit/blob/c5f7158154602d23b0750d4304c73e2aead8df5b/pkg/gui/controllers/helpers/confirmation_helper.go#L163
pkg/gui/controllers/helpers/confirmation_helper.go,189,func characterForMask(mask bool) string {,pending,https://github.com/jesseduffield/lazygit/blob/c5f7158154602d23b0750d4304c73e2aead8df5b/pkg/gui/controllers/helpers/confirmation_helper.go#L189
pkg/gui/controllers/helpers/confirmation_helper.go,196,"func (self *ConfirmationHelper) CreatePopupPanel(ctx goContext.Context, opts types.CreatePopupPanelOpts) {",pending,https://github.com/jesseduffield/lazygit/blob/c5f7158154602d23b0750d4304c73e2aead8df5b/pkg/gui/controllers/helpers/confirmation_helper.go#L196
pkg/gui/controllers/helpers/confirmation_helper.go,254,"func (self *ConfirmationHelper) setConfirmationKeyBindings(cancel goContext.CancelFunc, opts types.CreatePopupPanelOpts) {",pending,https://github.com/jesseduffield/lazygit/blob/c5f7158154602d23b0750d4304c73e2aead8df5b/pkg/gui/controllers/helpers/confirmation_helper.go#L254
pkg/gui/controllers/helpers/confirmation_helper.go,262,"func (self *ConfirmationHelper) setPromptKeyBindings(cancel goContext.CancelFunc, opts types.CreatePopupPanelOpts) {",pending,https://github.com/jesseduffield/lazygit/blob/c5f7158154602d23b0750d4304c73e2aead8df5b/pkg/gui/controllers/helpers/confirmation_helper.go#L262
pkg/gui/controllers/helpers/confirmation_helper.go,293,func (self *ConfirmationHelper) clearConfirmationViewKeyBindings() {,pending,https://github.com/jesseduffield/lazygit/blob/c5f7158154602d23b0750d4304c73e2aead8df5b/pkg/gui/controllers/helpers/confirmation_helper.go#L293
pkg/gui/controllers/helpers/confirmation_helper.go,299,func (self *ConfirmationHelper) clearPromptViewKeyBindings() {,pending,https://github.com/jesseduffield/lazygit/blob/c5f7158154602d23b0750d4304c73e2aead8df5b/pkg/gui/controllers/helpers/confirmation_helper.go#L299
pkg/gui/controllers/helpers/confirmation_helper.go,308,func (self *ConfirmationHelper) getSelectedSuggestionValue() string {,pending,https://github.com/jesseduffield/lazygit/blob/c5f7158154602d23b0750d4304c73e2aead8df5b/pkg/gui/controllers/helpers/confirmation_helper.go#L308
pkg/gui/controllers/helpers/confirmation_helper.go,318,func (self *ConfirmationHelper) ResizeCurrentPopupPanels() {,pending,https://github.com/jesseduffield/lazygit/blob/c5f7158154602d23b0750d4304c73e2aead8df5b/pkg/gui/controllers/helpers/confirmation_helper.go#L318
pkg/gui/controllers/helpers/confirmation_helper.go,347,func (self *ConfirmationHelper) menuFilterPromptCandidates() []string {,pending,https://github.com/jesseduffield/lazygit/blob/c5f7158154602d23b0750d4304c73e2aead8df5b/pkg/gui/controllers/helpers/confirmation_helper.go#L347
pkg/gui/controllers/helpers/confirmation_helper.go,357,"func menuFilterPrompt(candidates []string, contentWidth int) string {",pending,https://github.com/jesseduffield/lazygit/blob/c5f7158154602d23b0750d4304c73e2aead8df5b/pkg/gui/controllers/helpers/confirmation_helper.go#L357
pkg/gui/controllers/helpers/confirmation_helper.go,369,func (self *ConfirmationHelper) resizeMenu(parentPopupContext types.Context) {,pending,https://github.com/jesseduffield/lazygit/blob/c5f7158154602d23b0750d4304c73e2aead8df5b/pkg/gui/controllers/helpers/confirmation_helper.go#L369
pkg/gui/controllers/helpers/confirmation_helper.go,415,func (self *ConfirmationHelper) layoutMenuPrompt(contentWidth int) int {,pending,https://github.com/jesseduffield/lazygit/blob/c5f7158154602d23b0750d4304c73e2aead8df5b/pkg/gui/controllers/helpers/confirmation_helper.go#L415
pkg/gui/controllers/helpers/confirmation_helper.go,442,func (self *ConfirmationHelper) resizeConfirmationPanel(parentPopupContext types.Context) {,pending,https://github.com/jesseduffield/lazygit/blob/c5f7158154602d23b0750d4304c73e2aead8df5b/pkg/gui/controllers/helpers/confirmation_helper.go#L442
pkg/gui/controllers/helpers/confirmation_helper.go,452,func (self *ConfirmationHelper) resizePromptPanel(parentPopupContext types.Context) {,pending,https://github.com/jesseduffield/lazygit/blob/c5f7158154602d23b0750d4304c73e2aead8df5b/pkg/gui/controllers/helpers/confirmation_helper.go#L452
pkg/gui/controllers/helpers/confirmation_helper.go,470,func (self *ConfirmationHelper) ResizeCommitMessagePanels(parentPopupContext types.Context) {,pending,https://github.com/jesseduffield/lazygit/blob/c5f7158154602d23b0750d4304c73e2aead8df5b/pkg/gui/controllers/helpers/confirmation_helper.go#L470
pkg/gui/controllers/helpers/confirmation_helper.go,494,func (self *ConfirmationHelper) IsPopupPanel(context types.Context) bool {,pending,https://github.com/jesseduffield/lazygit/blob/c5f7158154602d23b0750d4304c73e2aead8df5b/pkg/gui/controllers/helpers/confirmation_helper.go#L494
pkg/gui/controllers/helpers/confirmation_helper.go,498,func (self *ConfirmationHelper) IsPopupPanelFocused() bool {,pending,https://github.com/jesseduffield/lazygit/blob/c5f7158154602d23b0750d4304c73e2aead8df5b/pkg/gui/controllers/helpers/confirmation_helper.go#L498
pkg/gui/controllers/helpers/confirmation_helper.go,502,func (self *ConfirmationHelper) TooltipForMenuItem(menuItem *types.MenuItem) string {,pending,https://github.com/jesseduffield/lazygit/blob/c5f7158154602d23b0750d4304c73e2aead8df5b/pkg/gui/controllers/helpers/confirmation_helper.go#L502
pkg/gui/controllers/helpers/credentials_helper.go,12,func NewCredentialsHelper(,pending,https://github.com/jesseduffield/lazygit/blob/c5f7158154602d23b0750d4304c73e2aead8df5b/pkg/gui/controllers/helpers/credentials_helper.go#L12
pkg/gui/controllers/helpers/credentials_helper.go,24,func (self *CredentialsHelper) PromptUserForCredential(passOrUname oscommands.CredentialType) <-chan string {,pending,https://github.com/jesseduffield/lazygit/blob/c5f7158154602d23b0750d4304c73e2aead8df5b/pkg/gui/controllers/helpers/credentials_helper.go#L24
pkg/gui/controllers/helpers/credentials_helper.go,53,"func (self *CredentialsHelper) getTitleAndMask(passOrUname oscommands.CredentialType) (string, bool) {",pending,https://github.com/jesseduffield/lazygit/blob/c5f7158154602d23b0750d4304c73e2aead8df5b/pkg/gui/controllers/helpers/credentials_helper.go#L53
pkg/gui/controllers/helpers/custom_patch_helper.go,9,func NewCustomPatchHelper(c *HelperCommon) *CustomPatchHelper {,pending,https://github.com/jesseduffield/lazygit/blob/c5f7158154602d23b0750d4304c73e2aead8df5b/pkg/gui/controllers/helpers/custom_patch_helper.go#L9
pkg/gui/controllers/helpers/custom_patch_helper.go,13,func (self *CustomPatchHelper) Reset() error {,pending,https://github.com/jesseduffield/lazygit/blob/c5f7158154602d23b0750d4304c73e2aead8df5b/pkg/gui/controllers/helpers/custom_patch_helper.go#L13
pkg/gui/controllers/helpers/diff_helper.go,21,"func NewDiffHelper(c *HelperCommon, diffLineHelper *DiffLineHelper) *DiffHelper {",pending,https://github.com/jesseduffield/lazygit/blob/c5f7158154602d23b0750d4304c73e2aead8df5b/pkg/gui/controllers/helpers/diff_helper.go#L21
pkg/gui/controllers/helpers/diff_helper.go,28,func (self *DiffHelper) DiffArgs() []string {,pending,https://github.com/jesseduffield/lazygit/blob/c5f7158154602d23b0750d4304c73e2aead8df5b/pkg/gui/controllers/helpers/diff_helper.go#L28
pkg/gui/controllers/helpers/diff_helper.go,57,"func (self *DiffHelper) GetUpdateTaskForRenderingCommitsDiff(commit *models.Commit, refRange *types.RefRange) types.UpdateTask {",pending,https://github.com/jesseduffield/lazygit/blob/c5f7158154602d23b0750d4304c73e2aead8df5b/pkg/gui/controllers/helpers/diff_helper.go#L57
pkg/gui/controllers/helpers/diff_helper.go,93,"func (self *DiffHelper) PlainDiffBetweenRefs(from string, to string, paths []string) string {",pending,https://github.com/jesseduffield/lazygit/blob/c5f7158154602d23b0750d4304c73e2aead8df5b/pkg/gui/controllers/helpers/diff_helper.go#L93
pkg/gui/controllers/helpers/diff_helper.go,101,func (self *DiffHelper) FilterPathsForCommit(commit *models.Commit) []string {,pending,https://github.com/jesseduffield/lazygit/blob/c5f7158154602d23b0750d4304c73e2aead8df5b/pkg/gui/controllers/helpers/diff_helper.go#L101
pkg/gui/controllers/helpers/diff_helper.go,112,func (self *DiffHelper) ExitDiffMode() error {,pending,https://github.com/jesseduffield/lazygit/blob/c5f7158154602d23b0750d4304c73e2aead8df5b/pkg/gui/controllers/helpers/diff_helper.go#L112
pkg/gui/controllers/helpers/diff_helper.go,121,func (self *DiffHelper) RenderToMainAgain() {,pending,https://github.com/jesseduffield/lazygit/blob/c5f7158154602d23b0750d4304c73e2aead8df5b/pkg/gui/controllers/helpers/diff_helper.go#L121
pkg/gui/controllers/helpers/diff_helper.go,136,func (self *DiffHelper) RenderDiff() {,pending,https://github.com/jesseduffield/lazygit/blob/c5f7158154602d23b0750d4304c73e2aead8df5b/pkg/gui/controllers/helpers/diff_helper.go#L136
pkg/gui/controllers/helpers/diff_helper.go,160,func (self *DiffHelper) CurrentDiffTerminals() []string {,pending,https://github.com/jesseduffield/lazygit/blob/c5f7158154602d23b0750d4304c73e2aead8df5b/pkg/gui/controllers/helpers/diff_helper.go#L160
pkg/gui/controllers/helpers/diff_helper.go,175,func (self *DiffHelper) currentDiffTerminal() string {,pending,https://github.com/jesseduffield/lazygit/blob/c5f7158154602d23b0750d4304c73e2aead8df5b/pkg/gui/controllers/helpers/diff_helper.go#L175
pkg/gui/controllers/helpers/diff_helper.go,183,func (self *DiffHelper) currentlySelectedFilename() string {,pending,https://github.com/jesseduffield/lazygit/blob/c5f7158154602d23b0750d4304c73e2aead8df5b/pkg/gui/controllers/helpers/diff_helper.go#L183
pkg/gui/controllers/helpers/diff_helper.go,196,func (self *DiffHelper) WithDiffModeCheck(f func()) {,pending,https://github.com/jesseduffield/lazygit/blob/c5f7158154602d23b0750d4304c73e2aead8df5b/pkg/gui/controllers/helpers/diff_helper.go#L196
pkg/gui/controllers/helpers/diff_helper.go,204,func (self *DiffHelper) IgnoringWhitespaceSubTitle() string {,pending,https://github.com/jesseduffield/lazygit/blob/c5f7158154602d23b0750d4304c73e2aead8df5b/pkg/gui/controllers/helpers/diff_helper.go#L204
pkg/gui/controllers/helpers/diff_helper.go,212,func (self *DiffHelper) OpenDiffToolForRef(selectedRef models.Ref) error {,pending,https://github.com/jesseduffield/lazygit/blob/c5f7158154602d23b0750d4304c73e2aead8df5b/pkg/gui/controllers/helpers/diff_helper.go#L212
pkg/gui/controllers/helpers/diff_helper.go,238,"func (self *DiffHelper) AdjustLineNumber(path string, linenumber int, viewname string) int {",pending,https://github.com/jesseduffield/lazygit/blob/c5f7158154602d23b0750d4304c73e2aead8df5b/pkg/gui/controllers/helpers/diff_helper.go#L238
pkg/gui/controllers/helpers/diff_helper.go,259,"func (self *DiffHelper) adjustLineNumber(linenumber int, diffArgs ...string) int {",pending,https://github.com/jesseduffield/lazygit/blob/c5f7158154602d23b0750d4304c73e2aead8df5b/pkg/gui/controllers/helpers/diff_helper.go#L259
pkg/gui/controllers/helpers/diff_line_file_menu.go,17,"func (self *DiffLineHelper) OpenJumpToFileMenu(pane types.DiffPaneContext, title string) error {",pending,https://github.com/jesseduffield/lazygit/blob/c5f7158154602d23b0750d4304c73e2aead8df5b/pkg/gui/controllers/helpers/diff_line_file_menu.go#L17
pkg/gui/controllers/helpers/diff_line_file_menu.go,37,"func (self *DiffLineHelper) showJumpToFileMenu(pane types.DiffPaneContext, title string) error {",pending,https://github.com/jesseduffield/lazygit/blob/c5f7158154602d23b0750d4304c73e2aead8df5b/pkg/gui/controllers/helpers/diff_line_file_menu.go#L37
pkg/gui/controllers/helpers/diff_line_helper.go,19,func NewDiffLineHelper(c *HelperCommon) *DiffLineHelper {,pending,https://github.com/jesseduffield/lazygit/blob/c5f7158154602d23b0750d4304c73e2aead8df5b/pkg/gui/controllers/helpers/diff_line_helper.go#L19
pkg/gui/controllers/helpers/diff_line_helper.go,39,"func (self *DiffLineHelper) GetDiffLineInfo(view *gocui.View, viewLineIdx int) (types.DiffLineInfo, bool) {",pending,https://github.com/jesseduffield/lazygit/blob/c5f7158154602d23b0750d4304c73e2aead8df5b/pkg/gui/controllers/helpers/diff_line_helper.go#L39
pkg/gui/controllers/helpers/diff_line_helper.go,52,func (self *DiffLineHelper) diffLineIdentitiesAt(,pending,https://github.com/jesseduffield/lazygit/blob/c5f7158154602d23b0750d4304c73e2aead8df5b/pkg/gui/controllers/helpers/diff_line_helper.go#L52
pkg/gui/controllers/helpers/diff_line_helper.go,90,func (self *DiffLineHelper) diffLineIdentitiesFromRecords(metadata []string) []types.DiffLineInfo {,pending,https://github.com/jesseduffield/lazygit/blob/c5f7158154602d23b0750d4304c73e2aead8df5b/pkg/gui/controllers/helpers/diff_line_helper.go#L90
pkg/gui/controllers/helpers/diff_line_helper.go,98,"func (self *DiffLineHelper) diffLineInfoFromRecords(metadata []string) (types.DiffLineInfo, bool) {",pending,https://github.com/jesseduffield/lazygit/blob/c5f7158154602d23b0750d4304c73e2aead8df5b/pkg/gui/controllers/helpers/diff_line_helper.go#L98
pkg/gui/controllers/helpers/diff_line_helper.go,118,func (self *DiffLineHelper) resolveDiffLines(contents []gocui.DiffLineContent) []resolvedDiffLine {,pending,https://github.com/jesseduffield/lazygit/blob/c5f7158154602d23b0750d4304c73e2aead8df5b/pkg/gui/controllers/helpers/diff_line_helper.go#L118
pkg/gui/controllers/helpers/diff_line_helper.go,136,func (self *DiffLineHelper) resolveDiffLineIdentities(contents []gocui.DiffLineContent) [][]types.DiffLineInfo {,pending,https://github.com/jesseduffield/lazygit/blob/c5f7158154602d23b0750d4304c73e2aead8df5b/pkg/gui/controllers/helpers/diff_line_helper.go#L136
pkg/gui/controllers/helpers/diff_line_helper.go,149,func (self *DiffLineHelper) diffLineInfo(parsed parsedDiffLine) types.DiffLineInfo {,pending,https://github.com/jesseduffield/lazygit/blob/c5f7158154602d23b0750d4304c73e2aead8df5b/pkg/gui/controllers/helpers/diff_line_helper.go#L149
pkg/gui/controllers/helpers/diff_line_helper.go,154,func (self *DiffLineHelper) diffLineInfos(parsed []parsedDiffLine) []types.DiffLineInfo {,pending,https://github.com/jesseduffield/lazygit/blob/c5f7158154602d23b0750d4304c73e2aead8df5b/pkg/gui/controllers/helpers/diff_line_helper.go#L154
pkg/gui/controllers/helpers/diff_line_helper.go,165,"func diffLineInfoIn(worktreePath string, parsed parsedDiffLine) types.DiffLineInfo {",pending,https://github.com/jesseduffield/lazygit/blob/c5f7158154602d23b0750d4304c73e2aead8df5b/pkg/gui/controllers/helpers/diff_line_helper.go#L165
pkg/gui/controllers/helpers/diff_line_parser.go,64,"func parseDiffLineFromBuffer(bufferLines []string, targetIdx int) (parsedDiffLine, bool) {",pending,https://github.com/jesseduffield/lazygit/blob/c5f7158154602d23b0750d4304c73e2aead8df5b/pkg/gui/controllers/helpers/diff_line_parser.go#L64
pkg/gui/controllers/helpers/diff_line_parser.go,83,func parseAllDiffLinesFromBuffer(bufferLines []string) []bufferLineParse {,pending,https://github.com/jesseduffield/lazygit/blob/c5f7158154602d23b0750d4304c73e2aead8df5b/pkg/gui/controllers/helpers/diff_line_parser.go#L83
pkg/gui/controllers/helpers/diff_line_parser.go,99,func diffLineTexts(contents []gocui.DiffLineContent) []string {,pending,https://github.com/jesseduffield/lazygit/blob/c5f7158154602d23b0750d4304c73e2aead8df5b/pkg/gui/controllers/helpers/diff_line_parser.go#L99
pkg/gui/controllers/helpers/diff_line_parser.go,119,func renderingStatesDiffLines(contents []gocui.DiffLineContent) bool {,pending,https://github.com/jesseduffield/lazygit/blob/c5f7158154602d23b0750d4304c73e2aead8df5b/pkg/gui/controllers/helpers/diff_line_parser.go#L119
pkg/gui/controllers/helpers/diff_line_parser.go,132,func parseDiffLineRecords(metadata []string) []parsedDiffLine {,pending,https://github.com/jesseduffield/lazygit/blob/c5f7158154602d23b0750d4304c73e2aead8df5b/pkg/gui/controllers/helpers/diff_line_parser.go#L132
pkg/gui/controllers/helpers/diff_line_parser.go,149,func parseDiffLineIdentities(contents []gocui.DiffLineContent) [][]parsedDiffLine {,pending,https://github.com/jesseduffield/lazygit/blob/c5f7158154602d23b0750d4304c73e2aead8df5b/pkg/gui/controllers/helpers/diff_line_parser.go#L149
pkg/gui/controllers/helpers/diff_line_parser.go,172,"func fileSectionBounds(bufferLines []string, targetIdx int) (start, end int) {",pending,https://github.com/jesseduffield/lazygit/blob/c5f7158154602d23b0750d4304c73e2aead8df5b/pkg/gui/controllers/helpers/diff_line_parser.go#L172
pkg/gui/controllers/helpers/diff_line_parser.go,193,"func fileSectionEnd(bufferLines []string, start int) int {",pending,https://github.com/jesseduffield/lazygit/blob/c5f7158154602d23b0750d4304c73e2aead8df5b/pkg/gui/controllers/helpers/diff_line_parser.go#L193
pkg/gui/controllers/helpers/diff_line_parser.go,212,func startsFileSection(line string) bool {,pending,https://github.com/jesseduffield/lazygit/blob/c5f7158154602d23b0750d4304c73e2aead8df5b/pkg/gui/controllers/helpers/diff_line_parser.go#L212
pkg/gui/controllers/helpers/diff_line_parser.go,219,func isSubmoduleLogLine(line string) bool {,pending,https://github.com/jesseduffield/lazygit/blob/c5f7158154602d23b0750d4304c73e2aead8df5b/pkg/gui/controllers/helpers/diff_line_parser.go#L219
pkg/gui/controllers/helpers/diff_line_parser.go,230,func submodulePath(line string) string {,pending,https://github.com/jesseduffield/lazygit/blob/c5f7158154602d23b0750d4304c73e2aead8df5b/pkg/gui/controllers/helpers/diff_line_parser.go#L230
pkg/gui/controllers/helpers/diff_line_parser.go,259,"func parseFileSection(fileLines []string, endsTheBuffer bool) []bufferLineParse {",pending,https://github.com/jesseduffield/lazygit/blob/c5f7158154602d23b0750d4304c73e2aead8df5b/pkg/gui/controllers/helpers/diff_line_parser.go#L259
pkg/gui/controllers/helpers/diff_line_parser.go,292,func diffLineTypeForKind(kind patch.PatchLineKind) types.DiffLineType {,pending,https://github.com/jesseduffield/lazygit/blob/c5f7158154602d23b0750d4304c73e2aead8df5b/pkg/gui/controllers/helpers/diff_line_parser.go#L292
pkg/gui/controllers/helpers/diff_line_parser.go,314,func pathFromDiffHeader(fileLines []string) string {,pending,https://github.com/jesseduffield/lazygit/blob/c5f7158154602d23b0750d4304c73e2aead8df5b/pkg/gui/controllers/helpers/diff_line_parser.go#L314
pkg/gui/controllers/helpers/diff_line_parser.go,354,func pathFromDiffHeaderField(field string) string {,pending,https://github.com/jesseduffield/lazygit/blob/c5f7158154602d23b0750d4304c73e2aead8df5b/pkg/gui/controllers/helpers/diff_line_parser.go#L354
pkg/gui/controllers/helpers/diff_line_parser.go,371,func stripDiffPathPrefix(path string) string {,pending,https://github.com/jesseduffield/lazygit/blob/c5f7158154602d23b0750d4304c73e2aead8df5b/pkg/gui/controllers/helpers/diff_line_parser.go#L371
pkg/gui/controllers/helpers/diff_line_parser.go,390,"func parseDiffLineMetadata(payload string) (parsedDiffLine, bool) {",pending,https://github.com/jesseduffield/lazygit/blob/c5f7158154602d23b0750d4304c73e2aead8df5b/pkg/gui/controllers/helpers/diff_line_parser.go#L390
pkg/gui/controllers/helpers/diff_line_parser.go,422,"func diffLineTypeFromMetadata(typeField string) (types.DiffLineType, bool) {",pending,https://github.com/jesseduffield/lazygit/blob/c5f7158154602d23b0750d4304c73e2aead8df5b/pkg/gui/controllers/helpers/diff_line_parser.go#L422
pkg/gui/controllers/helpers/diff_line_parser.go,443,func pathFromDiffGitLine(line string) string {,pending,https://github.com/jesseduffield/lazygit/blob/c5f7158154602d23b0750d4304c73e2aead8df5b/pkg/gui/controllers/helpers/diff_line_parser.go#L443
pkg/gui/controllers/helpers/diff_line_plain_text.go,39,func (self *DiffLineHelper) PlainDiffOfSelection(,pending,https://github.com/jesseduffield/lazygit/blob/c5f7158154602d23b0750d4304c73e2aead8df5b/pkg/gui/controllers/helpers/diff_line_plain_text.go#L39
pkg/gui/controllers/helpers/diff_line_plain_text.go,114,"func (self *DiffLineHelper) textAboveDiff(view *gocui.View, first int, last int) string {",pending,https://github.com/jesseduffield/lazygit/blob/c5f7158154602d23b0750d4304c73e2aead8df5b/pkg/gui/controllers/helpers/diff_line_plain_text.go#L114
pkg/gui/controllers/helpers/diff_line_plain_text.go,143,func (self *selectedDiffLines) covers(info types.DiffLineInfo) bool {,pending,https://github.com/jesseduffield/lazygit/blob/c5f7158154602d23b0750d4304c73e2aead8df5b/pkg/gui/controllers/helpers/diff_line_plain_text.go#L143
pkg/gui/controllers/helpers/diff_line_plain_text.go,154,"func repoRelativePaths(worktreePath string, paths []string) []string {",pending,https://github.com/jesseduffield/lazygit/blob/c5f7158154602d23b0750d4304c73e2aead8df5b/pkg/gui/controllers/helpers/diff_line_plain_text.go#L154
pkg/gui/controllers/helpers/diff_line_plain_text.go,166,"func repoRelativePath(worktreePath string, path string) string {",pending,https://github.com/jesseduffield/lazygit/blob/c5f7158154602d23b0750d4304c73e2aead8df5b/pkg/gui/controllers/helpers/diff_line_plain_text.go#L166
pkg/gui/controllers/helpers/diff_line_queries.go,30,"func (self *DiffLineHelper) DiffLinesInBufferRange(view *gocui.View, first int, last int) []types.DiffLineInfo {",pending,https://github.com/jesseduffield/lazygit/blob/c5f7158154602d23b0750d4304c73e2aead8df5b/pkg/gui/controllers/helpers/diff_line_queries.go#L30
pkg/gui/controllers/helpers/diff_line_queries.go,47,func (self *DiffLineHelper) ChangeLineOrdinals(,pending,https://github.com/jesseduffield/lazygit/blob/c5f7158154602d23b0750d4304c73e2aead8df5b/pkg/gui/controllers/helpers/diff_line_queries.go#L47
pkg/gui/controllers/helpers/diff_line_queries.go,80,"func (self *DiffLineHelper) inRepoTerms(view *gocui.View, infos []types.DiffLineInfo) []types.DiffLineInfo {",pending,https://github.com/jesseduffield/lazygit/blob/c5f7158154602d23b0750d4304c73e2aead8df5b/pkg/gui/controllers/helpers/diff_line_queries.go#L80
pkg/gui/controllers/helpers/diff_line_queries.go,91,func (self *DiffLineHelper) repoTermsMapper(view *gocui.View) func(string) string {,pending,https://github.com/jesseduffield/lazygit/blob/c5f7158154602d23b0750d4304c73e2aead8df5b/pkg/gui/controllers/helpers/diff_line_queries.go#L91
pkg/gui/controllers/helpers/diff_line_queries.go,107,"func repoPathOfTreePath(path string, treesDir string, worktreePath string) string {",pending,https://github.com/jesseduffield/lazygit/blob/c5f7158154602d23b0750d4304c73e2aead8df5b/pkg/gui/controllers/helpers/diff_line_queries.go#L107
pkg/gui/controllers/helpers/diff_line_queries.go,128,"func (self *DiffLineHelper) ChangeLinesInBufferRange(view *gocui.View, first int, last int) []types.DiffLineInfo {",pending,https://github.com/jesseduffield/lazygit/blob/c5f7158154602d23b0750d4304c73e2aead8df5b/pkg/gui/controllers/helpers/diff_line_queries.go#L128
pkg/gui/controllers/helpers/diff_line_queries.go,137,func (self *DiffLineHelper) changeLines(view *gocui.View) []bool {,pending,https://github.com/jesseduffield/lazygit/blob/c5f7158154602d23b0750d4304c73e2aead8df5b/pkg/gui/controllers/helpers/diff_line_queries.go#L137
pkg/gui/controllers/helpers/diff_line_queries.go,152,"func (self *DiffLineHelper) FirstChangeLineInView(view *gocui.View) (int, bool) {",pending,https://github.com/jesseduffield/lazygit/blob/c5f7158154602d23b0750d4304c73e2aead8df5b/pkg/gui/controllers/helpers/diff_line_queries.go#L152
pkg/gui/controllers/helpers/diff_line_queries.go,174,"func (self *DiffLineHelper) FirstChangeBlockInView(view *gocui.View) (int, bool) {",pending,https://github.com/jesseduffield/lazygit/blob/c5f7158154602d23b0750d4304c73e2aead8df5b/pkg/gui/controllers/helpers/diff_line_queries.go#L174
pkg/gui/controllers/helpers/diff_line_queries.go,198,"func visibleBufferLines(view *gocui.View) (int, int, bool) {",pending,https://github.com/jesseduffield/lazygit/blob/c5f7158154602d23b0750d4304c73e2aead8df5b/pkg/gui/controllers/helpers/diff_line_queries.go#L198
pkg/gui/controllers/helpers/diff_line_queries.go,216,func (self *DiffLineHelper) ViewHasChangeLines(view *gocui.View) bool {,pending,https://github.com/jesseduffield/lazygit/blob/c5f7158154602d23b0750d4304c73e2aead8df5b/pkg/gui/controllers/helpers/diff_line_queries.go#L216
pkg/gui/controllers/helpers/diff_line_queries.go,223,"func (self *DiffLineHelper) IsChangeLine(view *gocui.View, viewLineIdx int) bool {",pending,https://github.com/jesseduffield/lazygit/blob/c5f7158154602d23b0750d4304c73e2aead8df5b/pkg/gui/controllers/helpers/diff_line_queries.go#L223
pkg/gui/controllers/helpers/diff_line_queries.go,237,"func (self *DiffLineHelper) IsSingleHunkForWholeFile(view *gocui.View, changeViewLine int) bool {",pending,https://github.com/jesseduffield/lazygit/blob/c5f7158154602d23b0750d4304c73e2aead8df5b/pkg/gui/controllers/helpers/diff_line_queries.go#L237
pkg/gui/controllers/helpers/diff_line_queries.go,276,"func (self *DiffLineHelper) ChangeBlockBounds(view *gocui.View, anchorViewLine int) (int, int, bool) {",pending,https://github.com/jesseduffield/lazygit/blob/c5f7158154602d23b0750d4304c73e2aead8df5b/pkg/gui/controllers/helpers/diff_line_queries.go#L276
pkg/gui/controllers/helpers/diff_line_queries.go,318,"func (self *DiffLineHelper) AdjacentChangeBlock(view *gocui.View, anchorViewLine int, forward bool) (int, bool) {",pending,https://github.com/jesseduffield/lazygit/blob/c5f7158154602d23b0750d4304c73e2aead8df5b/pkg/gui/controllers/helpers/diff_line_queries.go#L318
pkg/gui/controllers/helpers/diff_line_queries.go,335,"func (self *DiffLineHelper) AdjacentFile(view *gocui.View, anchorViewLine int, forward bool) (int, bool) {",pending,https://github.com/jesseduffield/lazygit/blob/c5f7158154602d23b0750d4304c73e2aead8df5b/pkg/gui/controllers/helpers/diff_line_queries.go#L335
pkg/gui/controllers/helpers/diff_line_queries.go,351,func (self *DiffLineHelper) FilesInDiff(view *gocui.View) []string {,pending,https://github.com/jesseduffield/lazygit/blob/c5f7158154602d23b0750d4304c73e2aead8df5b/pkg/gui/controllers/helpers/diff_line_queries.go#L351
pkg/gui/controllers/helpers/diff_line_queries.go,360,"func (self *DiffLineHelper) StartOfFileInDiff(view *gocui.View, path string) (int, bool) {",pending,https://github.com/jesseduffield/lazygit/blob/c5f7158154602d23b0750d4304c73e2aead8df5b/pkg/gui/controllers/helpers/diff_line_queries.go#L360
pkg/gui/controllers/helpers/diff_line_queries.go,376,func (self *DiffLineHelper) filePaths(view *gocui.View) []string {,pending,https://github.com/jesseduffield/lazygit/blob/c5f7158154602d23b0750d4304c73e2aead8df5b/pkg/gui/controllers/helpers/diff_line_queries.go#L376
pkg/gui/controllers/helpers/diff_line_queries.go,405,func fileStarts(paths []string) []diffFileStart {,pending,https://github.com/jesseduffield/lazygit/blob/c5f7158154602d23b0750d4304c73e2aead8df5b/pkg/gui/controllers/helpers/diff_line_queries.go#L405
pkg/gui/controllers/helpers/diff_line_queries.go,421,"func fileStart(paths []string, from int, forward bool) (int, bool) {",pending,https://github.com/jesseduffield/lazygit/blob/c5f7158154602d23b0750d4304c73e2aead8df5b/pkg/gui/controllers/helpers/diff_line_queries.go#L421
pkg/gui/controllers/helpers/diff_line_queries.go,449,"func anchorFilePath(paths []string, from int) (string, bool) {",pending,https://github.com/jesseduffield/lazygit/blob/c5f7158154602d23b0750d4304c73e2aead8df5b/pkg/gui/controllers/helpers/diff_line_queries.go#L449
pkg/gui/controllers/helpers/diff_line_queries.go,469,"func changeBlockStart(isChange []bool, from int, forward bool) (int, bool) {",pending,https://github.com/jesseduffield/lazygit/blob/c5f7158154602d23b0750d4304c73e2aead8df5b/pkg/gui/controllers/helpers/diff_line_queries.go#L469
pkg/gui/controllers/helpers/diff_line_raw_fallback.go,29,func (self *DiffLineHelper) MainViewDiffMode() git_commands.DiffMode {,pending,https://github.com/jesseduffield/lazygit/blob/c5f7158154602d23b0750d4304c73e2aead8df5b/pkg/gui/controllers/helpers/diff_line_raw_fallback.go#L29
pkg/gui/controllers/helpers/diff_line_raw_fallback.go,45,func (self *DiffLineHelper) DiffRowsCanBePlaced() bool {,pending,https://github.com/jesseduffield/lazygit/blob/c5f7158154602d23b0750d4304c73e2aead8df5b/pkg/gui/controllers/helpers/diff_line_raw_fallback.go#L45
pkg/gui/controllers/helpers/diff_line_raw_fallback.go,64,"func (self *DiffLineHelper) RenderFocusedMainViewAgain(view *gocui.View, sidePanel types.Context, place func()) {",pending,https://github.com/jesseduffield/lazygit/blob/c5f7158154602d23b0750d4304c73e2aead8df5b/pkg/gui/controllers/helpers/diff_line_raw_fallback.go#L64
pkg/gui/controllers/helpers/diff_line_raw_fallback.go,82,func (self *DiffLineHelper) mainViewIsFocused() bool {,pending,https://github.com/jesseduffield/lazygit/blob/c5f7158154602d23b0750d4304c73e2aead8df5b/pkg/gui/controllers/helpers/diff_line_raw_fallback.go#L82
pkg/gui/controllers/helpers/diff_line_raw_fallback.go,92,func (self *DiffLineHelper) diffNeedsMetadata() bool {,pending,https://github.com/jesseduffield/lazygit/blob/c5f7158154602d23b0750d4304c73e2aead8df5b/pkg/gui/controllers/helpers/diff_line_raw_fallback.go#L92
pkg/gui/controllers/helpers/diff_line_raw_fallback.go,103,func (self *DiffLineHelper) diffRendererEmitsMetadata() bool {,pending,https://github.com/jesseduffield/lazygit/blob/c5f7158154602d23b0750d4304c73e2aead8df5b/pkg/gui/controllers/helpers/diff_line_raw_fallback.go#L103
pkg/gui/controllers/helpers/diff_line_raw_fallback.go,116,func (self *DiffLineHelper) diffRendererSignature() string {,pending,https://github.com/jesseduffield/lazygit/blob/c5f7158154602d23b0750d4304c73e2aead8df5b/pkg/gui/controllers/helpers/diff_line_raw_fallback.go#L116
pkg/gui/controllers/helpers/diff_line_restore.go,45,func (self *DiffLineHelper) PreserveDiffPositionOnRerender(view *gocui.View) {,pending,https://github.com/jesseduffield/lazygit/blob/c5f7158154602d23b0750d4304c73e2aead8df5b/pkg/gui/controllers/helpers/diff_line_restore.go#L45
pkg/gui/controllers/helpers/diff_line_restore.go,108,"func coverWholeLines(view *gocui.View, cursorViewLine int, farEndViewLine int) (int, int) {",pending,https://github.com/jesseduffield/lazygit/blob/c5f7158154602d23b0750d4304c73e2aead8df5b/pkg/gui/controllers/helpers/diff_line_restore.go#L108
pkg/gui/controllers/helpers/diff_line_restore.go,117,"func lastViewLineOfSameDiffLine(view *gocui.View, viewLine int) int {",pending,https://github.com/jesseduffield/lazygit/blob/c5f7158154602d23b0750d4304c73e2aead8df5b/pkg/gui/controllers/helpers/diff_line_restore.go#L117
pkg/gui/controllers/helpers/diff_line_restore.go,133,"func visibleSelectionEnd(view *gocui.View) (int, bool) {",pending,https://github.com/jesseduffield/lazygit/blob/c5f7158154602d23b0750d4304c73e2aead8df5b/pkg/gui/controllers/helpers/diff_line_restore.go#L133
pkg/gui/controllers/helpers/diff_line_restore.go,148,func (self *DiffLineHelper) selectionLine(,pending,https://github.com/jesseduffield/lazygit/blob/c5f7158154602d23b0750d4304c73e2aead8df5b/pkg/gui/controllers/helpers/diff_line_restore.go#L148
pkg/gui/controllers/helpers/diff_line_restore.go,175,"func (self *DiffLineHelper) selectionFarEndIdentity(view *gocui.View) (types.DiffLineInfo, bool) {",pending,https://github.com/jesseduffield/lazygit/blob/c5f7158154602d23b0750d4304c73e2aead8df5b/pkg/gui/controllers/helpers/diff_line_restore.go#L175
pkg/gui/controllers/helpers/diff_line_restore.go,197,"func selectionFarEndViewLine(view *gocui.View) (int, bool, bool) {",pending,https://github.com/jesseduffield/lazygit/blob/c5f7158154602d23b0750d4304c73e2aead8df5b/pkg/gui/controllers/helpers/diff_line_restore.go#L197
pkg/gui/controllers/helpers/diff_line_restore.go,210,"func (self *DiffLineHelper) findDiffLine(view *gocui.View, identity types.DiffLineInfo) (int, bool) {",pending,https://github.com/jesseduffield/lazygit/blob/c5f7158154602d23b0750d4304c73e2aead8df5b/pkg/gui/controllers/helpers/diff_line_restore.go#L210
pkg/gui/controllers/helpers/diff_line_restore.go,230,func (self *DiffLineHelper) restoreDiffLinePositionOnRerender(,pending,https://github.com/jesseduffield/lazygit/blob/c5f7158154602d23b0750d4304c73e2aead8df5b/pkg/gui/controllers/helpers/diff_line_restore.go#L230
pkg/gui/controllers/helpers/diff_line_restore.go,274,"func (self *DiffLineHelper) ChangeLineOrdinal(view *gocui.View, bufferLine int) int {",pending,https://github.com/jesseduffield/lazygit/blob/c5f7158154602d23b0750d4304c73e2aead8df5b/pkg/gui/controllers/helpers/diff_line_restore.go#L274
pkg/gui/controllers/helpers/diff_line_restore.go,296,func (self *DiffLineHelper) RevealChangeLineAtOrdinal(,pending,https://github.com/jesseduffield/lazygit/blob/c5f7158154602d23b0750d4304c73e2aead8df5b/pkg/gui/controllers/helpers/diff_line_restore.go#L296
pkg/gui/controllers/helpers/diff_line_restore.go,345,func (self *DiffLineHelper) installDiffLineRestore(,pending,https://github.com/jesseduffield/lazygit/blob/c5f7158154602d23b0750d4304c73e2aead8df5b/pkg/gui/controllers/helpers/diff_line_restore.go#L345
pkg/gui/controllers/helpers/diff_line_restore.go,419,"func (self *DiffLineHelper) nearbyDiffLines(view *gocui.View, anchorViewLine int) []diffLineAnchor {",pending,https://github.com/jesseduffield/lazygit/blob/c5f7158154602d23b0750d4304c73e2aead8df5b/pkg/gui/controllers/helpers/diff_line_restore.go#L419
pkg/gui/controllers/helpers/diff_line_restore.go,451,"func screenRows(view *gocui.View, bufferLineCount int) []int {",pending,https://github.com/jesseduffield/lazygit/blob/c5f7158154602d23b0750d4304c73e2aead8df5b/pkg/gui/controllers/helpers/diff_line_restore.go#L451
pkg/gui/controllers/helpers/diff_line_restore.go,480,func (self *DiffLineHelper) nearestSurvivingCandidate(,pending,https://github.com/jesseduffield/lazygit/blob/c5f7158154602d23b0750d4304c73e2aead8df5b/pkg/gui/controllers/helpers/diff_line_restore.go#L480
pkg/gui/controllers/helpers/diff_line_restore.go,495,func (self *DiffLineHelper) patchLineRows(contents []gocui.DiffLineContent) map[patchLine]int {,pending,https://github.com/jesseduffield/lazygit/blob/c5f7158154602d23b0750d4304c73e2aead8df5b/pkg/gui/controllers/helpers/diff_line_restore.go#L495
pkg/gui/controllers/helpers/diff_line_restore.go,513,"func rowShowsDiffLine(row gocui.DiffLineContent, worktreePath string, target types.DiffLineInfo) bool {",pending,https://github.com/jesseduffield/lazygit/blob/c5f7158154602d23b0750d4304c73e2aead8df5b/pkg/gui/controllers/helpers/diff_line_restore.go#L513
pkg/gui/controllers/helpers/diff_line_restore.go,536,func patchLineOf(info types.DiffLineInfo) patchLine {,pending,https://github.com/jesseduffield/lazygit/blob/c5f7158154602d23b0750d4304c73e2aead8df5b/pkg/gui/controllers/helpers/diff_line_restore.go#L536
pkg/gui/controllers/helpers/diff_line_restore.go,568,func (self *DiffLineHelper) RevealSelectionAfterAction(,pending,https://github.com/jesseduffield/lazygit/blob/c5f7158154602d23b0750d4304c73e2aead8df5b/pkg/gui/controllers/helpers/diff_line_restore.go#L568
pkg/gui/controllers/helpers/diff_line_selection.go,29,"func (self *DiffLineHelper) EstablishSelection(mainContext *context.MainContext, clickedViewLine int) {",pending,https://github.com/jesseduffield/lazygit/blob/c5f7158154602d23b0750d4304c73e2aead8df5b/pkg/gui/controllers/helpers/diff_line_selection.go#L29
pkg/gui/controllers/helpers/diff_line_selection.go,78,func (self *DiffLineHelper) PlaceNavigationTarget(,pending,https://github.com/jesseduffield/lazygit/blob/c5f7158154602d23b0750d4304c73e2aead8df5b/pkg/gui/controllers/helpers/diff_line_selection.go#L78
pkg/gui/controllers/helpers/diff_line_selection.go,107,"func (self *DiffLineHelper) scrollTargetToTop(pane types.DiffPaneContext, target int) {",pending,https://github.com/jesseduffield/lazygit/blob/c5f7158154602d23b0750d4304c73e2aead8df5b/pkg/gui/controllers/helpers/diff_line_selection.go#L107
pkg/gui/controllers/helpers/diff_line_selection.go,118,func (self *DiffLineHelper) CollapseNonStickyRange(pane types.DiffPaneContext) {,pending,https://github.com/jesseduffield/lazygit/blob/c5f7158154602d23b0750d4304c73e2aead8df5b/pkg/gui/controllers/helpers/diff_line_selection.go#L118
pkg/gui/controllers/helpers/diff_line_selection.go,132,"func (self *DiffLineHelper) changeToSelectOnScreen(view *gocui.View) (int, bool) {",pending,https://github.com/jesseduffield/lazygit/blob/c5f7158154602d23b0750d4304c73e2aead8df5b/pkg/gui/controllers/helpers/diff_line_selection.go#L132
pkg/gui/controllers/helpers/diff_line_selection.go,143,"func (self *DiffLineHelper) hunkModeApplies(view *gocui.View, changeViewLine int) bool {",pending,https://github.com/jesseduffield/lazygit/blob/c5f7158154602d23b0750d4304c73e2aead8df5b/pkg/gui/controllers/helpers/diff_line_selection.go#L143
pkg/gui/controllers/helpers/diff_line_selection.go,152,"func (self *DiffLineHelper) ShowSelectionAtLine(view *gocui.View, lineIdx int, scrollIntoView bool) {",pending,https://github.com/jesseduffield/lazygit/blob/c5f7158154602d23b0750d4304c73e2aead8df5b/pkg/gui/controllers/helpers/diff_line_selection.go#L152
pkg/gui/controllers/helpers/diff_line_selection.go,169,func (self *DiffLineHelper) SelectChangeBlock(,pending,https://github.com/jesseduffield/lazygit/blob/c5f7158154602d23b0750d4304c73e2aead8df5b/pkg/gui/controllers/helpers/diff_line_selection.go#L169
pkg/gui/controllers/helpers/diff_line_selection.go,187,"func (self *DiffLineHelper) SelectedHunkBounds(view *gocui.View) (int, int, bool) {",pending,https://github.com/jesseduffield/lazygit/blob/c5f7158154602d23b0750d4304c73e2aead8df5b/pkg/gui/controllers/helpers/diff_line_selection.go#L187
pkg/gui/controllers/helpers/diff_line_selection.go,205,func (self *DiffLineHelper) RefreshInclusionGutter() {,pending,https://github.com/jesseduffield/lazygit/blob/c5f7158154602d23b0750d4304c73e2aead8df5b/pkg/gui/controllers/helpers/diff_line_selection.go#L205
pkg/gui/controllers/helpers/diff_line_selection.go,231,func (self *DiffLineHelper) ShowsInclusionGutter(view *gocui.View) bool {,pending,https://github.com/jesseduffield/lazygit/blob/c5f7158154602d23b0750d4304c73e2aead8df5b/pkg/gui/controllers/helpers/diff_line_selection.go#L231
pkg/gui/controllers/helpers/diff_line_selection.go,237,func (self *DiffLineHelper) gutterInclusion() func(types.DiffLineInfo) bool {,pending,https://github.com/jesseduffield/lazygit/blob/c5f7158154602d23b0750d4304c73e2aead8df5b/pkg/gui/controllers/helpers/diff_line_selection.go#L237
pkg/gui/controllers/helpers/diff_line_selection.go,247,func (self *DiffLineHelper) patchInclusion() func(types.DiffLineInfo) bool {,pending,https://github.com/jesseduffield/lazygit/blob/c5f7158154602d23b0750d4304c73e2aead8df5b/pkg/gui/controllers/helpers/diff_line_selection.go#L247
pkg/gui/controllers/helpers/diff_line_selection.go,261,func (self *DiffLineHelper) ShowsCustomPatch(view *gocui.View) bool {,pending,https://github.com/jesseduffield/lazygit/blob/c5f7158154602d23b0750d4304c73e2aead8df5b/pkg/gui/controllers/helpers/diff_line_selection.go#L261
pkg/gui/controllers/helpers/diff_stat_links.go,62,func NewDiffStatLinkWriter(writer io.Writer) *DiffStatLinkWriter {,pending,https://github.com/jesseduffield/lazygit/blob/c5f7158154602d23b0750d4304c73e2aead8df5b/pkg/gui/controllers/helpers/diff_stat_links.go#L62
pkg/gui/controllers/helpers/diff_stat_links.go,75,func (self *DiffStatLinkWriter) BeginRender(linkFiles bool) {,pending,https://github.com/jesseduffield/lazygit/blob/c5f7158154602d23b0750d4304c73e2aead8df5b/pkg/gui/controllers/helpers/diff_stat_links.go#L75
pkg/gui/controllers/helpers/diff_stat_links.go,79,func (self *DiffStatLinkWriter) getState() diffStatState {,pending,https://github.com/jesseduffield/lazygit/blob/c5f7158154602d23b0750d4304c73e2aead8df5b/pkg/gui/controllers/helpers/diff_stat_links.go#L79
pkg/gui/controllers/helpers/diff_stat_links.go,83,func (self *DiffStatLinkWriter) setState(state diffStatState) {,pending,https://github.com/jesseduffield/lazygit/blob/c5f7158154602d23b0750d4304c73e2aead8df5b/pkg/gui/controllers/helpers/diff_stat_links.go#L83
pkg/gui/controllers/helpers/diff_stat_links.go,87,"func (self *DiffStatLinkWriter) Write(p []byte) (int, error) {",pending,https://github.com/jesseduffield/lazygit/blob/c5f7158154602d23b0750d4304c73e2aead8df5b/pkg/gui/controllers/helpers/diff_stat_links.go#L87
pkg/gui/controllers/helpers/diff_stat_links.go,103,func (self *DiffStatLinkWriter) withFileNameLinked(line []byte) []byte {,pending,https://github.com/jesseduffield/lazygit/blob/c5f7158154602d23b0750d4304c73e2aead8df5b/pkg/gui/controllers/helpers/diff_stat_links.go#L103
pkg/gui/controllers/helpers/diff_stat_links.go,142,func beginsTheDiffItself(line []byte) bool {,pending,https://github.com/jesseduffield/lazygit/blob/c5f7158154602d23b0750d4304c73e2aead8df5b/pkg/gui/controllers/helpers/diff_stat_links.go#L142
pkg/gui/controllers/helpers/diff_stat_links.go,169,func statesADiffLine(line []byte) bool {,pending,https://github.com/jesseduffield/lazygit/blob/c5f7158154602d23b0750d4304c73e2aead8df5b/pkg/gui/controllers/helpers/diff_stat_links.go#L169
pkg/gui/controllers/helpers/diff_stat_links.go,196,func diffStatEntry(line []byte) []int {,pending,https://github.com/jesseduffield/lazygit/blob/c5f7158154602d23b0750d4304c73e2aead8df5b/pkg/gui/controllers/helpers/diff_stat_links.go#L196
pkg/gui/controllers/helpers/diff_stat_links.go,220,func handshakeEnd(line []byte) int {,pending,https://github.com/jesseduffield/lazygit/blob/c5f7158154602d23b0750d4304c73e2aead8df5b/pkg/gui/controllers/helpers/diff_stat_links.go#L220
pkg/gui/controllers/helpers/diff_stat_links.go,248,"func (self *DiffLineHelper) JumpToFileNamedInDiffStat(pane types.DiffPaneContext, entry string) {",pending,https://github.com/jesseduffield/lazygit/blob/c5f7158154602d23b0750d4304c73e2aead8df5b/pkg/gui/controllers/helpers/diff_stat_links.go#L248
pkg/gui/controllers/helpers/diff_stat_links.go,261,"func (self *DiffLineHelper) jumpToFileNamedInDiffStat(pane types.DiffPaneContext, entry string) {",pending,https://github.com/jesseduffield/lazygit/blob/c5f7158154602d23b0750d4304c73e2aead8df5b/pkg/gui/controllers/helpers/diff_stat_links.go#L261
pkg/gui/controllers/helpers/diff_stat_links.go,288,"func fileNamedByDiffStatEntry(entry string, paths []string) (int, bool) {",pending,https://github.com/jesseduffield/lazygit/blob/c5f7158154602d23b0750d4304c73e2aead8df5b/pkg/gui/controllers/helpers/diff_stat_links.go#L288
pkg/gui/controllers/helpers/diff_stat_links.go,307,func renamedTo(entry string) string {,pending,https://github.com/jesseduffield/lazygit/blob/c5f7158154602d23b0750d4304c73e2aead8df5b/pkg/gui/controllers/helpers/diff_stat_links.go#L307
pkg/gui/controllers/helpers/diff_stat_links.go,327,"func theOneMatching(paths []string, matches func(string) bool) (int, bool) {",pending,https://github.com/jesseduffield/lazygit/blob/c5f7158154602d23b0750d4304c73e2aead8df5b/pkg/gui/controllers/helpers/diff_stat_links.go#L327
pkg/gui/controllers/helpers/drag_autoscroller.go,37,func NewDragAutoscroller(,pending,https://github.com/jesseduffield/lazygit/blob/c5f7158154602d23b0750d4304c73e2aead8df5b/pkg/gui/controllers/helpers/drag_autoscroller.go#L37
pkg/gui/controllers/helpers/drag_autoscroller.go,56,func (self *DragAutoscroller) Update(pointerViewportY int) {,pending,https://github.com/jesseduffield/lazygit/blob/c5f7158154602d23b0750d4304c73e2aead8df5b/pkg/gui/controllers/helpers/drag_autoscroller.go#L56
pkg/gui/controllers/helpers/drag_autoscroller.go,71,func (self *DragAutoscroller) Direction() int {,pending,https://github.com/jesseduffield/lazygit/blob/c5f7158154602d23b0750d4304c73e2aead8df5b/pkg/gui/controllers/helpers/drag_autoscroller.go#L71
pkg/gui/controllers/helpers/drag_autoscroller.go,75,"func (self *DragAutoscroller) updateState(direction int, interval time.Duration) (uint64, bool) {",pending,https://github.com/jesseduffield/lazygit/blob/c5f7158154602d23b0750d4304c73e2aead8df5b/pkg/gui/controllers/helpers/drag_autoscroller.go#L75
pkg/gui/controllers/helpers/drag_autoscroller.go,87,func (self *DragAutoscroller) Cancel() {,pending,https://github.com/jesseduffield/lazygit/blob/c5f7158154602d23b0750d4304c73e2aead8df5b/pkg/gui/controllers/helpers/drag_autoscroller.go#L87
pkg/gui/controllers/helpers/drag_autoscroller.go,93,"func (self *DragAutoscroller) schedule(generation uint64, delay time.Duration) {",pending,https://github.com/jesseduffield/lazygit/blob/c5f7158154602d23b0750d4304c73e2aead8df5b/pkg/gui/controllers/helpers/drag_autoscroller.go#L93
pkg/gui/controllers/helpers/drag_autoscroller.go,102,func (self *DragAutoscroller) tick(generation uint64) {,pending,https://github.com/jesseduffield/lazygit/blob/c5f7158154602d23b0750d4304c73e2aead8df5b/pkg/gui/controllers/helpers/drag_autoscroller.go#L102
pkg/gui/controllers/helpers/drag_autoscroller.go,137,"func dragAutoscrollZone(viewportHeight int, pointerViewportY int) (int, time.Duration) {",pending,https://github.com/jesseduffield/lazygit/blob/c5f7158154602d23b0750d4304c73e2aead8df5b/pkg/gui/controllers/helpers/drag_autoscroller.go#L137
pkg/gui/controllers/helpers/files_helper.go,13,func NewFilesHelper(c *HelperCommon) *FilesHelper {,pending,https://github.com/jesseduffield/lazygit/blob/c5f7158154602d23b0750d4304c73e2aead8df5b/pkg/gui/controllers/helpers/files_helper.go#L13
pkg/gui/controllers/helpers/files_helper.go,19,func (self *FilesHelper) EditFiles(filenames []string) error {,pending,https://github.com/jesseduffield/lazygit/blob/c5f7158154602d23b0750d4304c73e2aead8df5b/pkg/gui/controllers/helpers/files_helper.go#L19
pkg/gui/controllers/helpers/files_helper.go,31,"func (self *FilesHelper) EditFileAtLine(filename string, lineNumber int) error {",pending,https://github.com/jesseduffield/lazygit/blob/c5f7158154602d23b0750d4304c73e2aead8df5b/pkg/gui/controllers/helpers/files_helper.go#L31
pkg/gui/controllers/helpers/files_helper.go,40,"func (self *FilesHelper) EditFileAtLineAndWait(filename string, lineNumber int) error {",pending,https://github.com/jesseduffield/lazygit/blob/c5f7158154602d23b0750d4304c73e2aead8df5b/pkg/gui/controllers/helpers/files_helper.go#L40
pkg/gui/controllers/helpers/files_helper.go,61,func (self *FilesHelper) OpenDirInEditor(path string) error {,pending,https://github.com/jesseduffield/lazygit/blob/c5f7158154602d23b0750d4304c73e2aead8df5b/pkg/gui/controllers/helpers/files_helper.go#L61
pkg/gui/controllers/helpers/files_helper.go,71,"func (self *FilesHelper) callEditor(cmdStr string, suspend bool) error {",pending,https://github.com/jesseduffield/lazygit/blob/c5f7158154602d23b0750d4304c73e2aead8df5b/pkg/gui/controllers/helpers/files_helper.go#L71
pkg/gui/controllers/helpers/files_helper.go,81,func (self *FilesHelper) OpenFile(filename string) error {,pending,https://github.com/jesseduffield/lazygit/blob/c5f7158154602d23b0750d4304c73e2aead8df5b/pkg/gui/controllers/helpers/files_helper.go#L81
pkg/gui/controllers/helpers/fixup_helper.go,21,func NewFixupHelper(,pending,https://github.com/jesseduffield/lazygit/blob/c5f7158154602d23b0750d4304c73e2aead8df5b/pkg/gui/controllers/helpers/fixup_helper.go#L21
pkg/gui/controllers/helpers/fixup_helper.go,45,func (self *FixupHelper) HandleFindBaseCommitForFixupPress() error {,pending,https://github.com/jesseduffield/lazygit/blob/c5f7158154602d23b0750d4304c73e2aead8df5b/pkg/gui/controllers/helpers/fixup_helper.go#L45
pkg/gui/controllers/helpers/fixup_helper.go,150,"func getCommitsForHashes(commits []*models.Commit, hashes []string) []*models.Commit {",pending,https://github.com/jesseduffield/lazygit/blob/c5f7158154602d23b0750d4304c73e2aead8df5b/pkg/gui/controllers/helpers/fixup_helper.go#L150
pkg/gui/controllers/helpers/fixup_helper.go,167,func getHashesAndSubjects(commits []*models.Commit) string {,pending,https://github.com/jesseduffield/lazygit/blob/c5f7158154602d23b0750d4304c73e2aead8df5b/pkg/gui/controllers/helpers/fixup_helper.go#L167
pkg/gui/controllers/helpers/fixup_helper.go,174,func removeFixupCommits(commits []*models.Commit) []*models.Commit {,pending,https://github.com/jesseduffield/lazygit/blob/c5f7158154602d23b0750d4304c73e2aead8df5b/pkg/gui/controllers/helpers/fixup_helper.go#L174
pkg/gui/controllers/helpers/fixup_helper.go,196,"func (self *FixupHelper) getDiff() (string, bool, error) {",pending,https://github.com/jesseduffield/lazygit/blob/c5f7158154602d23b0750d4304c73e2aead8df5b/pkg/gui/controllers/helpers/fixup_helper.go#L196
pkg/gui/controllers/helpers/fixup_helper.go,215,"func parseDiff(diff string) ([]*hunk, []*hunk) {",pending,https://github.com/jesseduffield/lazygit/blob/c5f7158154602d23b0750d4304c73e2aead8df5b/pkg/gui/controllers/helpers/fixup_helper.go#L215
pkg/gui/controllers/helpers/fixup_helper.go,265,"func (self *FixupHelper) blameDeletedLines(deletedLineHunks []*hunk) ([]string, error) {",pending,https://github.com/jesseduffield/lazygit/blob/c5f7158154602d23b0750d4304c73e2aead8df5b/pkg/gui/controllers/helpers/fixup_helper.go#L265
pkg/gui/controllers/helpers/fixup_helper.go,299,"func (self *FixupHelper) blameAddedLines(commits []*models.Commit, addedLineHunks []*hunk) ([]string, error) {",pending,https://github.com/jesseduffield/lazygit/blob/c5f7158154602d23b0750d4304c73e2aead8df5b/pkg/gui/controllers/helpers/fixup_helper.go#L299
pkg/gui/controllers/helpers/fixup_helper.go,380,"func (self *FixupHelper) findCommit(commits []*models.Commit, hash string) (*models.Commit, int, bool) {",pending,https://github.com/jesseduffield/lazygit/blob/c5f7158154602d23b0750d4304c73e2aead8df5b/pkg/gui/controllers/helpers/fixup_helper.go#L380
pkg/gui/controllers/helpers/fixup_helper.go,389,"func IsFixupCommit(subject string) (string, bool) {",pending,https://github.com/jesseduffield/lazygit/blob/c5f7158154602d23b0750d4304c73e2aead8df5b/pkg/gui/controllers/helpers/fixup_helper.go#L389
pkg/gui/controllers/helpers/gpg_helper.go,16,func NewGpgHelper(c *HelperCommon) *GpgHelper {,pending,https://github.com/jesseduffield/lazygit/blob/c5f7158154602d23b0750d4304c73e2aead8df5b/pkg/gui/controllers/helpers/gpg_helper.go#L16
pkg/gui/controllers/helpers/gpg_helper.go,22,func (self *GpgHelper) WithGpgHandling(,pending,https://github.com/jesseduffield/lazygit/blob/c5f7158154602d23b0750d4304c73e2aead8df5b/pkg/gui/controllers/helpers/gpg_helper.go#L22
pkg/gui/controllers/helpers/gpg_helper.go,37,func (self *GpgHelper) WithGpgHandlingAndSelectHeadCommit(,pending,https://github.com/jesseduffield/lazygit/blob/c5f7158154602d23b0750d4304c73e2aead8df5b/pkg/gui/controllers/helpers/gpg_helper.go#L37
pkg/gui/controllers/helpers/gpg_helper.go,53,func (self *GpgHelper) withGpgHandling(,pending,https://github.com/jesseduffield/lazygit/blob/c5f7158154602d23b0750d4304c73e2aead8df5b/pkg/gui/controllers/helpers/gpg_helper.go#L53
pkg/gui/controllers/helpers/gpg_helper.go,82,func (self *GpgHelper) runAndStream(,pending,https://github.com/jesseduffield/lazygit/blob/c5f7158154602d23b0750d4304c73e2aead8df5b/pkg/gui/controllers/helpers/gpg_helper.go#L82
pkg/gui/controllers/helpers/helpers.go,58,func NewStubHelpers() *Helpers {,pending,https://github.com/jesseduffield/lazygit/blob/c5f7158154602d23b0750d4304c73e2aead8df5b/pkg/gui/controllers/helpers/helpers.go#L58
pkg/gui/controllers/helpers/host_helper.go,16,func NewHostHelper(,pending,https://github.com/jesseduffield/lazygit/blob/c5f7158154602d23b0750d4304c73e2aead8df5b/pkg/gui/controllers/helpers/host_helper.go#L16
pkg/gui/controllers/helpers/host_helper.go,27,"func (self *HostHelper) PullRequestForBranch(branchName string) (*models.GithubPullRequest, bool) {",pending,https://github.com/jesseduffield/lazygit/blob/c5f7158154602d23b0750d4304c73e2aead8df5b/pkg/gui/controllers/helpers/host_helper.go#L27
pkg/gui/controllers/helpers/host_helper.go,34,func (self *HostHelper) NoPullRequestDisabledReason(branchName string) *types.DisabledReason {,pending,https://github.com/jesseduffield/lazygit/blob/c5f7158154602d23b0750d4304c73e2aead8df5b/pkg/gui/controllers/helpers/host_helper.go#L34
pkg/gui/controllers/helpers/host_helper.go,42,"func (self *HostHelper) GetPullRequestURL(from string, to string) (string, error) {",pending,https://github.com/jesseduffield/lazygit/blob/c5f7158154602d23b0750d4304c73e2aead8df5b/pkg/gui/controllers/helpers/host_helper.go#L42
pkg/gui/controllers/helpers/host_helper.go,50,"func (self *HostHelper) GetCommitURL(commitHash string) (string, error) {",pending,https://github.com/jesseduffield/lazygit/blob/c5f7158154602d23b0750d4304c73e2aead8df5b/pkg/gui/controllers/helpers/host_helper.go#L50
pkg/gui/controllers/helpers/host_helper.go,60,"func (self *HostHelper) getHostingServiceMgr() (*hosting_service.HostingServiceMgr, error) {",pending,https://github.com/jesseduffield/lazygit/blob/c5f7158154602d23b0750d4304c73e2aead8df5b/pkg/gui/controllers/helpers/host_helper.go#L60
pkg/gui/controllers/helpers/inline_status_helper.go,21,"func NewInlineStatusHelper(c *HelperCommon, windowHelper *WindowHelper) *InlineStatusHelper {",pending,https://github.com/jesseduffield/lazygit/blob/c5f7158154602d23b0750d4304c73e2aead8df5b/pkg/gui/controllers/helpers/inline_status_helper.go#L21
pkg/gui/controllers/helpers/inline_status_helper.go,53,func (self inlineStatusHelperTask) Pause() {,pending,https://github.com/jesseduffield/lazygit/blob/c5f7158154602d23b0750d4304c73e2aead8df5b/pkg/gui/controllers/helpers/inline_status_helper.go#L53
pkg/gui/controllers/helpers/inline_status_helper.go,60,func (self inlineStatusHelperTask) Continue() {,pending,https://github.com/jesseduffield/lazygit/blob/c5f7158154602d23b0750d4304c73e2aead8df5b/pkg/gui/controllers/helpers/inline_status_helper.go#L60
pkg/gui/controllers/helpers/inline_status_helper.go,65,"func (self *InlineStatusHelper) WithInlineStatus(opts InlineStatusOpts, f func(gocui.Task) error) {",pending,https://github.com/jesseduffield/lazygit/blob/c5f7158154602d23b0750d4304c73e2aead8df5b/pkg/gui/controllers/helpers/inline_status_helper.go#L65
pkg/gui/controllers/helpers/inline_status_helper.go,99,"func WithInlineStatusOnItems[T types.HasUrn](c *HelperCommon, items []T, operation types.ItemOperation, contextKey types.ContextKey, f func(gocui.Task) error) error {",pending,https://github.com/jesseduffield/lazygit/blob/c5f7158154602d23b0750d4304c73e2aead8df5b/pkg/gui/controllers/helpers/inline_status_helper.go#L99
pkg/gui/controllers/helpers/inline_status_helper.go,114,func (self *InlineStatusHelper) start(opts InlineStatusOpts) {,pending,https://github.com/jesseduffield/lazygit/blob/c5f7158154602d23b0750d4304c73e2aead8df5b/pkg/gui/controllers/helpers/inline_status_helper.go#L114
pkg/gui/controllers/helpers/inline_status_helper.go,143,func (self *InlineStatusHelper) stop(opts InlineStatusOpts) {,pending,https://github.com/jesseduffield/lazygit/blob/c5f7158154602d23b0750d4304c73e2aead8df5b/pkg/gui/controllers/helpers/inline_status_helper.go#L143
pkg/gui/controllers/helpers/inline_status_helper.go,173,func (self *InlineStatusHelper) renderContext(contextKey types.ContextKey) {,pending,https://github.com/jesseduffield/lazygit/blob/c5f7158154602d23b0750d4304c73e2aead8df5b/pkg/gui/controllers/helpers/inline_status_helper.go#L173
pkg/gui/controllers/helpers/menu_key.go,9,func menuKey(r rune) []gocui.Key {,pending,https://github.com/jesseduffield/lazygit/blob/c5f7158154602d23b0750d4304c73e2aead8df5b/pkg/gui/controllers/helpers/menu_key.go#L9
pkg/gui/controllers/helpers/merge_and_rebase_helper.go,30,func NewMergeAndRebaseHelper(,pending,https://github.com/jesseduffield/lazygit/blob/c5f7158154602d23b0750d4304c73e2aead8df5b/pkg/gui/controllers/helpers/merge_and_rebase_helper.go#L30
pkg/gui/controllers/helpers/merge_and_rebase_helper.go,46,func (self *MergeAndRebaseHelper) CreateRebaseOptionsMenu() error {,pending,https://github.com/jesseduffield/lazygit/blob/c5f7158154602d23b0750d4304c73e2aead8df5b/pkg/gui/controllers/helpers/merge_and_rebase_helper.go#L46
pkg/gui/controllers/helpers/merge_and_rebase_helper.go,77,func (self *MergeAndRebaseHelper) ContinueRebase() error {,pending,https://github.com/jesseduffield/lazygit/blob/c5f7158154602d23b0750d4304c73e2aead8df5b/pkg/gui/controllers/helpers/merge_and_rebase_helper.go#L77
pkg/gui/controllers/helpers/merge_and_rebase_helper.go,81,func (self *MergeAndRebaseHelper) genericMergeCommand(command string) error {,pending,https://github.com/jesseduffield/lazygit/blob/c5f7158154602d23b0750d4304c73e2aead8df5b/pkg/gui/controllers/helpers/merge_and_rebase_helper.go#L81
pkg/gui/controllers/helpers/merge_and_rebase_helper.go,97,"func (self *MergeAndRebaseHelper) genericMergeCommandImpl(command string, showWaitingStatus bool, calledFromWorker bool) error {",pending,https://github.com/jesseduffield/lazygit/blob/c5f7158154602d23b0750d4304c73e2aead8df5b/pkg/gui/controllers/helpers/merge_and_rebase_helper.go#L97
pkg/gui/controllers/helpers/merge_and_rebase_helper.go,164,func commitSelectionAfterMerge(createdNewCommit bool) types.CommitSelectionBehavior {,pending,https://github.com/jesseduffield/lazygit/blob/c5f7158154602d23b0750d4304c73e2aead8df5b/pkg/gui/controllers/helpers/merge_and_rebase_helper.go#L164
pkg/gui/controllers/helpers/merge_and_rebase_helper.go,171,func (self *MergeAndRebaseHelper) hasExecTodos(calledFromWorker bool) bool {,pending,https://github.com/jesseduffield/lazygit/blob/c5f7158154602d23b0750d4304c73e2aead8df5b/pkg/gui/controllers/helpers/merge_and_rebase_helper.go#L171
pkg/gui/controllers/helpers/merge_and_rebase_helper.go,207,func isMergeConflictErr(errStr string) bool {,pending,https://github.com/jesseduffield/lazygit/blob/c5f7158154602d23b0750d4304c73e2aead8df5b/pkg/gui/controllers/helpers/merge_and_rebase_helper.go#L207
pkg/gui/controllers/helpers/merge_and_rebase_helper.go,222,func (self *MergeAndRebaseHelper) RecordWhetherMergeOrRebaseStartedInLazygit() {,pending,https://github.com/jesseduffield/lazygit/blob/c5f7158154602d23b0750d4304c73e2aead8df5b/pkg/gui/controllers/helpers/merge_and_rebase_helper.go#L222
pkg/gui/controllers/helpers/merge_and_rebase_helper.go,230,"func (self *MergeAndRebaseHelper) CheckMergeOrRebaseWithRefreshOptions(result error, refreshOptions types.RefreshOptions) error {",pending,https://github.com/jesseduffield/lazygit/blob/c5f7158154602d23b0750d4304c73e2aead8df5b/pkg/gui/controllers/helpers/merge_and_rebase_helper.go#L230
pkg/gui/controllers/helpers/merge_and_rebase_helper.go,252,"func (self *MergeAndRebaseHelper) refreshAfterMergeOrRebase(refreshOptions types.RefreshOptions, calledFromWorker bool) {",pending,https://github.com/jesseduffield/lazygit/blob/c5f7158154602d23b0750d4304c73e2aead8df5b/pkg/gui/controllers/helpers/merge_and_rebase_helper.go#L252
pkg/gui/controllers/helpers/merge_and_rebase_helper.go,260,func (self *MergeAndRebaseHelper) CheckMergeOrRebase(result error) error {,pending,https://github.com/jesseduffield/lazygit/blob/c5f7158154602d23b0750d4304c73e2aead8df5b/pkg/gui/controllers/helpers/merge_and_rebase_helper.go#L260
pkg/gui/controllers/helpers/merge_and_rebase_helper.go,268,func (self *MergeAndRebaseHelper) CheckMergeOrRebaseAndSelectHeadCommit(result error) error {,pending,https://github.com/jesseduffield/lazygit/blob/c5f7158154602d23b0750d4304c73e2aead8df5b/pkg/gui/controllers/helpers/merge_and_rebase_helper.go#L268
pkg/gui/controllers/helpers/merge_and_rebase_helper.go,273,func (self *MergeAndRebaseHelper) CheckForConflicts(result error) error {,pending,https://github.com/jesseduffield/lazygit/blob/c5f7158154602d23b0750d4304c73e2aead8df5b/pkg/gui/controllers/helpers/merge_and_rebase_helper.go#L273
pkg/gui/controllers/helpers/merge_and_rebase_helper.go,285,func (self *MergeAndRebaseHelper) PromptForConflictHandling() error {,pending,https://github.com/jesseduffield/lazygit/blob/c5f7158154602d23b0750d4304c73e2aead8df5b/pkg/gui/controllers/helpers/merge_and_rebase_helper.go#L285
pkg/gui/controllers/helpers/merge_and_rebase_helper.go,309,func (self *MergeAndRebaseHelper) AbortMergeOrRebaseWithConfirm() error {,pending,https://github.com/jesseduffield/lazygit/blob/c5f7158154602d23b0750d4304c73e2aead8df5b/pkg/gui/controllers/helpers/merge_and_rebase_helper.go#L309
pkg/gui/controllers/helpers/merge_and_rebase_helper.go,324,func (self *MergeAndRebaseHelper) PromptToContinueRebase() {,pending,https://github.com/jesseduffield/lazygit/blob/c5f7158154602d23b0750d4304c73e2aead8df5b/pkg/gui/controllers/helpers/merge_and_rebase_helper.go#L324
pkg/gui/controllers/helpers/merge_and_rebase_helper.go,384,func (self *MergeAndRebaseHelper) DismissContinueRebasePromptIfShowing() {,pending,https://github.com/jesseduffield/lazygit/blob/c5f7158154602d23b0750d4304c73e2aead8df5b/pkg/gui/controllers/helpers/merge_and_rebase_helper.go#L384
pkg/gui/controllers/helpers/merge_and_rebase_helper.go,399,func (self *MergeAndRebaseHelper) RebaseOntoRef(ref string) error {,pending,https://github.com/jesseduffield/lazygit/blob/c5f7158154602d23b0750d4304c73e2aead8df5b/pkg/gui/controllers/helpers/merge_and_rebase_helper.go#L399
pkg/gui/controllers/helpers/merge_and_rebase_helper.go,518,func (self *MergeAndRebaseHelper) MergeRefIntoCheckedOutBranch(refName string) error {,pending,https://github.com/jesseduffield/lazygit/blob/c5f7158154602d23b0750d4304c73e2aead8df5b/pkg/gui/controllers/helpers/merge_and_rebase_helper.go#L518
pkg/gui/controllers/helpers/merge_and_rebase_helper.go,634,"func (self *MergeAndRebaseHelper) RegularMerge(refName string, variant git_commands.MergeVariant) func() error {",pending,https://github.com/jesseduffield/lazygit/blob/c5f7158154602d23b0750d4304c73e2aead8df5b/pkg/gui/controllers/helpers/merge_and_rebase_helper.go#L634
pkg/gui/controllers/helpers/merge_and_rebase_helper.go,644,func (self *MergeAndRebaseHelper) SquashMergeUncommitted(refName string) func() error {,pending,https://github.com/jesseduffield/lazygit/blob/c5f7158154602d23b0750d4304c73e2aead8df5b/pkg/gui/controllers/helpers/merge_and_rebase_helper.go#L644
pkg/gui/controllers/helpers/merge_and_rebase_helper.go,654,"func (self *MergeAndRebaseHelper) SquashMergeCommitted(refName, checkedOutBranchName string) func() error {",pending,https://github.com/jesseduffield/lazygit/blob/c5f7158154602d23b0750d4304c73e2aead8df5b/pkg/gui/controllers/helpers/merge_and_rebase_helper.go#L654
pkg/gui/controllers/helpers/merge_and_rebase_helper.go,677,"func (self *MergeAndRebaseHelper) fastForwardMergeUserPreference() (bool, bool) {",pending,https://github.com/jesseduffield/lazygit/blob/c5f7158154602d23b0750d4304c73e2aead8df5b/pkg/gui/controllers/helpers/merge_and_rebase_helper.go#L677
pkg/gui/controllers/helpers/merge_and_rebase_helper.go,701,func (self *MergeAndRebaseHelper) ResetMarkedBaseCommit() error {,pending,https://github.com/jesseduffield/lazygit/blob/c5f7158154602d23b0750d4304c73e2aead8df5b/pkg/gui/controllers/helpers/merge_and_rebase_helper.go#L701
pkg/gui/controllers/helpers/merge_conflicts_helper.go,13,func NewMergeConflictsHelper(,pending,https://github.com/jesseduffield/lazygit/blob/c5f7158154602d23b0750d4304c73e2aead8df5b/pkg/gui/controllers/helpers/merge_conflicts_helper.go#L13
pkg/gui/controllers/helpers/merge_conflicts_helper.go,21,"func (self *MergeConflictsHelper) SetMergeState(file *models.File) (bool, error) {",pending,https://github.com/jesseduffield/lazygit/blob/c5f7158154602d23b0750d4304c73e2aead8df5b/pkg/gui/controllers/helpers/merge_conflicts_helper.go#L21
pkg/gui/controllers/helpers/merge_conflicts_helper.go,28,"func (self *MergeConflictsHelper) setMergeStateWithoutLock(path string, markerSize int) (bool, error) {",pending,https://github.com/jesseduffield/lazygit/blob/c5f7158154602d23b0750d4304c73e2aead8df5b/pkg/gui/controllers/helpers/merge_conflicts_helper.go#L28
pkg/gui/controllers/helpers/merge_conflicts_helper.go,43,func (self *MergeConflictsHelper) ResetMergeState() {,pending,https://github.com/jesseduffield/lazygit/blob/c5f7158154602d23b0750d4304c73e2aead8df5b/pkg/gui/controllers/helpers/merge_conflicts_helper.go#L43
pkg/gui/controllers/helpers/merge_conflicts_helper.go,50,func (self *MergeConflictsHelper) resetMergeState() {,pending,https://github.com/jesseduffield/lazygit/blob/c5f7158154602d23b0750d4304c73e2aead8df5b/pkg/gui/controllers/helpers/merge_conflicts_helper.go#L50
pkg/gui/controllers/helpers/merge_conflicts_helper.go,59,func (self *MergeConflictsHelper) EscapeMerge() {,pending,https://github.com/jesseduffield/lazygit/blob/c5f7158154602d23b0750d4304c73e2aead8df5b/pkg/gui/controllers/helpers/merge_conflicts_helper.go#L59
pkg/gui/controllers/helpers/merge_conflicts_helper.go,72,"func (self *MergeConflictsHelper) SetConflictsAndRender() (bool, error) {",pending,https://github.com/jesseduffield/lazygit/blob/c5f7158154602d23b0750d4304c73e2aead8df5b/pkg/gui/controllers/helpers/merge_conflicts_helper.go#L72
pkg/gui/controllers/helpers/merge_conflicts_helper.go,89,func (self *MergeConflictsHelper) SwitchToMerge(file *models.File) error {,pending,https://github.com/jesseduffield/lazygit/blob/c5f7158154602d23b0750d4304c73e2aead8df5b/pkg/gui/controllers/helpers/merge_conflicts_helper.go#L89
pkg/gui/controllers/helpers/merge_conflicts_helper.go,104,func (self *MergeConflictsHelper) context() *context.MergeConflictsContext {,pending,https://github.com/jesseduffield/lazygit/blob/c5f7158154602d23b0750d4304c73e2aead8df5b/pkg/gui/controllers/helpers/merge_conflicts_helper.go#L104
pkg/gui/controllers/helpers/merge_conflicts_helper.go,108,func (self *MergeConflictsHelper) Render() {,pending,https://github.com/jesseduffield/lazygit/blob/c5f7158154602d23b0750d4304c73e2aead8df5b/pkg/gui/controllers/helpers/merge_conflicts_helper.go#L108
pkg/gui/controllers/helpers/merge_conflicts_helper.go,127,func (self *MergeConflictsHelper) RefreshMergeState() error {,pending,https://github.com/jesseduffield/lazygit/blob/c5f7158154602d23b0750d4304c73e2aead8df5b/pkg/gui/controllers/helpers/merge_conflicts_helper.go#L127
pkg/gui/controllers/helpers/mode_helper.go,24,func NewModeHelper(,pending,https://github.com/jesseduffield/lazygit/blob/c5f7158154602d23b0750d4304c73e2aead8df5b/pkg/gui/controllers/helpers/mode_helper.go#L24
pkg/gui/controllers/helpers/mode_helper.go,49,func (self *ModeHelper) Statuses() []ModeStatus {,pending,https://github.com/jesseduffield/lazygit/blob/c5f7158154602d23b0750d4304c73e2aead8df5b/pkg/gui/controllers/helpers/mode_helper.go#L49
pkg/gui/controllers/helpers/mode_helper.go,162,"func (self *ModeHelper) withResetButton(content string, textStyle style.TextStyle) string {",pending,https://github.com/jesseduffield/lazygit/blob/c5f7158154602d23b0750d4304c73e2aead8df5b/pkg/gui/controllers/helpers/mode_helper.go#L162
pkg/gui/controllers/helpers/mode_helper.go,170,"func (self *ModeHelper) GetActiveMode() (ModeStatus, bool) {",pending,https://github.com/jesseduffield/lazygit/blob/c5f7158154602d23b0750d4304c73e2aead8df5b/pkg/gui/controllers/helpers/mode_helper.go#L170
pkg/gui/controllers/helpers/mode_helper.go,176,func (self *ModeHelper) IsAnyModeActive() bool {,pending,https://github.com/jesseduffield/lazygit/blob/c5f7158154602d23b0750d4304c73e2aead8df5b/pkg/gui/controllers/helpers/mode_helper.go#L176
pkg/gui/controllers/helpers/mode_helper.go,182,func (self *ModeHelper) ExitFilterMode() error {,pending,https://github.com/jesseduffield/lazygit/blob/c5f7158154602d23b0750d4304c73e2aead8df5b/pkg/gui/controllers/helpers/mode_helper.go#L182
pkg/gui/controllers/helpers/mode_helper.go,186,func (self *ModeHelper) SetFilteringPath(path string) error {,pending,https://github.com/jesseduffield/lazygit/blob/c5f7158154602d23b0750d4304c73e2aead8df5b/pkg/gui/controllers/helpers/mode_helper.go#L186
pkg/gui/controllers/helpers/mode_helper.go,192,func (self *ModeHelper) SetFilteringAuthor(author string) error {,pending,https://github.com/jesseduffield/lazygit/blob/c5f7158154602d23b0750d4304c73e2aead8df5b/pkg/gui/controllers/helpers/mode_helper.go#L192
pkg/gui/controllers/helpers/mode_helper.go,198,func (self *ModeHelper) setFiltering(setFilter func()) error {,pending,https://github.com/jesseduffield/lazygit/blob/c5f7158154602d23b0750d4304c73e2aead8df5b/pkg/gui/controllers/helpers/mode_helper.go#L198
pkg/gui/controllers/helpers/mode_helper.go,213,func (self *ModeHelper) ClearFiltering() error {,pending,https://github.com/jesseduffield/lazygit/blob/c5f7158154602d23b0750d4304c73e2aead8df5b/pkg/gui/controllers/helpers/mode_helper.go#L213
pkg/gui/controllers/helpers/mode_helper.go,250,"func (self *ModeHelper) changeFiltering(setFilter func(), selectCommit func()) error {",pending,https://github.com/jesseduffield/lazygit/blob/c5f7158154602d23b0750d4304c73e2aead8df5b/pkg/gui/controllers/helpers/mode_helper.go#L250
pkg/gui/controllers/helpers/mode_helper.go,282,func ScopesToRefreshWhenFilteringModeChanges() []types.RefreshableView {,pending,https://github.com/jesseduffield/lazygit/blob/c5f7158154602d23b0750d4304c73e2aead8df5b/pkg/gui/controllers/helpers/mode_helper.go#L282
pkg/gui/controllers/helpers/mode_helper.go,291,func (self *ModeHelper) SetSuppressWorkingTreeStateMode(value bool) {,pending,https://github.com/jesseduffield/lazygit/blob/c5f7158154602d23b0750d4304c73e2aead8df5b/pkg/gui/controllers/helpers/mode_helper.go#L291
pkg/gui/controllers/helpers/record_directory_helper.go,11,func NewRecordDirectoryHelper(c *HelperCommon) *RecordDirectoryHelper {,pending,https://github.com/jesseduffield/lazygit/blob/c5f7158154602d23b0750d4304c73e2aead8df5b/pkg/gui/controllers/helpers/record_directory_helper.go#L11
pkg/gui/controllers/helpers/record_directory_helper.go,21,func (self *RecordDirectoryHelper) RecordCurrentDirectory() error {,pending,https://github.com/jesseduffield/lazygit/blob/c5f7158154602d23b0750d4304c73e2aead8df5b/pkg/gui/controllers/helpers/record_directory_helper.go#L21
pkg/gui/controllers/helpers/record_directory_helper.go,30,func (self *RecordDirectoryHelper) RecordDirectory(dirName string) error {,pending,https://github.com/jesseduffield/lazygit/blob/c5f7158154602d23b0750d4304c73e2aead8df5b/pkg/gui/controllers/helpers/record_directory_helper.go#L30
pkg/gui/controllers/helpers/refresh_helper.go,59,func NewRefreshHelper(,pending,https://github.com/jesseduffield/lazygit/blob/c5f7158154602d23b0750d4304c73e2aead8df5b/pkg/gui/controllers/helpers/refresh_helper.go#L59
pkg/gui/controllers/helpers/refresh_helper.go,77,func (self *RefreshHelper) Refresh(options types.RefreshOptions) {,pending,https://github.com/jesseduffield/lazygit/blob/c5f7158154602d23b0750d4304c73e2aead8df5b/pkg/gui/controllers/helpers/refresh_helper.go#L77
pkg/gui/controllers/helpers/refresh_helper.go,83,func (self *RefreshHelper) RefreshBlockingInput(options types.RefreshOptions) {,pending,https://github.com/jesseduffield/lazygit/blob/c5f7158154602d23b0750d4304c73e2aead8df5b/pkg/gui/controllers/helpers/refresh_helper.go#L83
pkg/gui/controllers/helpers/refresh_helper.go,90,func (self *RefreshHelper) RefreshFromWorker(options types.RefreshOptions) {,pending,https://github.com/jesseduffield/lazygit/blob/c5f7158154602d23b0750d4304c73e2aead8df5b/pkg/gui/controllers/helpers/refresh_helper.go#L90
pkg/gui/controllers/helpers/refresh_helper.go,153,func (self *refreshBounceBatch) add(f func()) bool {,pending,https://github.com/jesseduffield/lazygit/blob/c5f7158154602d23b0750d4304c73e2aead8df5b/pkg/gui/controllers/helpers/refresh_helper.go#L153
pkg/gui/controllers/helpers/refresh_helper.go,165,func (self *refreshBounceBatch) close() []func() {,pending,https://github.com/jesseduffield/lazygit/blob/c5f7158154602d23b0750d4304c73e2aead8df5b/pkg/gui/controllers/helpers/refresh_helper.go#L165
pkg/gui/controllers/helpers/refresh_helper.go,173,"func (self *RefreshHelper) performRefresh(options types.RefreshOptions, calledFromWorker bool, blockInput bool) {",pending,https://github.com/jesseduffield/lazygit/blob/c5f7158154602d23b0750d4304c73e2aead8df5b/pkg/gui/controllers/helpers/refresh_helper.go#L173
pkg/gui/controllers/helpers/refresh_helper.go,579,func (self *RefreshHelper) SetRefsSnapshot(snapshot string) {,pending,https://github.com/jesseduffield/lazygit/blob/c5f7158154602d23b0750d4304c73e2aead8df5b/pkg/gui/controllers/helpers/refresh_helper.go#L579
pkg/gui/controllers/helpers/refresh_helper.go,587,func (self *RefreshHelper) RefsSnapshotChangedSince(snapshot string) bool {,pending,https://github.com/jesseduffield/lazygit/blob/c5f7158154602d23b0750d4304c73e2aead8df5b/pkg/gui/controllers/helpers/refresh_helper.go#L587
pkg/gui/controllers/helpers/refresh_helper.go,614,"func (self *RefreshHelper) updateRefsSnapshotIfRelevant(scopeSet *set.Set[types.RefreshableView], env refreshEnv) {",pending,https://github.com/jesseduffield/lazygit/blob/c5f7158154602d23b0750d4304c73e2aead8df5b/pkg/gui/controllers/helpers/refresh_helper.go#L614
pkg/gui/controllers/helpers/refresh_helper.go,627,func getScopeNames(scopes []types.RefreshableView) []string {,pending,https://github.com/jesseduffield/lazygit/blob/c5f7158154602d23b0750d4304c73e2aead8df5b/pkg/gui/controllers/helpers/refresh_helper.go#L627
pkg/gui/controllers/helpers/refresh_helper.go,678,func (self *RefreshHelper) captureReflogState() capturedReflogState {,pending,https://github.com/jesseduffield/lazygit/blob/c5f7158154602d23b0750d4304c73e2aead8df5b/pkg/gui/controllers/helpers/refresh_helper.go#L678
pkg/gui/controllers/helpers/refresh_helper.go,700,func (self *RefreshHelper) captureBranchState() capturedBranchState {,pending,https://github.com/jesseduffield/lazygit/blob/c5f7158154602d23b0750d4304c73e2aead8df5b/pkg/gui/controllers/helpers/refresh_helper.go#L700
pkg/gui/controllers/helpers/refresh_helper.go,707,"func (self *RefreshHelper) refreshReflogAndBranches(capturedReflog capturedReflogState, capturedBranches capturedBranchState, waitForWorktrees func(), waitForRemotes func(), branchSelection types.BranchSelectionBehavior, selectTopReflogCommit bool, env refreshEnv) []*models.Branch {",pending,https://github.com/jesseduffield/lazygit/blob/c5f7158154602d23b0750d4304c73e2aead8df5b/pkg/gui/controllers/helpers/refresh_helper.go#L707
pkg/gui/controllers/helpers/refresh_helper.go,753,func (self *RefreshHelper) captureCommitsState() capturedCommitState {,pending,https://github.com/jesseduffield/lazygit/blob/c5f7158154602d23b0750d4304c73e2aead8df5b/pkg/gui/controllers/helpers/refresh_helper.go#L753
pkg/gui/controllers/helpers/refresh_helper.go,767,"func (self *RefreshHelper) refreshCommitsAndCommitFiles(captured capturedCommitState, commitSelection types.CommitSelectionBehavior, env refreshEnv) {",pending,https://github.com/jesseduffield/lazygit/blob/c5f7158154602d23b0750d4304c73e2aead8df5b/pkg/gui/controllers/helpers/refresh_helper.go#L767
pkg/gui/controllers/helpers/refresh_helper.go,797,func (self *RefreshHelper) determineCheckedOutRef(env refreshEnv) models.Ref {,pending,https://github.com/jesseduffield/lazygit/blob/c5f7158154602d23b0750d4304c73e2aead8df5b/pkg/gui/controllers/helpers/refresh_helper.go#L797
pkg/gui/controllers/helpers/refresh_helper.go,823,"func (self *RefreshHelper) refreshCommitsWithLimit(captured capturedCommitState, commitSelection types.CommitSelectionBehavior, env refreshEnv) error {",pending,https://github.com/jesseduffield/lazygit/blob/c5f7158154602d23b0750d4304c73e2aead8df5b/pkg/gui/controllers/helpers/refresh_helper.go#L823
pkg/gui/controllers/helpers/refresh_helper.go,895,func captureLocalCommitSelectionRange(,pending,https://github.com/jesseduffield/lazygit/blob/c5f7158154602d23b0750d4304c73e2aead8df5b/pkg/gui/controllers/helpers/refresh_helper.go#L895
pkg/gui/controllers/helpers/refresh_helper.go,914,func findLocalCommitSelectionRange(,pending,https://github.com/jesseduffield/lazygit/blob/c5f7158154602d23b0750d4304c73e2aead8df5b/pkg/gui/controllers/helpers/refresh_helper.go#L914
pkg/gui/controllers/helpers/refresh_helper.go,936,"func findCommitByHashPreferringTODOStatus(commits []*models.Commit, hash string, isTODO bool) (int, bool) {",pending,https://github.com/jesseduffield/lazygit/blob/c5f7158154602d23b0750d4304c73e2aead8df5b/pkg/gui/controllers/helpers/refresh_helper.go#L936
pkg/gui/controllers/helpers/refresh_helper.go,953,"func hasRestorableCommitHash(commits []*models.Commit, idx int) bool {",pending,https://github.com/jesseduffield/lazygit/blob/c5f7158154602d23b0750d4304c73e2aead8df5b/pkg/gui/controllers/helpers/refresh_helper.go#L953
pkg/gui/controllers/helpers/refresh_helper.go,959,"func findNewConflictedCommit(previousCommits []*models.Commit, commits []*models.Commit) *int {",pending,https://github.com/jesseduffield/lazygit/blob/c5f7158154602d23b0750d4304c73e2aead8df5b/pkg/gui/controllers/helpers/refresh_helper.go#L959
pkg/gui/controllers/helpers/refresh_helper.go,990,func (self *RefreshHelper) captureSubCommitState() capturedSubCommitState {,pending,https://github.com/jesseduffield/lazygit/blob/c5f7158154602d23b0750d4304c73e2aead8df5b/pkg/gui/controllers/helpers/refresh_helper.go#L990
pkg/gui/controllers/helpers/refresh_helper.go,1002,"func (self *RefreshHelper) refreshSubCommitsWithLimit(captured capturedSubCommitState, env refreshEnv) error {",pending,https://github.com/jesseduffield/lazygit/blob/c5f7158154602d23b0750d4304c73e2aead8df5b/pkg/gui/controllers/helpers/refresh_helper.go#L1002
pkg/gui/controllers/helpers/refresh_helper.go,1032,func (self *RefreshHelper) RefreshAuthors(commits []*models.Commit) {,pending,https://github.com/jesseduffield/lazygit/blob/c5f7158154602d23b0750d4304c73e2aead8df5b/pkg/gui/controllers/helpers/refresh_helper.go#L1032
pkg/gui/controllers/helpers/refresh_helper.go,1059,func (self *RefreshHelper) captureCommitFilesState() capturedCommitFilesState {,pending,https://github.com/jesseduffield/lazygit/blob/c5f7158154602d23b0750d4304c73e2aead8df5b/pkg/gui/controllers/helpers/refresh_helper.go#L1059
pkg/gui/controllers/helpers/refresh_helper.go,1070,"func (self *RefreshHelper) refreshCommitFilesContext(captured capturedCommitFilesState, env refreshEnv) error {",pending,https://github.com/jesseduffield/lazygit/blob/c5f7158154602d23b0750d4304c73e2aead8df5b/pkg/gui/controllers/helpers/refresh_helper.go#L1070
pkg/gui/controllers/helpers/refresh_helper.go,1089,"func (self *RefreshHelper) captureRebaseCommitState() (hashPool *utils.StringPool, commits []*models.Commit) {",pending,https://github.com/jesseduffield/lazygit/blob/c5f7158154602d23b0750d4304c73e2aead8df5b/pkg/gui/controllers/helpers/refresh_helper.go#L1089
pkg/gui/controllers/helpers/refresh_helper.go,1093,"func (self *RefreshHelper) refreshRebaseCommits(hashPool *utils.StringPool, commits []*models.Commit, env refreshEnv) error {",pending,https://github.com/jesseduffield/lazygit/blob/c5f7158154602d23b0750d4304c73e2aead8df5b/pkg/gui/controllers/helpers/refresh_helper.go#L1093
pkg/gui/controllers/helpers/refresh_helper.go,1109,func (self *RefreshHelper) refreshTags(env refreshEnv) error {,pending,https://github.com/jesseduffield/lazygit/blob/c5f7158154602d23b0750d4304c73e2aead8df5b/pkg/gui/controllers/helpers/refresh_helper.go#L1109
pkg/gui/controllers/helpers/refresh_helper.go,1123,"func (self *RefreshHelper) refreshStateSubmoduleConfigs(env refreshEnv) ([]*models.SubmoduleConfig, error) {",pending,https://github.com/jesseduffield/lazygit/blob/c5f7158154602d23b0750d4304c73e2aead8df5b/pkg/gui/controllers/helpers/refresh_helper.go#L1123
pkg/gui/controllers/helpers/refresh_helper.go,1129,"func (self *RefreshHelper) refreshBranches(captured capturedBranchState, waitForWorktrees func(), waitForRemotes func(), branchSelection types.BranchSelectionBehavior, loadExtraInfo bool, reflogCommits []*models.Commit, env refreshEnv) []*models.Branch {",pending,https://github.com/jesseduffield/lazygit/blob/c5f7158154602d23b0750d4304c73e2aead8df5b/pkg/gui/controllers/helpers/refresh_helper.go#L1129
pkg/gui/controllers/helpers/refresh_helper.go,1223,"func (self *RefreshHelper) refreshFilesAndSubmodules(captured capturedFilesState, env refreshEnv) error {",pending,https://github.com/jesseduffield/lazygit/blob/c5f7158154602d23b0750d4304c73e2aead8df5b/pkg/gui/controllers/helpers/refresh_helper.go#L1223
pkg/gui/controllers/helpers/refresh_helper.go,1246,"func (self *RefreshHelper) onUIThreadUnlessRepoChanged(env refreshEnv, f func()) {",pending,https://github.com/jesseduffield/lazygit/blob/c5f7158154602d23b0750d4304c73e2aead8df5b/pkg/gui/controllers/helpers/refresh_helper.go#L1246
pkg/gui/controllers/helpers/refresh_helper.go,1269,"func (self *RefreshHelper) onWorker(background bool, f func(gocui.Task) error) {",pending,https://github.com/jesseduffield/lazygit/blob/c5f7158154602d23b0750d4304c73e2aead8df5b/pkg/gui/controllers/helpers/refresh_helper.go#L1269
pkg/gui/controllers/helpers/refresh_helper.go,1277,"func (self *RefreshHelper) onUIThread(background bool, f func() error) {",pending,https://github.com/jesseduffield/lazygit/blob/c5f7158154602d23b0750d4304c73e2aead8df5b/pkg/gui/controllers/helpers/refresh_helper.go#L1277
pkg/gui/controllers/helpers/refresh_helper.go,1301,"func (self *RefreshHelper) captureOnUIThread(calledFromWorker bool, background bool, fn func()) bool {",pending,https://github.com/jesseduffield/lazygit/blob/c5f7158154602d23b0750d4304c73e2aead8df5b/pkg/gui/controllers/helpers/refresh_helper.go#L1301
pkg/gui/controllers/helpers/refresh_helper.go,1324,func (self *RefreshHelper) captureFilesState() capturedFilesState {,pending,https://github.com/jesseduffield/lazygit/blob/c5f7158154602d23b0750d4304c73e2aead8df5b/pkg/gui/controllers/helpers/refresh_helper.go#L1324
pkg/gui/controllers/helpers/refresh_helper.go,1331,"func (self *RefreshHelper) refreshStateFiles(captured capturedFilesState, env refreshEnv, submoduleConfigs []*models.SubmoduleConfig) error {",pending,https://github.com/jesseduffield/lazygit/blob/c5f7158154602d23b0750d4304c73e2aead8df5b/pkg/gui/controllers/helpers/refresh_helper.go#L1331
pkg/gui/controllers/helpers/refresh_helper.go,1458,"func markWorktreeFiles(files []*models.File, worktrees []*models.Worktree, worktreePath string) bool {",pending,https://github.com/jesseduffield/lazygit/blob/c5f7158154602d23b0750d4304c73e2aead8df5b/pkg/gui/controllers/helpers/refresh_helper.go#L1458
pkg/gui/controllers/helpers/refresh_helper.go,1492,"func (self *RefreshHelper) refreshReflogCommits(captured capturedReflogState, env refreshEnv, selectTopEntry bool) ([]*models.Commit, error) {",pending,https://github.com/jesseduffield/lazygit/blob/c5f7158154602d23b0750d4304c73e2aead8df5b/pkg/gui/controllers/helpers/refresh_helper.go#L1492
pkg/gui/controllers/helpers/refresh_helper.go,1541,"func (self *RefreshHelper) refreshRemotes(prevSelectedRemote *models.Remote, remotesLoaded func(), env refreshEnv) []*models.Remote {",pending,https://github.com/jesseduffield/lazygit/blob/c5f7158154602d23b0750d4304c73e2aead8df5b/pkg/gui/controllers/helpers/refresh_helper.go#L1541
pkg/gui/controllers/helpers/refresh_helper.go,1606,"func remotesWithCarriedOverBranches(remotes []*models.Remote, modelRemotes []*models.Remote) []*models.Remote {",pending,https://github.com/jesseduffield/lazygit/blob/c5f7158154602d23b0750d4304c73e2aead8df5b/pkg/gui/controllers/helpers/refresh_helper.go#L1606
pkg/gui/controllers/helpers/refresh_helper.go,1618,func (self *RefreshHelper) loadWorktrees(env refreshEnv) []*models.Worktree {,pending,https://github.com/jesseduffield/lazygit/blob/c5f7158154602d23b0750d4304c73e2aead8df5b/pkg/gui/controllers/helpers/refresh_helper.go#L1618
pkg/gui/controllers/helpers/refresh_helper.go,1627,"func (self *RefreshHelper) refreshWorktrees(env refreshEnv, branchesAreRefreshing bool) {",pending,https://github.com/jesseduffield/lazygit/blob/c5f7158154602d23b0750d4304c73e2aead8df5b/pkg/gui/controllers/helpers/refresh_helper.go#L1627
pkg/gui/controllers/helpers/refresh_helper.go,1651,"func (self *RefreshHelper) refreshStashEntries(filterPath string, env refreshEnv) {",pending,https://github.com/jesseduffield/lazygit/blob/c5f7158154602d23b0750d4304c73e2aead8df5b/pkg/gui/controllers/helpers/refresh_helper.go#L1651
pkg/gui/controllers/helpers/refresh_helper.go,1663,func (self *RefreshHelper) refreshStatus(env refreshEnv) {,pending,https://github.com/jesseduffield/lazygit/blob/c5f7158154602d23b0750d4304c73e2aead8df5b/pkg/gui/controllers/helpers/refresh_helper.go#L1663
pkg/gui/controllers/helpers/refresh_helper.go,1688,"func (self *RefreshHelper) refForLog(env refreshEnv) (string, *git_commands.BisectInfo) {",pending,https://github.com/jesseduffield/lazygit/blob/c5f7158154602d23b0750d4304c73e2aead8df5b/pkg/gui/controllers/helpers/refresh_helper.go#L1688
pkg/gui/controllers/helpers/refresh_helper.go,1703,"func (self *RefreshHelper) refreshView(context types.Context, env refreshEnv) {",pending,https://github.com/jesseduffield/lazygit/blob/c5f7158154602d23b0750d4304c73e2aead8df5b/pkg/gui/controllers/helpers/refresh_helper.go#L1703
pkg/gui/controllers/helpers/refresh_helper.go,1735,"func (self *RefreshHelper) refreshGithubPullRequests(branches []*models.Branch, remotes []*models.Remote, env refreshEnv) {",pending,https://github.com/jesseduffield/lazygit/blob/c5f7158154602d23b0750d4304c73e2aead8df5b/pkg/gui/controllers/helpers/refresh_helper.go#L1735
pkg/gui/controllers/helpers/refresh_helper.go,1768,"func (self *RefreshHelper) getGithubRemotes(remotes []*models.Remote, env refreshEnv) []githubRemoteInfo {",pending,https://github.com/jesseduffield/lazygit/blob/c5f7158154602d23b0750d4304c73e2aead8df5b/pkg/gui/controllers/helpers/refresh_helper.go#L1768
pkg/gui/controllers/helpers/refresh_helper.go,1785,"func getAuthenticatedGithubRemotes(githubRemotes []githubRemoteInfo, getAuthToken func(host string) string) []githubRemoteInfo {",pending,https://github.com/jesseduffield/lazygit/blob/c5f7158154602d23b0750d4304c73e2aead8df5b/pkg/gui/controllers/helpers/refresh_helper.go#L1785
pkg/gui/controllers/helpers/refresh_helper.go,1802,"func getGithubBaseRemote(githubRemotes []githubRemoteInfo, configuredRemoteName string) *githubRemoteInfo {",pending,https://github.com/jesseduffield/lazygit/blob/c5f7158154602d23b0750d4304c73e2aead8df5b/pkg/gui/controllers/helpers/refresh_helper.go#L1802
pkg/gui/controllers/helpers/refresh_helper.go,1830,func (self *RefreshHelper) promptForBaseGithubRepo(githubRemotes []githubRemoteInfo) {,pending,https://github.com/jesseduffield/lazygit/blob/c5f7158154602d23b0750d4304c73e2aead8df5b/pkg/gui/controllers/helpers/refresh_helper.go#L1830
pkg/gui/controllers/helpers/refresh_helper.go,1860,func (self *RefreshHelper) rebuildPullRequestsMap() {,pending,https://github.com/jesseduffield/lazygit/blob/c5f7158154602d23b0750d4304c73e2aead8df5b/pkg/gui/controllers/helpers/refresh_helper.go#L1860
pkg/gui/controllers/helpers/refresh_helper.go,1868,"func (self *RefreshHelper) setGithubPullRequests(baseInfo *githubRemoteInfo, branches []*models.Branch, env refreshEnv) {",pending,https://github.com/jesseduffield/lazygit/blob/c5f7158154602d23b0750d4304c73e2aead8df5b/pkg/gui/controllers/helpers/refresh_helper.go#L1868
pkg/gui/controllers/helpers/refresh_helper.go,1902,"func (self *RefreshHelper) savePullRequestsToCache(prs []*models.GithubPullRequest, env refreshEnv) {",pending,https://github.com/jesseduffield/lazygit/blob/c5f7158154602d23b0750d4304c73e2aead8df5b/pkg/gui/controllers/helpers/refresh_helper.go#L1902
pkg/gui/controllers/helpers/refs_helper.go,24,func NewRefsHelper(,pending,https://github.com/jesseduffield/lazygit/blob/c5f7158154602d23b0750d4304c73e2aead8df5b/pkg/gui/controllers/helpers/refs_helper.go#L24
pkg/gui/controllers/helpers/refs_helper.go,34,"func (self *RefsHelper) CheckoutRef(ref string, options types.CheckoutRefOptions) error {",pending,https://github.com/jesseduffield/lazygit/blob/c5f7158154602d23b0750d4304c73e2aead8df5b/pkg/gui/controllers/helpers/refs_helper.go#L34
pkg/gui/controllers/helpers/refs_helper.go,128,"func (self *RefsHelper) CheckoutRemoteBranch(fullBranchName string, localBranchName string) error {",pending,https://github.com/jesseduffield/lazygit/blob/c5f7158154602d23b0750d4304c73e2aead8df5b/pkg/gui/controllers/helpers/refs_helper.go#L128
pkg/gui/controllers/helpers/refs_helper.go,183,func (self *RefsHelper) CheckoutPreviousRef() error {,pending,https://github.com/jesseduffield/lazygit/blob/c5f7158154602d23b0750d4304c73e2aead8df5b/pkg/gui/controllers/helpers/refs_helper.go#L183
pkg/gui/controllers/helpers/refs_helper.go,192,func (self *RefsHelper) GetCheckedOutRef() *models.Branch {,pending,https://github.com/jesseduffield/lazygit/blob/c5f7158154602d23b0750d4304c73e2aead8df5b/pkg/gui/controllers/helpers/refs_helper.go#L192
pkg/gui/controllers/helpers/refs_helper.go,200,"func (self *RefsHelper) ResetToRef(ref string, strength string, envVars []string) error {",pending,https://github.com/jesseduffield/lazygit/blob/c5f7158154602d23b0750d4304c73e2aead8df5b/pkg/gui/controllers/helpers/refs_helper.go#L200
pkg/gui/controllers/helpers/refs_helper.go,217,"func (self *RefsHelper) CreateSortOrderMenu(sortOptionsOrder []string, menuPrompt string, onSelected func(sortOrder string) error, currentValue string) error {",pending,https://github.com/jesseduffield/lazygit/blob/c5f7158154602d23b0750d4304c73e2aead8df5b/pkg/gui/controllers/helpers/refs_helper.go#L217
pkg/gui/controllers/helpers/refs_helper.go,259,"func (self *RefsHelper) CreateGitResetMenu(name string, ref string) error {",pending,https://github.com/jesseduffield/lazygit/blob/c5f7158154602d23b0750d4304c73e2aead8df5b/pkg/gui/controllers/helpers/refs_helper.go#L259
pkg/gui/controllers/helpers/refs_helper.go,303,func (self *RefsHelper) CreateCheckoutMenu(commit *models.Commit) error {,pending,https://github.com/jesseduffield/lazygit/blob/c5f7158154602d23b0750d4304c73e2aead8df5b/pkg/gui/controllers/helpers/refs_helper.go#L303
pkg/gui/controllers/helpers/refs_helper.go,351,"func (self *RefsHelper) NewBranch(from string, fromFormattedName string, suggestedBranchName string) error {",pending,https://github.com/jesseduffield/lazygit/blob/c5f7158154602d23b0750d4304c73e2aead8df5b/pkg/gui/controllers/helpers/refs_helper.go#L351
pkg/gui/controllers/helpers/refs_helper.go,441,func (self *RefsHelper) MoveCommitsToNewBranch() error {,pending,https://github.com/jesseduffield/lazygit/blob/c5f7158154602d23b0750d4304c73e2aead8df5b/pkg/gui/controllers/helpers/refs_helper.go#L441
pkg/gui/controllers/helpers/refs_helper.go,530,"func (self *RefsHelper) moveCommitsToNewBranchStackedOnCurrentBranch(newBranchName string, mustStash bool) error {",pending,https://github.com/jesseduffield/lazygit/blob/c5f7158154602d23b0750d4304c73e2aead8df5b/pkg/gui/controllers/helpers/refs_helper.go#L530
pkg/gui/controllers/helpers/refs_helper.go,564,"func (self *RefsHelper) moveCommitsToNewBranchOffOfMainBranch(newBranchName string, baseBranchRef string, commitsToCherryPick []*models.Commit, mustStash bool) error {",pending,https://github.com/jesseduffield/lazygit/blob/c5f7158154602d23b0750d4304c73e2aead8df5b/pkg/gui/controllers/helpers/refs_helper.go#L564
pkg/gui/controllers/helpers/refs_helper.go,600,func (self *RefsHelper) CanMoveCommitsToNewBranch() *types.DisabledReason {,pending,https://github.com/jesseduffield/lazygit/blob/c5f7158154602d23b0750d4304c73e2aead8df5b/pkg/gui/controllers/helpers/refs_helper.go#L600
pkg/gui/controllers/helpers/refs_helper.go,623,func SanitizedBranchName(input string) string {,pending,https://github.com/jesseduffield/lazygit/blob/c5f7158154602d23b0750d4304c73e2aead8df5b/pkg/gui/controllers/helpers/refs_helper.go#L623
pkg/gui/controllers/helpers/refs_helper.go,629,"func (self *RefsHelper) ParseRemoteBranchName(fullBranchName string) (string, string, bool) {",pending,https://github.com/jesseduffield/lazygit/blob/c5f7158154602d23b0750d4304c73e2aead8df5b/pkg/gui/controllers/helpers/refs_helper.go#L629
pkg/gui/controllers/helpers/refs_helper.go,645,func IsSwitchBranchUncommittedChangesError(err error) bool {,pending,https://github.com/jesseduffield/lazygit/blob/c5f7158154602d23b0750d4304c73e2aead8df5b/pkg/gui/controllers/helpers/refs_helper.go#L645
pkg/gui/controllers/helpers/refs_helper.go,649,"func (self *RefsHelper) getSuggestedBranchName() (string, error) {",pending,https://github.com/jesseduffield/lazygit/blob/c5f7158154602d23b0750d4304c73e2aead8df5b/pkg/gui/controllers/helpers/refs_helper.go#L649
pkg/gui/controllers/helpers/repos_helper.go,33,func NewRecentReposHelper(,pending,https://github.com/jesseduffield/lazygit/blob/c5f7158154602d23b0750d4304c73e2aead8df5b/pkg/gui/controllers/helpers/repos_helper.go#L33
pkg/gui/controllers/helpers/repos_helper.go,45,func (self *ReposHelper) EnterSubmodule(submodule *models.SubmoduleConfig) error {,pending,https://github.com/jesseduffield/lazygit/blob/c5f7158154602d23b0750d4304c73e2aead8df5b/pkg/gui/controllers/helpers/repos_helper.go#L45
pkg/gui/controllers/helpers/repos_helper.go,77,"func gitDirOfRepo(repoPath string) (string, bool) {",pending,https://github.com/jesseduffield/lazygit/blob/c5f7158154602d23b0750d4304c73e2aead8df5b/pkg/gui/controllers/helpers/repos_helper.go#L77
pkg/gui/controllers/helpers/repos_helper.go,112,"func readHeadInfo(repoPath string) (headInfo, bool) {",pending,https://github.com/jesseduffield/lazygit/blob/c5f7158154602d23b0750d4304c73e2aead8df5b/pkg/gui/controllers/helpers/repos_helper.go#L112
pkg/gui/controllers/helpers/repos_helper.go,136,"func (self *ReposHelper) askGitForHeadInfo(repoPath string) (headInfo, bool) {",pending,https://github.com/jesseduffield/lazygit/blob/c5f7158154602d23b0750d4304c73e2aead8df5b/pkg/gui/controllers/helpers/repos_helper.go#L136
pkg/gui/controllers/helpers/repos_helper.go,151,"func (self *ReposHelper) askGit(repoPath string, subcommand string, args ...string) (string, bool) {",pending,https://github.com/jesseduffield/lazygit/blob/c5f7158154602d23b0750d4304c73e2aead8df5b/pkg/gui/controllers/helpers/repos_helper.go#L151
pkg/gui/controllers/helpers/repos_helper.go,164,func (self *ReposHelper) getCurrentBranch(path string) string {,pending,https://github.com/jesseduffield/lazygit/blob/c5f7158154602d23b0750d4304c73e2aead8df5b/pkg/gui/controllers/helpers/repos_helper.go#L164
pkg/gui/controllers/helpers/repos_helper.go,200,"func newRecentRepoEntry(path string, branchName string) recentRepoEntry {",pending,https://github.com/jesseduffield/lazygit/blob/c5f7158154602d23b0750d4304c73e2aead8df5b/pkg/gui/controllers/helpers/repos_helper.go#L200
pkg/gui/controllers/helpers/repos_helper.go,231,func (self *ReposHelper) fitRecentRepoColumns(entries []recentRepoEntry) recentRepoColumnWidths {,pending,https://github.com/jesseduffield/lazygit/blob/c5f7158154602d23b0750d4304c73e2aead8df5b/pkg/gui/controllers/helpers/repos_helper.go#L231
pkg/gui/controllers/helpers/repos_helper.go,253,"func (self *ReposHelper) recentRepoMenuItem(entry recentRepoEntry, widths recentRepoColumnWidths) *types.MenuItem {",pending,https://github.com/jesseduffield/lazygit/blob/c5f7158154602d23b0750d4304c73e2aead8df5b/pkg/gui/controllers/helpers/repos_helper.go#L253
pkg/gui/controllers/helpers/repos_helper.go,313,func (self *ReposHelper) CreateRecentReposMenu() error {,pending,https://github.com/jesseduffield/lazygit/blob/c5f7158154602d23b0750d4304c73e2aead8df5b/pkg/gui/controllers/helpers/repos_helper.go#L313
pkg/gui/controllers/helpers/repos_helper.go,358,func (self *ReposHelper) SwitchToParentRepo() error {,pending,https://github.com/jesseduffield/lazygit/blob/c5f7158154602d23b0750d4304c73e2aead8df5b/pkg/gui/controllers/helpers/repos_helper.go#L358
pkg/gui/controllers/helpers/repos_helper.go,365,"func (self *ReposHelper) DispatchSwitchTo(path string, errMsg string, contextKey types.ContextKey) error {",pending,https://github.com/jesseduffield/lazygit/blob/c5f7158154602d23b0750d4304c73e2aead8df5b/pkg/gui/controllers/helpers/repos_helper.go#L365
pkg/gui/controllers/helpers/repos_helper.go,379,func (self *ReposHelper) switchRefusedBecauseBusy() bool {,pending,https://github.com/jesseduffield/lazygit/blob/c5f7158154602d23b0750d4304c73e2aead8df5b/pkg/gui/controllers/helpers/repos_helper.go#L379
pkg/gui/controllers/helpers/repos_helper.go,390,"func (self *ReposHelper) switchTo(path string, errMsg string, contextKey types.ContextKey) error {",pending,https://github.com/jesseduffield/lazygit/blob/c5f7158154602d23b0750d4304c73e2aead8df5b/pkg/gui/controllers/helpers/repos_helper.go#L390
pkg/gui/controllers/helpers/repos_helper.go,408,"func (self *ReposHelper) switchToLocation(location types.RepoLocation, errMsg string, contextKey types.ContextKey) error {",pending,https://github.com/jesseduffield/lazygit/blob/c5f7158154602d23b0750d4304c73e2aead8df5b/pkg/gui/controllers/helpers/repos_helper.go#L408
pkg/gui/controllers/helpers/repos_helper.go,457,func (self *ReposHelper) logDirenvResult(result direnv.LoadResult) direnv.LoadResult {,pending,https://github.com/jesseduffield/lazygit/blob/c5f7158154602d23b0750d4304c73e2aead8df5b/pkg/gui/controllers/helpers/repos_helper.go#L457
pkg/gui/controllers/helpers/repos_helper.go,472,func (self *ReposHelper) promptDirenvApproval(envrcPath string) {,pending,https://github.com/jesseduffield/lazygit/blob/c5f7158154602d23b0750d4304c73e2aead8df5b/pkg/gui/controllers/helpers/repos_helper.go#L472
pkg/gui/controllers/helpers/search_helper.go,24,func NewSearchHelper(,pending,https://github.com/jesseduffield/lazygit/blob/c5f7158154602d23b0750d4304c73e2aead8df5b/pkg/gui/controllers/helpers/search_helper.go#L24
pkg/gui/controllers/helpers/search_helper.go,32,func (self *SearchHelper) OpenFilterPrompt(context types.IFilterableContext) {,pending,https://github.com/jesseduffield/lazygit/blob/c5f7158154602d23b0750d4304c73e2aead8df5b/pkg/gui/controllers/helpers/search_helper.go#L32
pkg/gui/controllers/helpers/search_helper.go,50,func (self *SearchHelper) OpenSearchPrompt(context types.ISearchableContext) {,pending,https://github.com/jesseduffield/lazygit/blob/c5f7158154602d23b0750d4304c73e2aead8df5b/pkg/gui/controllers/helpers/search_helper.go#L50
pkg/gui/controllers/helpers/search_helper.go,67,func (self *SearchHelper) DisplayFilterStatus(context types.IFilterableContext) {,pending,https://github.com/jesseduffield/lazygit/blob/c5f7158154602d23b0750d4304c73e2aead8df5b/pkg/gui/controllers/helpers/search_helper.go#L67
pkg/gui/controllers/helpers/search_helper.go,80,func (self *SearchHelper) DisplaySearchStatus(context types.ISearchableContext) {,pending,https://github.com/jesseduffield/lazygit/blob/c5f7158154602d23b0750d4304c73e2aead8df5b/pkg/gui/controllers/helpers/search_helper.go#L80
pkg/gui/controllers/helpers/search_helper.go,90,func (self *SearchHelper) searchState() *types.SearchState {,pending,https://github.com/jesseduffield/lazygit/blob/c5f7158154602d23b0750d4304c73e2aead8df5b/pkg/gui/controllers/helpers/search_helper.go#L90
pkg/gui/controllers/helpers/search_helper.go,94,func (self *SearchHelper) searchPrefixView() *gocui.View {,pending,https://github.com/jesseduffield/lazygit/blob/c5f7158154602d23b0750d4304c73e2aead8df5b/pkg/gui/controllers/helpers/search_helper.go#L94
pkg/gui/controllers/helpers/search_helper.go,98,func (self *SearchHelper) promptView() *gocui.View {,pending,https://github.com/jesseduffield/lazygit/blob/c5f7158154602d23b0750d4304c73e2aead8df5b/pkg/gui/controllers/helpers/search_helper.go#L98
pkg/gui/controllers/helpers/search_helper.go,102,func (self *SearchHelper) promptContent() string {,pending,https://github.com/jesseduffield/lazygit/blob/c5f7158154602d23b0750d4304c73e2aead8df5b/pkg/gui/controllers/helpers/search_helper.go#L102
pkg/gui/controllers/helpers/search_helper.go,106,func (self *SearchHelper) Confirm() {,pending,https://github.com/jesseduffield/lazygit/blob/c5f7158154602d23b0750d4304c73e2aead8df5b/pkg/gui/controllers/helpers/search_helper.go#L106
pkg/gui/controllers/helpers/search_helper.go,125,func (self *SearchHelper) ConfirmFilter() {,pending,https://github.com/jesseduffield/lazygit/blob/c5f7158154602d23b0750d4304c73e2aead8df5b/pkg/gui/controllers/helpers/search_helper.go#L125
pkg/gui/controllers/helpers/search_helper.go,144,func (self *SearchHelper) ConfirmSearch() {,pending,https://github.com/jesseduffield/lazygit/blob/c5f7158154602d23b0750d4304c73e2aead8df5b/pkg/gui/controllers/helpers/search_helper.go#L144
pkg/gui/controllers/helpers/search_helper.go,164,func modelSearchResults(context types.ISearchableContext) []gocui.SearchPosition {,pending,https://github.com/jesseduffield/lazygit/blob/c5f7158154602d23b0750d4304c73e2aead8df5b/pkg/gui/controllers/helpers/search_helper.go#L164
pkg/gui/controllers/helpers/search_helper.go,179,func (self *SearchHelper) CancelPrompt() {,pending,https://github.com/jesseduffield/lazygit/blob/c5f7158154602d23b0750d4304c73e2aead8df5b/pkg/gui/controllers/helpers/search_helper.go#L179
pkg/gui/controllers/helpers/search_helper.go,187,func (self *SearchHelper) ScrollHistory(scrollIncrement int) {,pending,https://github.com/jesseduffield/lazygit/blob/c5f7158154602d23b0750d4304c73e2aead8df5b/pkg/gui/controllers/helpers/search_helper.go#L187
pkg/gui/controllers/helpers/search_helper.go,207,func (self *SearchHelper) Cancel() {,pending,https://github.com/jesseduffield/lazygit/blob/c5f7158154602d23b0750d4304c73e2aead8df5b/pkg/gui/controllers/helpers/search_helper.go#L207
pkg/gui/controllers/helpers/search_helper.go,224,func (self *SearchHelper) OnPromptContentChanged(searchString string) {,pending,https://github.com/jesseduffield/lazygit/blob/c5f7158154602d23b0750d4304c73e2aead8df5b/pkg/gui/controllers/helpers/search_helper.go#L224
pkg/gui/controllers/helpers/search_helper.go,236,"func (self *SearchHelper) ApplyFilter(context types.IFilterableContext, filter string) {",pending,https://github.com/jesseduffield/lazygit/blob/c5f7158154602d23b0750d4304c73e2aead8df5b/pkg/gui/controllers/helpers/search_helper.go#L236
pkg/gui/controllers/helpers/search_helper.go,242,func (self *SearchHelper) ReApplyFilter(context types.Context) {,pending,https://github.com/jesseduffield/lazygit/blob/c5f7158154602d23b0750d4304c73e2aead8df5b/pkg/gui/controllers/helpers/search_helper.go#L242
pkg/gui/controllers/helpers/search_helper.go,257,func (self *SearchHelper) ReApplySearch(ctx types.Context) {,pending,https://github.com/jesseduffield/lazygit/blob/c5f7158154602d23b0750d4304c73e2aead8df5b/pkg/gui/controllers/helpers/search_helper.go#L257
pkg/gui/controllers/helpers/search_helper.go,276,func (self *SearchHelper) RenderSearchStatus(c types.Context) {,pending,https://github.com/jesseduffield/lazygit/blob/c5f7158154602d23b0750d4304c73e2aead8df5b/pkg/gui/controllers/helpers/search_helper.go#L276
pkg/gui/controllers/helpers/search_helper.go,299,func (self *SearchHelper) CancelSearchIfSearching(c types.Context) {,pending,https://github.com/jesseduffield/lazygit/blob/c5f7158154602d23b0750d4304c73e2aead8df5b/pkg/gui/controllers/helpers/search_helper.go#L299
pkg/gui/controllers/helpers/search_helper.go,319,func (self *SearchHelper) HidePrompt() {,pending,https://github.com/jesseduffield/lazygit/blob/c5f7158154602d23b0750d4304c73e2aead8df5b/pkg/gui/controllers/helpers/search_helper.go#L319
pkg/gui/controllers/helpers/search_helper.go,326,func (self *SearchHelper) setSearchingFrameColor() {,pending,https://github.com/jesseduffield/lazygit/blob/c5f7158154602d23b0750d4304c73e2aead8df5b/pkg/gui/controllers/helpers/search_helper.go#L326
pkg/gui/controllers/helpers/search_helper.go,331,func (self *SearchHelper) setNonSearchingFrameColor() {,pending,https://github.com/jesseduffield/lazygit/blob/c5f7158154602d23b0750d4304c73e2aead8df5b/pkg/gui/controllers/helpers/search_helper.go#L331
pkg/gui/controllers/helpers/signal_handling.go,14,func canSuspendApp() bool {,pending,https://github.com/jesseduffield/lazygit/blob/c5f7158154602d23b0750d4304c73e2aead8df5b/pkg/gui/controllers/helpers/signal_handling.go#L14
pkg/gui/controllers/helpers/signal_handling.go,18,func sendStopSignal() error {,pending,https://github.com/jesseduffield/lazygit/blob/c5f7158154602d23b0750d4304c73e2aead8df5b/pkg/gui/controllers/helpers/signal_handling.go#L18
pkg/gui/controllers/helpers/signal_handling.go,24,func setForegroundPgrp() error {,pending,https://github.com/jesseduffield/lazygit/blob/c5f7158154602d23b0750d4304c73e2aead8df5b/pkg/gui/controllers/helpers/signal_handling.go#L24
pkg/gui/controllers/helpers/signal_handling.go,36,"func handleResumeSignal(log *logrus.Entry, onResume func() error) {",pending,https://github.com/jesseduffield/lazygit/blob/c5f7158154602d23b0750d4304c73e2aead8df5b/pkg/gui/controllers/helpers/signal_handling.go#L36
pkg/gui/controllers/helpers/signal_handling.go,47,"func installResumeSignalHandler(log *logrus.Entry, onResume func() error) {",pending,https://github.com/jesseduffield/lazygit/blob/c5f7158154602d23b0750d4304c73e2aead8df5b/pkg/gui/controllers/helpers/signal_handling.go#L47
pkg/gui/controllers/helpers/signal_handling_windows.go,7,func canSuspendApp() bool {,pending,https://github.com/jesseduffield/lazygit/blob/c5f7158154602d23b0750d4304c73e2aead8df5b/pkg/gui/controllers/helpers/signal_handling_windows.go#L7
pkg/gui/controllers/helpers/signal_handling_windows.go,11,func sendStopSignal() error {,pending,https://github.com/jesseduffield/lazygit/blob/c5f7158154602d23b0750d4304c73e2aead8df5b/pkg/gui/controllers/helpers/signal_handling_windows.go#L11
pkg/gui/controllers/helpers/signal_handling_windows.go,15,"func installResumeSignalHandler(log *logrus.Entry, onResume func() error) {",pending,https://github.com/jesseduffield/lazygit/blob/c5f7158154602d23b0750d4304c73e2aead8df5b/pkg/gui/controllers/helpers/signal_handling_windows.go#L15
pkg/gui/controllers/helpers/snake_helper.go,17,func NewSnakeHelper(c *HelperCommon) *SnakeHelper {,pending,https://github.com/jesseduffield/lazygit/blob/c5f7158154602d23b0750d4304c73e2aead8df5b/pkg/gui/controllers/helpers/snake_helper.go#L17
pkg/gui/controllers/helpers/snake_helper.go,23,func (self *SnakeHelper) StartGame() {,pending,https://github.com/jesseduffield/lazygit/blob/c5f7158154602d23b0750d4304c73e2aead8df5b/pkg/gui/controllers/helpers/snake_helper.go#L23
pkg/gui/controllers/helpers/snake_helper.go,31,func (self *SnakeHelper) ExitGame() {,pending,https://github.com/jesseduffield/lazygit/blob/c5f7158154602d23b0750d4304c73e2aead8df5b/pkg/gui/controllers/helpers/snake_helper.go#L31
pkg/gui/controllers/helpers/snake_helper.go,35,func (self *SnakeHelper) SetDirection(direction snake.Direction) {,pending,https://github.com/jesseduffield/lazygit/blob/c5f7158154602d23b0750d4304c73e2aead8df5b/pkg/gui/controllers/helpers/snake_helper.go#L35
pkg/gui/controllers/helpers/snake_helper.go,39,"func (self *SnakeHelper) renderSnakeGame(cells [][]snake.CellType, alive bool) {",pending,https://github.com/jesseduffield/lazygit/blob/c5f7158154602d23b0750d4304c73e2aead8df5b/pkg/gui/controllers/helpers/snake_helper.go#L39
pkg/gui/controllers/helpers/snake_helper.go,54,func (self *SnakeHelper) drawSnakeGame(cells [][]snake.CellType) string {,pending,https://github.com/jesseduffield/lazygit/blob/c5f7158154602d23b0750d4304c73e2aead8df5b/pkg/gui/controllers/helpers/snake_helper.go#L54
pkg/gui/controllers/helpers/sub_commits_helper.go,16,func NewSubCommitsHelper(,pending,https://github.com/jesseduffield/lazygit/blob/c5f7158154602d23b0750d4304c73e2aead8df5b/pkg/gui/controllers/helpers/sub_commits_helper.go#L16
pkg/gui/controllers/helpers/sub_commits_helper.go,34,func (self *SubCommitsHelper) ViewSubCommits(opts ViewSubCommitsOpts) error {,pending,https://github.com/jesseduffield/lazygit/blob/c5f7158154602d23b0750d4304c73e2aead8df5b/pkg/gui/controllers/helpers/sub_commits_helper.go#L34
pkg/gui/controllers/helpers/suggestions_helper.go,40,func NewSuggestionsHelper(,pending,https://github.com/jesseduffield/lazygit/blob/c5f7158154602d23b0750d4304c73e2aead8df5b/pkg/gui/controllers/helpers/suggestions_helper.go#L40
pkg/gui/controllers/helpers/suggestions_helper.go,48,func (self *SuggestionsHelper) getRemoteNames() []string {,pending,https://github.com/jesseduffield/lazygit/blob/c5f7158154602d23b0750d4304c73e2aead8df5b/pkg/gui/controllers/helpers/suggestions_helper.go#L48
pkg/gui/controllers/helpers/suggestions_helper.go,54,func matchesToSuggestions(matches []string) []*types.Suggestion {,pending,https://github.com/jesseduffield/lazygit/blob/c5f7158154602d23b0750d4304c73e2aead8df5b/pkg/gui/controllers/helpers/suggestions_helper.go#L54
pkg/gui/controllers/helpers/suggestions_helper.go,63,func (self *SuggestionsHelper) GetRemoteSuggestionsFunc() func(string) []*types.Suggestion {,pending,https://github.com/jesseduffield/lazygit/blob/c5f7158154602d23b0750d4304c73e2aead8df5b/pkg/gui/controllers/helpers/suggestions_helper.go#L63
pkg/gui/controllers/helpers/suggestions_helper.go,69,func (self *SuggestionsHelper) getBranchNames() []string {,pending,https://github.com/jesseduffield/lazygit/blob/c5f7158154602d23b0750d4304c73e2aead8df5b/pkg/gui/controllers/helpers/suggestions_helper.go#L69
pkg/gui/controllers/helpers/suggestions_helper.go,75,func (self *SuggestionsHelper) GetBranchNameSuggestionsFunc() func(string) []*types.Suggestion {,pending,https://github.com/jesseduffield/lazygit/blob/c5f7158154602d23b0750d4304c73e2aead8df5b/pkg/gui/controllers/helpers/suggestions_helper.go#L75
pkg/gui/controllers/helpers/suggestions_helper.go,102,func (self *SuggestionsHelper) GetWorktreeBranchNameSuggestionsFunc() func(string) []*types.Suggestion {,pending,https://github.com/jesseduffield/lazygit/blob/c5f7158154602d23b0750d4304c73e2aead8df5b/pkg/gui/controllers/helpers/suggestions_helper.go#L102
pkg/gui/controllers/helpers/suggestions_helper.go,121,func (self *SuggestionsHelper) GetFilePathSuggestionsFunc() func(string) []*types.Suggestion {,pending,https://github.com/jesseduffield/lazygit/blob/c5f7158154602d23b0750d4304c73e2aead8df5b/pkg/gui/controllers/helpers/suggestions_helper.go#L121
pkg/gui/controllers/helpers/suggestions_helper.go,185,func (self *SuggestionsHelper) getRemoteBranchNames(separator string) []string {,pending,https://github.com/jesseduffield/lazygit/blob/c5f7158154602d23b0750d4304c73e2aead8df5b/pkg/gui/controllers/helpers/suggestions_helper.go#L185
pkg/gui/controllers/helpers/suggestions_helper.go,193,func (self *SuggestionsHelper) getRemoteBranchNamesForRemote(remoteName string) []string {,pending,https://github.com/jesseduffield/lazygit/blob/c5f7158154602d23b0750d4304c73e2aead8df5b/pkg/gui/controllers/helpers/suggestions_helper.go#L193
pkg/gui/controllers/helpers/suggestions_helper.go,205,func (self *SuggestionsHelper) GetRemoteBranchesSuggestionsFunc(separator string) func(string) []*types.Suggestion {,pending,https://github.com/jesseduffield/lazygit/blob/c5f7158154602d23b0750d4304c73e2aead8df5b/pkg/gui/controllers/helpers/suggestions_helper.go#L205
pkg/gui/controllers/helpers/suggestions_helper.go,209,func (self *SuggestionsHelper) GetRemoteBranchesForRemoteSuggestionsFunc(remoteName string) func(string) []*types.Suggestion {,pending,https://github.com/jesseduffield/lazygit/blob/c5f7158154602d23b0750d4304c73e2aead8df5b/pkg/gui/controllers/helpers/suggestions_helper.go#L209
pkg/gui/controllers/helpers/suggestions_helper.go,213,func (self *SuggestionsHelper) getTagNames() []string {,pending,https://github.com/jesseduffield/lazygit/blob/c5f7158154602d23b0750d4304c73e2aead8df5b/pkg/gui/controllers/helpers/suggestions_helper.go#L213
pkg/gui/controllers/helpers/suggestions_helper.go,219,func (self *SuggestionsHelper) GetTagsSuggestionsFunc() func(string) []*types.Suggestion {,pending,https://github.com/jesseduffield/lazygit/blob/c5f7158154602d23b0750d4304c73e2aead8df5b/pkg/gui/controllers/helpers/suggestions_helper.go#L219
pkg/gui/controllers/helpers/suggestions_helper.go,225,func (self *SuggestionsHelper) GetRefsSuggestionsFunc() func(string) []*types.Suggestion {,pending,https://github.com/jesseduffield/lazygit/blob/c5f7158154602d23b0750d4304c73e2aead8df5b/pkg/gui/controllers/helpers/suggestions_helper.go#L225
pkg/gui/controllers/helpers/suggestions_helper.go,236,func (self *SuggestionsHelper) GetAuthorsSuggestionsFunc() func(string) []*types.Suggestion {,pending,https://github.com/jesseduffield/lazygit/blob/c5f7158154602d23b0750d4304c73e2aead8df5b/pkg/gui/controllers/helpers/suggestions_helper.go#L236
pkg/gui/controllers/helpers/suggestions_helper.go,246,"func FilterFunc(options []string, useFuzzySearch bool) func(string) []*types.Suggestion {",pending,https://github.com/jesseduffield/lazygit/blob/c5f7158154602d23b0750d4304c73e2aead8df5b/pkg/gui/controllers/helpers/suggestions_helper.go#L246
pkg/gui/controllers/helpers/suspend_resume_helper.go,7,func NewSuspendResumeHelper(c *HelperCommon) *SuspendResumeHelper {,pending,https://github.com/jesseduffield/lazygit/blob/c5f7158154602d23b0750d4304c73e2aead8df5b/pkg/gui/controllers/helpers/suspend_resume_helper.go#L7
pkg/gui/controllers/helpers/suspend_resume_helper.go,13,func (s *SuspendResumeHelper) CanSuspendApp() bool {,pending,https://github.com/jesseduffield/lazygit/blob/c5f7158154602d23b0750d4304c73e2aead8df5b/pkg/gui/controllers/helpers/suspend_resume_helper.go#L13
pkg/gui/controllers/helpers/suspend_resume_helper.go,17,func (s *SuspendResumeHelper) SuspendApp() error {,pending,https://github.com/jesseduffield/lazygit/blob/c5f7158154602d23b0750d4304c73e2aead8df5b/pkg/gui/controllers/helpers/suspend_resume_helper.go#L17
pkg/gui/controllers/helpers/suspend_resume_helper.go,29,func (s *SuspendResumeHelper) InstallResumeSignalHandler() {,pending,https://github.com/jesseduffield/lazygit/blob/c5f7158154602d23b0750d4304c73e2aead8df5b/pkg/gui/controllers/helpers/suspend_resume_helper.go#L29
pkg/gui/controllers/helpers/tags_helper.go,17,"func NewTagsHelper(c *HelperCommon, commitsHelper *CommitsHelper, gpg *GpgHelper) *TagsHelper {",pending,https://github.com/jesseduffield/lazygit/blob/c5f7158154602d23b0750d4304c73e2aead8df5b/pkg/gui/controllers/helpers/tags_helper.go#L17
pkg/gui/controllers/helpers/tags_helper.go,25,"func (self *TagsHelper) OpenCreateTagPrompt(ref string, onCreate func()) error {",pending,https://github.com/jesseduffield/lazygit/blob/c5f7158154602d23b0750d4304c73e2aead8df5b/pkg/gui/controllers/helpers/tags_helper.go#L25
pkg/gui/controllers/helpers/update_helper.go,17,"func NewUpdateHelper(c *HelperCommon, updater *updates.Updater) *UpdateHelper {",pending,https://github.com/jesseduffield/lazygit/blob/c5f7158154602d23b0750d4304c73e2aead8df5b/pkg/gui/controllers/helpers/update_helper.go#L17
pkg/gui/controllers/helpers/update_helper.go,24,func (self *UpdateHelper) CheckForUpdateInBackground() {,pending,https://github.com/jesseduffield/lazygit/blob/c5f7158154602d23b0750d4304c73e2aead8df5b/pkg/gui/controllers/helpers/update_helper.go#L24
pkg/gui/controllers/helpers/update_helper.go,42,func (self *UpdateHelper) CheckForUpdateInForeground() error {,pending,https://github.com/jesseduffield/lazygit/blob/c5f7158154602d23b0750d4304c73e2aead8df5b/pkg/gui/controllers/helpers/update_helper.go#L42
pkg/gui/controllers/helpers/update_helper.go,58,func (self *UpdateHelper) startUpdating(newVersion string) {,pending,https://github.com/jesseduffield/lazygit/blob/c5f7158154602d23b0750d4304c73e2aead8df5b/pkg/gui/controllers/helpers/update_helper.go#L58
pkg/gui/controllers/helpers/update_helper.go,66,func (self *UpdateHelper) onUpdateFinish(err error) error {,pending,https://github.com/jesseduffield/lazygit/blob/c5f7158154602d23b0750d4304c73e2aead8df5b/pkg/gui/controllers/helpers/update_helper.go#L66
pkg/gui/controllers/helpers/update_helper.go,85,func (self *UpdateHelper) showUpdatePrompt(newVersion string) error {,pending,https://github.com/jesseduffield/lazygit/blob/c5f7158154602d23b0750d4304c73e2aead8df5b/pkg/gui/controllers/helpers/update_helper.go#L85
pkg/gui/controllers/helpers/upstream_helper.go,17,func NewUpstreamHelper(,pending,https://github.com/jesseduffield/lazygit/blob/c5f7158154602d23b0750d4304c73e2aead8df5b/pkg/gui/controllers/helpers/upstream_helper.go#L17
pkg/gui/controllers/helpers/upstream_helper.go,27,"func (self *UpstreamHelper) ParseUpstream(upstream string) (string, string, error) {",pending,https://github.com/jesseduffield/lazygit/blob/c5f7158154602d23b0750d4304c73e2aead8df5b/pkg/gui/controllers/helpers/upstream_helper.go#L27
pkg/gui/controllers/helpers/upstream_helper.go,40,"func (self *UpstreamHelper) promptForUpstream(initialContent string, onConfirm func(string) error) error {",pending,https://github.com/jesseduffield/lazygit/blob/c5f7158154602d23b0750d4304c73e2aead8df5b/pkg/gui/controllers/helpers/upstream_helper.go#L40
pkg/gui/controllers/helpers/upstream_helper.go,51,"func (self *UpstreamHelper) PromptForUpstreamWithInitialContent(currentBranch *models.Branch, onConfirm func(string) error) error {",pending,https://github.com/jesseduffield/lazygit/blob/c5f7158154602d23b0750d4304c73e2aead8df5b/pkg/gui/controllers/helpers/upstream_helper.go#L51
pkg/gui/controllers/helpers/upstream_helper.go,58,"func (self *UpstreamHelper) PromptForUpstreamWithoutInitialContent(_ *models.Branch, onConfirm func(string) error) error {",pending,https://github.com/jesseduffield/lazygit/blob/c5f7158154602d23b0750d4304c73e2aead8df5b/pkg/gui/controllers/helpers/upstream_helper.go#L58
pkg/gui/controllers/helpers/upstream_helper.go,62,func (self *UpstreamHelper) GetSuggestedRemote() string {,pending,https://github.com/jesseduffield/lazygit/blob/c5f7158154602d23b0750d4304c73e2aead8df5b/pkg/gui/controllers/helpers/upstream_helper.go#L62
pkg/gui/controllers/helpers/upstream_helper.go,66,func getSuggestedRemote(remotes []*models.Remote) string {,pending,https://github.com/jesseduffield/lazygit/blob/c5f7158154602d23b0750d4304c73e2aead8df5b/pkg/gui/controllers/helpers/upstream_helper.go#L66
pkg/gui/controllers/helpers/view_helper.go,12,"func NewViewHelper(c *HelperCommon, contexts *context.ContextTree) *ViewHelper {",pending,https://github.com/jesseduffield/lazygit/blob/c5f7158154602d23b0750d4304c73e2aead8df5b/pkg/gui/controllers/helpers/view_helper.go#L12
pkg/gui/controllers/helpers/view_helper.go,18,"func (self *ViewHelper) ContextForView(viewName string) (types.Context, bool) {",pending,https://github.com/jesseduffield/lazygit/blob/c5f7158154602d23b0750d4304c73e2aead8df5b/pkg/gui/controllers/helpers/view_helper.go#L18
pkg/gui/controllers/helpers/window_arrangement_helper.go,26,func NewWindowArrangementHelper(,pending,https://github.com/jesseduffield/lazygit/blob/c5f7158154602d23b0750d4304c73e2aead8df5b/pkg/gui/controllers/helpers/window_arrangement_helper.go#L26
pkg/gui/controllers/helpers/window_arrangement_helper.go,85,"func (self *WindowArrangementHelper) GetWindowDimensions(informationStr string, appStatus string) map[string]boxlayout.Dimensions {",pending,https://github.com/jesseduffield/lazygit/blob/c5f7158154602d23b0750d4304c73e2aead8df5b/pkg/gui/controllers/helpers/window_arrangement_helper.go#L85
pkg/gui/controllers/helpers/window_arrangement_helper.go,120,func shouldUsePortraitMode(args WindowArrangementArgs) bool {,pending,https://github.com/jesseduffield/lazygit/blob/c5f7158154602d23b0750d4304c73e2aead8df5b/pkg/gui/controllers/helpers/window_arrangement_helper.go#L120
pkg/gui/controllers/helpers/window_arrangement_helper.go,136,func GetWindowDimensions(args WindowArrangementArgs) map[string]boxlayout.Dimensions {,pending,https://github.com/jesseduffield/lazygit/blob/c5f7158154602d23b0750d4304c73e2aead8df5b/pkg/gui/controllers/helpers/window_arrangement_helper.go#L136
pkg/gui/controllers/helpers/window_arrangement_helper.go,186,func mainPanelChildren(args WindowArrangementArgs) []*boxlayout.Box {,pending,https://github.com/jesseduffield/lazygit/blob/c5f7158154602d23b0750d4304c73e2aead8df5b/pkg/gui/controllers/helpers/window_arrangement_helper.go#L186
pkg/gui/controllers/helpers/window_arrangement_helper.go,208,"func MergeMaps[K comparable, V any](maps ...map[K]V) map[K]V {",pending,https://github.com/jesseduffield/lazygit/blob/c5f7158154602d23b0750d4304c73e2aead8df5b/pkg/gui/controllers/helpers/window_arrangement_helper.go#L208
pkg/gui/controllers/helpers/window_arrangement_helper.go,217,func mainSectionChildren(args WindowArrangementArgs) []*boxlayout.Box {,pending,https://github.com/jesseduffield/lazygit/blob/c5f7158154602d23b0750d4304c73e2aead8df5b/pkg/gui/controllers/helpers/window_arrangement_helper.go#L217
pkg/gui/controllers/helpers/window_arrangement_helper.go,241,"func getMidSectionWeights(args WindowArrangementArgs) (int, int) {",pending,https://github.com/jesseduffield/lazygit/blob/c5f7158154602d23b0750d4304c73e2aead8df5b/pkg/gui/controllers/helpers/window_arrangement_helper.go#L241
pkg/gui/controllers/helpers/window_arrangement_helper.go,271,func infoSectionChildren(args WindowArrangementArgs) []*boxlayout.Box {,pending,https://github.com/jesseduffield/lazygit/blob/c5f7158154602d23b0750d4304c73e2aead8df5b/pkg/gui/controllers/helpers/window_arrangement_helper.go#L271
pkg/gui/controllers/helpers/window_arrangement_helper.go,375,func splitMainPanelSideBySide(args WindowArrangementArgs) bool {,pending,https://github.com/jesseduffield/lazygit/blob/c5f7158154602d23b0750d4304c73e2aead8df5b/pkg/gui/controllers/helpers/window_arrangement_helper.go#L375
pkg/gui/controllers/helpers/window_arrangement_helper.go,394,func getExtrasWindowSize(args WindowArrangementArgs) int {,pending,https://github.com/jesseduffield/lazygit/blob/c5f7158154602d23b0750d4304c73e2aead8df5b/pkg/gui/controllers/helpers/window_arrangement_helper.go#L394
pkg/gui/controllers/helpers/window_arrangement_helper.go,414,"func getDefaultStashWindowBox(args WindowArrangementArgs, window string) *boxlayout.Box {",pending,https://github.com/jesseduffield/lazygit/blob/c5f7158154602d23b0750d4304c73e2aead8df5b/pkg/gui/controllers/helpers/window_arrangement_helper.go#L414
pkg/gui/controllers/helpers/window_arrangement_helper.go,426,"func sidePanelChildren(args WindowArrangementArgs) func(width int, height int) []*boxlayout.Box {",pending,https://github.com/jesseduffield/lazygit/blob/c5f7158154602d23b0750d4304c73e2aead8df5b/pkg/gui/controllers/helpers/window_arrangement_helper.go#L426
pkg/gui/controllers/helpers/window_arrangement_helper.go,538,"func shrinkToContentSidePanelBoxes(args WindowArrangementArgs, windows []string, height int) ([]*boxlayout.Box, bool) {",pending,https://github.com/jesseduffield/lazygit/blob/c5f7158154602d23b0750d4304c73e2aead8df5b/pkg/gui/controllers/helpers/window_arrangement_helper.go#L538
pkg/gui/controllers/helpers/window_helper.go,18,"func NewWindowHelper(c *HelperCommon, viewHelper *ViewHelper) *WindowHelper {",pending,https://github.com/jesseduffield/lazygit/blob/c5f7158154602d23b0750d4304c73e2aead8df5b/pkg/gui/controllers/helpers/window_helper.go#L18
pkg/gui/controllers/helpers/window_helper.go,31,func (self *WindowHelper) GetViewNameForWindow(window string) string {,pending,https://github.com/jesseduffield/lazygit/blob/c5f7158154602d23b0750d4304c73e2aead8df5b/pkg/gui/controllers/helpers/window_helper.go#L31
pkg/gui/controllers/helpers/window_helper.go,40,func (self *WindowHelper) GetContextForWindow(window string) types.Context {,pending,https://github.com/jesseduffield/lazygit/blob/c5f7158154602d23b0750d4304c73e2aead8df5b/pkg/gui/controllers/helpers/window_helper.go#L40
pkg/gui/controllers/helpers/window_helper.go,52,func (self *WindowHelper) SetWindowContext(c types.Context) {,pending,https://github.com/jesseduffield/lazygit/blob/c5f7158154602d23b0750d4304c73e2aead8df5b/pkg/gui/controllers/helpers/window_helper.go#L52
pkg/gui/controllers/helpers/window_helper.go,60,"func (self *WindowHelper) windowViewNameMap() *utils.ThreadSafeMap[string, string] {",pending,https://github.com/jesseduffield/lazygit/blob/c5f7158154602d23b0750d4304c73e2aead8df5b/pkg/gui/controllers/helpers/window_helper.go#L60
pkg/gui/controllers/helpers/window_helper.go,64,func (self *WindowHelper) CurrentWindow() string {,pending,https://github.com/jesseduffield/lazygit/blob/c5f7158154602d23b0750d4304c73e2aead8df5b/pkg/gui/controllers/helpers/window_helper.go#L64
pkg/gui/controllers/helpers/window_helper.go,69,func (self *WindowHelper) resetWindowContext(c types.Context) {,pending,https://github.com/jesseduffield/lazygit/blob/c5f7158154602d23b0750d4304c73e2aead8df5b/pkg/gui/controllers/helpers/window_helper.go#L69
pkg/gui/controllers/helpers/window_helper.go,86,func (self *WindowHelper) MoveToTopOfWindow(context types.Context) {,pending,https://github.com/jesseduffield/lazygit/blob/c5f7158154602d23b0750d4304c73e2aead8df5b/pkg/gui/controllers/helpers/window_helper.go#L86
pkg/gui/controllers/helpers/window_helper.go,103,"func (self *WindowHelper) TopViewInWindow(windowName string, includeInvisibleViews bool) *gocui.View {",pending,https://github.com/jesseduffield/lazygit/blob/c5f7158154602d23b0750d4304c73e2aead8df5b/pkg/gui/controllers/helpers/window_helper.go#L103
pkg/gui/controllers/helpers/window_helper.go,118,func (self *WindowHelper) viewNamesInWindow(windowName string) []string {,pending,https://github.com/jesseduffield/lazygit/blob/c5f7158154602d23b0750d4304c73e2aead8df5b/pkg/gui/controllers/helpers/window_helper.go#L118
pkg/gui/controllers/helpers/window_helper.go,129,func (self *WindowHelper) WindowForView(viewName string) string {,pending,https://github.com/jesseduffield/lazygit/blob/c5f7158154602d23b0750d4304c73e2aead8df5b/pkg/gui/controllers/helpers/window_helper.go#L129
pkg/gui/controllers/helpers/window_helper.go,138,func (self *WindowHelper) SideWindows() []string {,pending,https://github.com/jesseduffield/lazygit/blob/c5f7158154602d23b0750d4304c73e2aead8df5b/pkg/gui/controllers/helpers/window_helper.go#L138
pkg/gui/controllers/helpers/window_helper.go,144,func sideWindowNames(userConfig *config.UserConfig) []string {,pending,https://github.com/jesseduffield/lazygit/blob/c5f7158154602d23b0750d4304c73e2aead8df5b/pkg/gui/controllers/helpers/window_helper.go#L144
pkg/gui/controllers/helpers/working_tree_helper.go,27,func NewWorkingTreeHelper(,pending,https://github.com/jesseduffield/lazygit/blob/c5f7158154602d23b0750d4304c73e2aead8df5b/pkg/gui/controllers/helpers/working_tree_helper.go#L27
pkg/gui/controllers/helpers/working_tree_helper.go,43,func (self *WorkingTreeHelper) AnyStagedFiles() bool {,pending,https://github.com/jesseduffield/lazygit/blob/c5f7158154602d23b0750d4304c73e2aead8df5b/pkg/gui/controllers/helpers/working_tree_helper.go#L43
pkg/gui/controllers/helpers/working_tree_helper.go,47,func AnyStagedFiles(files []*models.File) bool {,pending,https://github.com/jesseduffield/lazygit/blob/c5f7158154602d23b0750d4304c73e2aead8df5b/pkg/gui/controllers/helpers/working_tree_helper.go#L47
pkg/gui/controllers/helpers/working_tree_helper.go,51,func (self *WorkingTreeHelper) AnyStagedFilesExceptSubmodules() bool {,pending,https://github.com/jesseduffield/lazygit/blob/c5f7158154602d23b0750d4304c73e2aead8df5b/pkg/gui/controllers/helpers/working_tree_helper.go#L51
pkg/gui/controllers/helpers/working_tree_helper.go,55,"func AnyStagedFilesExceptSubmodules(files []*models.File, submoduleConfigs []*models.SubmoduleConfig) bool {",pending,https://github.com/jesseduffield/lazygit/blob/c5f7158154602d23b0750d4304c73e2aead8df5b/pkg/gui/controllers/helpers/working_tree_helper.go#L55
pkg/gui/controllers/helpers/working_tree_helper.go,59,func (self *WorkingTreeHelper) AnyTrackedFiles() bool {,pending,https://github.com/jesseduffield/lazygit/blob/c5f7158154602d23b0750d4304c73e2aead8df5b/pkg/gui/controllers/helpers/working_tree_helper.go#L59
pkg/gui/controllers/helpers/working_tree_helper.go,63,func AnyTrackedFiles(files []*models.File) bool {,pending,https://github.com/jesseduffield/lazygit/blob/c5f7158154602d23b0750d4304c73e2aead8df5b/pkg/gui/controllers/helpers/working_tree_helper.go#L63
pkg/gui/controllers/helpers/working_tree_helper.go,67,func (self *WorkingTreeHelper) AnyTrackedFilesExceptSubmodules() bool {,pending,https://github.com/jesseduffield/lazygit/blob/c5f7158154602d23b0750d4304c73e2aead8df5b/pkg/gui/controllers/helpers/working_tree_helper.go#L67
pkg/gui/controllers/helpers/working_tree_helper.go,71,"func AnyTrackedFilesExceptSubmodules(files []*models.File, submoduleConfigs []*models.SubmoduleConfig) bool {",pending,https://github.com/jesseduffield/lazygit/blob/c5f7158154602d23b0750d4304c73e2aead8df5b/pkg/gui/controllers/helpers/working_tree_helper.go#L71
pkg/gui/controllers/helpers/working_tree_helper.go,75,"func isContainedInPath(candidate string, path string) bool {",pending,https://github.com/jesseduffield/lazygit/blob/c5f7158154602d23b0750d4304c73e2aead8df5b/pkg/gui/controllers/helpers/working_tree_helper.go#L75
pkg/gui/controllers/helpers/working_tree_helper.go,86,"func AnyTrackedFilesInPathExceptSubmodules(path string, files []*models.File, submoduleConfigs []*models.SubmoduleConfig) bool {",pending,https://github.com/jesseduffield/lazygit/blob/c5f7158154602d23b0750d4304c73e2aead8df5b/pkg/gui/controllers/helpers/working_tree_helper.go#L86
pkg/gui/controllers/helpers/working_tree_helper.go,92,func (self *WorkingTreeHelper) IsWorkingTreeDirtyExceptSubmodules() bool {,pending,https://github.com/jesseduffield/lazygit/blob/c5f7158154602d23b0750d4304c73e2aead8df5b/pkg/gui/controllers/helpers/working_tree_helper.go#L92
pkg/gui/controllers/helpers/working_tree_helper.go,96,"func IsWorkingTreeDirtyExceptSubmodules(files []*models.File, submoduleConfigs []*models.SubmoduleConfig) bool {",pending,https://github.com/jesseduffield/lazygit/blob/c5f7158154602d23b0750d4304c73e2aead8df5b/pkg/gui/controllers/helpers/working_tree_helper.go#L96
pkg/gui/controllers/helpers/working_tree_helper.go,100,"func GetUnstagedFilesExceptSubmodules(files []*models.File, submoduleConfigs []*models.SubmoduleConfig) []string {",pending,https://github.com/jesseduffield/lazygit/blob/c5f7158154602d23b0750d4304c73e2aead8df5b/pkg/gui/controllers/helpers/working_tree_helper.go#L100
pkg/gui/controllers/helpers/working_tree_helper.go,106,func (self *WorkingTreeHelper) FileForSubmodule(submodule *models.SubmoduleConfig) *models.File {,pending,https://github.com/jesseduffield/lazygit/blob/c5f7158154602d23b0750d4304c73e2aead8df5b/pkg/gui/controllers/helpers/working_tree_helper.go#L106
pkg/gui/controllers/helpers/working_tree_helper.go,116,func (self *WorkingTreeHelper) OpenMergeTool() error {,pending,https://github.com/jesseduffield/lazygit/blob/c5f7158154602d23b0750d4304c73e2aead8df5b/pkg/gui/controllers/helpers/working_tree_helper.go#L116
pkg/gui/controllers/helpers/working_tree_helper.go,123,"func (self *WorkingTreeHelper) HandleCommitPressWithMessage(initialMessage string, forceSkipHooks bool) error {",pending,https://github.com/jesseduffield/lazygit/blob/c5f7158154602d23b0750d4304c73e2aead8df5b/pkg/gui/controllers/helpers/working_tree_helper.go#L123
pkg/gui/controllers/helpers/working_tree_helper.go,147,"func (self *WorkingTreeHelper) handleCommit(summary string, description string, forceSkipHooks bool) error {",pending,https://github.com/jesseduffield/lazygit/blob/c5f7158154602d23b0750d4304c73e2aead8df5b/pkg/gui/controllers/helpers/working_tree_helper.go#L147
pkg/gui/controllers/helpers/working_tree_helper.go,162,"func (self *WorkingTreeHelper) switchFromCommitMessagePanelToEditor(filepath string, forceSkipHooks bool) error {",pending,https://github.com/jesseduffield/lazygit/blob/c5f7158154602d23b0750d4304c73e2aead8df5b/pkg/gui/controllers/helpers/working_tree_helper.go#L162
pkg/gui/controllers/helpers/working_tree_helper.go,179,func (self *WorkingTreeHelper) HandleCommitEditorPress() error {,pending,https://github.com/jesseduffield/lazygit/blob/c5f7158154602d23b0750d4304c73e2aead8df5b/pkg/gui/controllers/helpers/working_tree_helper.go#L179
pkg/gui/controllers/helpers/working_tree_helper.go,192,func (self *WorkingTreeHelper) HandleWIPCommitPress() error {,pending,https://github.com/jesseduffield/lazygit/blob/c5f7158154602d23b0750d4304c73e2aead8df5b/pkg/gui/controllers/helpers/working_tree_helper.go#L192
pkg/gui/controllers/helpers/working_tree_helper.go,202,func (self *WorkingTreeHelper) HandleCommitPress() error {,pending,https://github.com/jesseduffield/lazygit/blob/c5f7158154602d23b0750d4304c73e2aead8df5b/pkg/gui/controllers/helpers/working_tree_helper.go#L202
pkg/gui/controllers/helpers/working_tree_helper.go,229,func (self *WorkingTreeHelper) WithEnsureCommittableFiles(handler func() error) error {,pending,https://github.com/jesseduffield/lazygit/blob/c5f7158154602d23b0750d4304c73e2aead8df5b/pkg/gui/controllers/helpers/working_tree_helper.go#L229
pkg/gui/controllers/helpers/working_tree_helper.go,253,func (self *WorkingTreeHelper) promptToStageAllAndRetry(retry func() error) error {,pending,https://github.com/jesseduffield/lazygit/blob/c5f7158154602d23b0750d4304c73e2aead8df5b/pkg/gui/controllers/helpers/working_tree_helper.go#L253
pkg/gui/controllers/helpers/working_tree_helper.go,271,func (self *WorkingTreeHelper) commitPrefixConfigsForRepo() []config.CommitPrefixConfig {,pending,https://github.com/jesseduffield/lazygit/blob/c5f7158154602d23b0750d4304c73e2aead8df5b/pkg/gui/controllers/helpers/working_tree_helper.go#L271
pkg/gui/controllers/helpers/working_tree_helper.go,280,"func (self *WorkingTreeHelper) mergeFile(filepath string, strategy string) (string, error) {",pending,https://github.com/jesseduffield/lazygit/blob/c5f7158154602d23b0750d4304c73e2aead8df5b/pkg/gui/controllers/helpers/working_tree_helper.go#L280
pkg/gui/controllers/helpers/working_tree_helper.go,288,"func (self *WorkingTreeHelper) mergeFileWithTempFiles(filepath string, strategy string) (string, error) {",pending,https://github.com/jesseduffield/lazygit/blob/c5f7158154602d23b0750d4304c73e2aead8df5b/pkg/gui/controllers/helpers/working_tree_helper.go#L288
pkg/gui/controllers/helpers/working_tree_helper.go,329,"func (self *WorkingTreeHelper) mergeFileWithObjectIDs(filepath, strategy string) (string, error) {",pending,https://github.com/jesseduffield/lazygit/blob/c5f7158154602d23b0750d4304c73e2aead8df5b/pkg/gui/controllers/helpers/working_tree_helper.go#L329
pkg/gui/controllers/helpers/working_tree_helper.go,348,func (self *WorkingTreeHelper) CreateMergeConflictMenu(selectedFilepaths []string) error {,pending,https://github.com/jesseduffield/lazygit/blob/c5f7158154602d23b0750d4304c73e2aead8df5b/pkg/gui/controllers/helpers/working_tree_helper.go#L348
pkg/gui/controllers/helpers/worktree_helper.go,24,"func NewWorktreeHelper(c *HelperCommon, reposHelper *ReposHelper, refsHelper *RefsHelper, suggestionsHelper *SuggestionsHelper) *WorktreeHelper {",pending,https://github.com/jesseduffield/lazygit/blob/c5f7158154602d23b0750d4304c73e2aead8df5b/pkg/gui/controllers/helpers/worktree_helper.go#L24
pkg/gui/controllers/helpers/worktree_helper.go,33,func (self *WorktreeHelper) GetMainWorktreeName() string {,pending,https://github.com/jesseduffield/lazygit/blob/c5f7158154602d23b0750d4304c73e2aead8df5b/pkg/gui/controllers/helpers/worktree_helper.go#L33
pkg/gui/controllers/helpers/worktree_helper.go,44,func (self *WorktreeHelper) GetLinkedWorktreeName() string {,pending,https://github.com/jesseduffield/lazygit/blob/c5f7158154602d23b0750d4304c73e2aead8df5b/pkg/gui/controllers/helpers/worktree_helper.go#L44
pkg/gui/controllers/helpers/worktree_helper.go,59,func (self *WorktreeHelper) NewWorktree() error {,pending,https://github.com/jesseduffield/lazygit/blob/c5f7158154602d23b0750d4304c73e2aead8df5b/pkg/gui/controllers/helpers/worktree_helper.go#L59
pkg/gui/controllers/helpers/worktree_helper.go,79,func (self *WorktreeHelper) newWorktreeForPickerValue(value string) error {,pending,https://github.com/jesseduffield/lazygit/blob/c5f7158154602d23b0750d4304c73e2aead8df5b/pkg/gui/controllers/helpers/worktree_helper.go#L79
pkg/gui/controllers/helpers/worktree_helper.go,112,"func (self *WorktreeHelper) Switch(worktree *models.Worktree, contextKey types.ContextKey) error {",pending,https://github.com/jesseduffield/lazygit/blob/c5f7158154602d23b0750d4304c73e2aead8df5b/pkg/gui/controllers/helpers/worktree_helper.go#L112
pkg/gui/controllers/helpers/worktree_helper.go,128,"func (self *WorktreeHelper) Remove(worktree *models.Worktree, then func(gocui.Task) error) error {",pending,https://github.com/jesseduffield/lazygit/blob/c5f7158154602d23b0750d4304c73e2aead8df5b/pkg/gui/controllers/helpers/worktree_helper.go#L128
pkg/gui/controllers/helpers/worktree_helper.go,132,"func (self *WorktreeHelper) remove(worktree *models.Worktree, force bool, then func(gocui.Task) error) error {",pending,https://github.com/jesseduffield/lazygit/blob/c5f7158154602d23b0750d4304c73e2aead8df5b/pkg/gui/controllers/helpers/worktree_helper.go#L132
pkg/gui/controllers/helpers/worktree_helper.go,171,"func (self *WorktreeHelper) Detach(worktree *models.Worktree, then func(gocui.Task) error) error {",pending,https://github.com/jesseduffield/lazygit/blob/c5f7158154602d23b0750d4304c73e2aead8df5b/pkg/gui/controllers/helpers/worktree_helper.go#L171
pkg/gui/controllers/helpers/worktree_helper.go,198,"func worktreeParentDirCandidates(repoPath string, linkedWorktreePaths []string, defaultPath string) []string {",pending,https://github.com/jesseduffield/lazygit/blob/c5f7158154602d23b0750d4304c73e2aead8df5b/pkg/gui/controllers/helpers/worktree_helper.go#L198
pkg/gui/controllers/helpers/worktree_helper.go,221,func (self *WorktreeHelper) NewWorktreeMenuForBranch(branch *models.Branch) error {,pending,https://github.com/jesseduffield/lazygit/blob/c5f7158154602d23b0750d4304c73e2aead8df5b/pkg/gui/controllers/helpers/worktree_helper.go#L221
pkg/gui/controllers/helpers/worktree_helper.go,229,func (self *WorktreeHelper) NewWorktreeMenuForCommit(commit *models.Commit) error {,pending,https://github.com/jesseduffield/lazygit/blob/c5f7158154602d23b0750d4304c73e2aead8df5b/pkg/gui/controllers/helpers/worktree_helper.go#L229
pkg/gui/controllers/helpers/worktree_helper.go,236,func (self *WorktreeHelper) NewWorktreeMenuForTag(tag *models.Tag) error {,pending,https://github.com/jesseduffield/lazygit/blob/c5f7158154602d23b0750d4304c73e2aead8df5b/pkg/gui/controllers/helpers/worktree_helper.go#L236
pkg/gui/controllers/helpers/worktree_helper.go,243,func (self *WorktreeHelper) NewWorktreeMenuForStash(stash *models.StashEntry) error {,pending,https://github.com/jesseduffield/lazygit/blob/c5f7158154602d23b0750d4304c73e2aead8df5b/pkg/gui/controllers/helpers/worktree_helper.go#L243
pkg/gui/controllers/helpers/worktree_helper.go,250,func (self *WorktreeHelper) NewWorktreeMenuForRemoteBranch(remoteBranch *models.RemoteBranch) error {,pending,https://github.com/jesseduffield/lazygit/blob/c5f7158154602d23b0750d4304c73e2aead8df5b/pkg/gui/controllers/helpers/worktree_helper.go#L250
pkg/gui/controllers/helpers/worktree_helper.go,260,func (self *WorktreeHelper) worktreeMenu(items ...*types.MenuItem) error {,pending,https://github.com/jesseduffield/lazygit/blob/c5f7158154602d23b0750d4304c73e2aead8df5b/pkg/gui/controllers/helpers/worktree_helper.go#L260
pkg/gui/controllers/helpers/worktree_helper.go,271,"func (self *WorktreeHelper) newBranchAndWorktreeItem(ref string, base string) *types.MenuItem {",pending,https://github.com/jesseduffield/lazygit/blob/c5f7158154602d23b0750d4304c73e2aead8df5b/pkg/gui/controllers/helpers/worktree_helper.go#L271
pkg/gui/controllers/helpers/worktree_helper.go,287,"func (self *WorktreeHelper) newLocalBranchAndWorktreeItem(remoteBranch *models.RemoteBranch, strippedName string) *types.MenuItem {",pending,https://github.com/jesseduffield/lazygit/blob/c5f7158154602d23b0750d4304c73e2aead8df5b/pkg/gui/controllers/helpers/worktree_helper.go#L287
pkg/gui/controllers/helpers/worktree_helper.go,304,"func (self *WorktreeHelper) startNewBranchWorktree(nameInitialContent string, base string, locationPrompt func(name string) string) error {",pending,https://github.com/jesseduffield/lazygit/blob/c5f7158154602d23b0750d4304c73e2aead8df5b/pkg/gui/controllers/helpers/worktree_helper.go#L304
pkg/gui/controllers/helpers/worktree_helper.go,314,func (self *WorktreeHelper) worktreeForBranchItem(branch *models.Branch) *types.MenuItem {,pending,https://github.com/jesseduffield/lazygit/blob/c5f7158154602d23b0750d4304c73e2aead8df5b/pkg/gui/controllers/helpers/worktree_helper.go#L314
pkg/gui/controllers/helpers/worktree_helper.go,333,"func (self *WorktreeHelper) detachedWorktreeItem(ref string, base string, defaultDirName string) *types.MenuItem {",pending,https://github.com/jesseduffield/lazygit/blob/c5f7158154602d23b0750d4304c73e2aead8df5b/pkg/gui/controllers/helpers/worktree_helper.go#L333
pkg/gui/controllers/helpers/worktree_helper.go,353,func (self *WorktreeHelper) branchCheckedOutDisabledReason(branch *models.Branch) *types.DisabledReason {,pending,https://github.com/jesseduffield/lazygit/blob/c5f7158154602d23b0750d4304c73e2aead8df5b/pkg/gui/controllers/helpers/worktree_helper.go#L353
pkg/gui/controllers/helpers/worktree_helper.go,367,"func (self *WorktreeHelper) promptForName(title string, initialContent string, onConfirm func(name string) error) error {",pending,https://github.com/jesseduffield/lazygit/blob/c5f7158154602d23b0750d4304c73e2aead8df5b/pkg/gui/controllers/helpers/worktree_helper.go#L367
pkg/gui/controllers/helpers/worktree_helper.go,383,"func (self *WorktreeHelper) promptForWorktreeLocation(dirName string, prompt string, onConfirm func(path string) error) error {",pending,https://github.com/jesseduffield/lazygit/blob/c5f7158154602d23b0750d4304c73e2aead8df5b/pkg/gui/controllers/helpers/worktree_helper.go#L383
pkg/gui/controllers/helpers/worktree_helper.go,428,"func (self *WorktreeHelper) createWorktree(opts git_commands.NewWorktreeOpts, contextKey types.ContextKey) error {",pending,https://github.com/jesseduffield/lazygit/blob/c5f7158154602d23b0750d4304c73e2aead8df5b/pkg/gui/controllers/helpers/worktree_helper.go#L428
pkg/gui/controllers/jump_to_side_window_controller.go,13,func NewJumpToSideWindowController(,pending,https://github.com/jesseduffield/lazygit/blob/c5f7158154602d23b0750d4304c73e2aead8df5b/pkg/gui/controllers/jump_to_side_window_controller.go#L13
pkg/gui/controllers/jump_to_side_window_controller.go,24,func (self *JumpToSideWindowController) Context() types.Context {,pending,https://github.com/jesseduffield/lazygit/blob/c5f7158154602d23b0750d4304c73e2aead8df5b/pkg/gui/controllers/jump_to_side_window_controller.go#L24
pkg/gui/controllers/jump_to_side_window_controller.go,28,func (self *JumpToSideWindowController) GetKeybindings(opts types.KeybindingsOpts) []*types.Binding {,pending,https://github.com/jesseduffield/lazygit/blob/c5f7158154602d23b0750d4304c73e2aead8df5b/pkg/gui/controllers/jump_to_side_window_controller.go#L28
pkg/gui/controllers/jump_to_side_window_controller.go,49,func (self *JumpToSideWindowController) goToSideWindow(window string) func() error {,pending,https://github.com/jesseduffield/lazygit/blob/c5f7158154602d23b0750d4304c73e2aead8df5b/pkg/gui/controllers/jump_to_side_window_controller.go#L49
pkg/gui/controllers/list_controller.go,13,func NewListControllerFactory(c *ControllerCommon) *ListControllerFactory {,pending,https://github.com/jesseduffield/lazygit/blob/c5f7158154602d23b0750d4304c73e2aead8df5b/pkg/gui/controllers/list_controller.go#L13
pkg/gui/controllers/list_controller.go,19,func (self *ListControllerFactory) Create(context types.IListContext) *ListController {,pending,https://github.com/jesseduffield/lazygit/blob/c5f7158154602d23b0750d4304c73e2aead8df5b/pkg/gui/controllers/list_controller.go#L19
pkg/gui/controllers/list_controller.go,43,func (self *ListController) Context() types.Context {,pending,https://github.com/jesseduffield/lazygit/blob/c5f7158154602d23b0750d4304c73e2aead8df5b/pkg/gui/controllers/list_controller.go#L43
pkg/gui/controllers/list_controller.go,47,func (self *ListController) HandlePrevLine() error {,pending,https://github.com/jesseduffield/lazygit/blob/c5f7158154602d23b0750d4304c73e2aead8df5b/pkg/gui/controllers/list_controller.go#L47
pkg/gui/controllers/list_controller.go,51,func (self *ListController) HandleNextLine() error {,pending,https://github.com/jesseduffield/lazygit/blob/c5f7158154602d23b0750d4304c73e2aead8df5b/pkg/gui/controllers/list_controller.go#L51
pkg/gui/controllers/list_controller.go,55,func (self *ListController) HandleScrollLeft() error {,pending,https://github.com/jesseduffield/lazygit/blob/c5f7158154602d23b0750d4304c73e2aead8df5b/pkg/gui/controllers/list_controller.go#L55
pkg/gui/controllers/list_controller.go,59,func (self *ListController) HandleScrollRight() error {,pending,https://github.com/jesseduffield/lazygit/blob/c5f7158154602d23b0750d4304c73e2aead8df5b/pkg/gui/controllers/list_controller.go#L59
pkg/gui/controllers/list_controller.go,63,func (self *ListController) HandleScrollUp() error {,pending,https://github.com/jesseduffield/lazygit/blob/c5f7158154602d23b0750d4304c73e2aead8df5b/pkg/gui/controllers/list_controller.go#L63
pkg/gui/controllers/list_controller.go,73,func (self *ListController) HandleScrollDown() error {,pending,https://github.com/jesseduffield/lazygit/blob/c5f7158154602d23b0750d4304c73e2aead8df5b/pkg/gui/controllers/list_controller.go#L73
pkg/gui/controllers/list_controller.go,83,func (self *ListController) scrollHorizontal(scrollFunc func()) error {,pending,https://github.com/jesseduffield/lazygit/blob/c5f7158154602d23b0750d4304c73e2aead8df5b/pkg/gui/controllers/list_controller.go#L83
pkg/gui/controllers/list_controller.go,93,func (self *ListController) handleLineChange(change int) error {,pending,https://github.com/jesseduffield/lazygit/blob/c5f7158154602d23b0750d4304c73e2aead8df5b/pkg/gui/controllers/list_controller.go#L93
pkg/gui/controllers/list_controller.go,99,func (self *ListController) HandleRangeSelectChange(change int) error {,pending,https://github.com/jesseduffield/lazygit/blob/c5f7158154602d23b0750d4304c73e2aead8df5b/pkg/gui/controllers/list_controller.go#L99
pkg/gui/controllers/list_controller.go,105,"func (self *ListController) handleLineChangeAux(f func(int), change int) error {",pending,https://github.com/jesseduffield/lazygit/blob/c5f7158154602d23b0750d4304c73e2aead8df5b/pkg/gui/controllers/list_controller.go#L105
pkg/gui/controllers/list_controller.go,150,func (self *ListController) HandlePrevPage() error {,pending,https://github.com/jesseduffield/lazygit/blob/c5f7158154602d23b0750d4304c73e2aead8df5b/pkg/gui/controllers/list_controller.go#L150
pkg/gui/controllers/list_controller.go,154,func (self *ListController) HandleNextPage() error {,pending,https://github.com/jesseduffield/lazygit/blob/c5f7158154602d23b0750d4304c73e2aead8df5b/pkg/gui/controllers/list_controller.go#L154
pkg/gui/controllers/list_controller.go,158,func (self *ListController) handlePageChange(delta int) error {,pending,https://github.com/jesseduffield/lazygit/blob/c5f7158154602d23b0750d4304c73e2aead8df5b/pkg/gui/controllers/list_controller.go#L158
pkg/gui/controllers/list_controller.go,216,func (self *ListController) HandleGotoTop() error {,pending,https://github.com/jesseduffield/lazygit/blob/c5f7158154602d23b0750d4304c73e2aead8df5b/pkg/gui/controllers/list_controller.go#L216
pkg/gui/controllers/list_controller.go,220,func (self *ListController) HandleGotoBottom() error {,pending,https://github.com/jesseduffield/lazygit/blob/c5f7158154602d23b0750d4304c73e2aead8df5b/pkg/gui/controllers/list_controller.go#L220
pkg/gui/controllers/list_controller.go,226,func (self *ListController) HandleToggleRangeSelect() error {,pending,https://github.com/jesseduffield/lazygit/blob/c5f7158154602d23b0750d4304c73e2aead8df5b/pkg/gui/controllers/list_controller.go#L226
pkg/gui/controllers/list_controller.go,235,func (self *ListController) HandleRangeSelectDown() error {,pending,https://github.com/jesseduffield/lazygit/blob/c5f7158154602d23b0750d4304c73e2aead8df5b/pkg/gui/controllers/list_controller.go#L235
pkg/gui/controllers/list_controller.go,239,func (self *ListController) HandleRangeSelectUp() error {,pending,https://github.com/jesseduffield/lazygit/blob/c5f7158154602d23b0750d4304c73e2aead8df5b/pkg/gui/controllers/list_controller.go#L239
pkg/gui/controllers/list_controller.go,243,func (self *ListController) HandleClick(opts gocui.ViewMouseBindingOpts) error {,pending,https://github.com/jesseduffield/lazygit/blob/c5f7158154602d23b0750d4304c73e2aead8df5b/pkg/gui/controllers/list_controller.go#L243
pkg/gui/controllers/list_controller.go,271,func (self *ListController) HandleDrag(opts gocui.ViewMouseBindingOpts) error {,pending,https://github.com/jesseduffield/lazygit/blob/c5f7158154602d23b0750d4304c73e2aead8df5b/pkg/gui/controllers/list_controller.go#L271
pkg/gui/controllers/list_controller.go,279,func (self *ListController) selectRangeThroughViewIndex(viewIndex int) {,pending,https://github.com/jesseduffield/lazygit/blob/c5f7158154602d23b0750d4304c73e2aead8df5b/pkg/gui/controllers/list_controller.go#L279
pkg/gui/controllers/list_controller.go,290,func (self *ListController) handleDragAutoscroll(viewIndex int) bool {,pending,https://github.com/jesseduffield/lazygit/blob/c5f7158154602d23b0750d4304c73e2aead8df5b/pkg/gui/controllers/list_controller.go#L290
pkg/gui/controllers/list_controller.go,300,func (self *ListController) handleDragRelease() error {,pending,https://github.com/jesseduffield/lazygit/blob/c5f7158154602d23b0750d4304c73e2aead8df5b/pkg/gui/controllers/list_controller.go#L300
pkg/gui/controllers/list_controller.go,306,func (self *ListController) GetOnFocusLost() func(types.OnFocusLostOpts) {,pending,https://github.com/jesseduffield/lazygit/blob/c5f7158154602d23b0750d4304c73e2aead8df5b/pkg/gui/controllers/list_controller.go#L306
pkg/gui/controllers/list_controller.go,316,func (self *ListController) pushContextIfNotFocused() error {,pending,https://github.com/jesseduffield/lazygit/blob/c5f7158154602d23b0750d4304c73e2aead8df5b/pkg/gui/controllers/list_controller.go#L316
pkg/gui/controllers/list_controller.go,324,func (self *ListController) isFocused() bool {,pending,https://github.com/jesseduffield/lazygit/blob/c5f7158154602d23b0750d4304c73e2aead8df5b/pkg/gui/controllers/list_controller.go#L324
pkg/gui/controllers/list_controller.go,328,func (self *ListController) GetKeybindings(opts types.KeybindingsOpts) []*types.Binding {,pending,https://github.com/jesseduffield/lazygit/blob/c5f7158154602d23b0750d4304c73e2aead8df5b/pkg/gui/controllers/list_controller.go#L328
pkg/gui/controllers/list_controller.go,353,func (self *ListController) GetMouseKeybindings(opts types.KeybindingsOpts) []*gocui.ViewMouseBinding {,pending,https://github.com/jesseduffield/lazygit/blob/c5f7158154602d23b0750d4304c73e2aead8df5b/pkg/gui/controllers/list_controller.go#L353
pkg/gui/controllers/list_controller_trait.go,19,func NewListControllerTrait[T comparable](,pending,https://github.com/jesseduffield/lazygit/blob/c5f7158154602d23b0750d4304c73e2aead8df5b/pkg/gui/controllers/list_controller_trait.go#L19
pkg/gui/controllers/list_controller_trait.go,35,func (self *ListControllerTrait[T]) require(callbacks ...func() *types.DisabledReason) func() *types.DisabledReason {,pending,https://github.com/jesseduffield/lazygit/blob/c5f7158154602d23b0750d4304c73e2aead8df5b/pkg/gui/controllers/list_controller_trait.go#L35
pkg/gui/controllers/list_controller_trait.go,50,func (self *ListControllerTrait[T]) singleItemSelected(callbacks ...func(T) *types.DisabledReason) func() *types.DisabledReason {,pending,https://github.com/jesseduffield/lazygit/blob/c5f7158154602d23b0750d4304c73e2aead8df5b/pkg/gui/controllers/list_controller_trait.go#L50
pkg/gui/controllers/list_controller_trait.go,73,"func (self *ListControllerTrait[T]) itemRangeSelected(callbacks ...func([]T, int, int) *types.DisabledReason) func() *types.DisabledReason {",pending,https://github.com/jesseduffield/lazygit/blob/c5f7158154602d23b0750d4304c73e2aead8df5b/pkg/gui/controllers/list_controller_trait.go#L73
pkg/gui/controllers/list_controller_trait.go,90,func (self *ListControllerTrait[T]) itemsSelected(callbacks ...func([]T) *types.DisabledReason) func() *types.DisabledReason {,pending,https://github.com/jesseduffield/lazygit/blob/c5f7158154602d23b0750d4304c73e2aead8df5b/pkg/gui/controllers/list_controller_trait.go#L90
pkg/gui/controllers/list_controller_trait.go,108,func (self *ListControllerTrait[T]) withItem(callback func(T) error) func() error {,pending,https://github.com/jesseduffield/lazygit/blob/c5f7158154602d23b0750d4304c73e2aead8df5b/pkg/gui/controllers/list_controller_trait.go#L108
pkg/gui/controllers/list_controller_trait.go,120,func (self *ListControllerTrait[T]) withItems(callback func([]T) error) func() error {,pending,https://github.com/jesseduffield/lazygit/blob/c5f7158154602d23b0750d4304c73e2aead8df5b/pkg/gui/controllers/list_controller_trait.go#L120
pkg/gui/controllers/list_controller_trait.go,132,"func (self *ListControllerTrait[T]) withItemsRange(callback func([]T, int, int) error) func() error {",pending,https://github.com/jesseduffield/lazygit/blob/c5f7158154602d23b0750d4304c73e2aead8df5b/pkg/gui/controllers/list_controller_trait.go#L132
pkg/gui/controllers/list_controller_trait.go,145,func (self *ListControllerTrait[T]) withItemGraceful(callback func(T) error) func() error {,pending,https://github.com/jesseduffield/lazygit/blob/c5f7158154602d23b0750d4304c73e2aead8df5b/pkg/gui/controllers/list_controller_trait.go#L145
pkg/gui/controllers/list_controller_trait.go,158,func (self *ListControllerTrait[T]) Context() types.Context {,pending,https://github.com/jesseduffield/lazygit/blob/c5f7158154602d23b0750d4304c73e2aead8df5b/pkg/gui/controllers/list_controller_trait.go#L158
pkg/gui/controllers/local_commits_controller.go,83,func NewLocalCommitsController(,pending,https://github.com/jesseduffield/lazygit/blob/c5f7158154602d23b0750d4304c73e2aead8df5b/pkg/gui/controllers/local_commits_controller.go#L83
pkg/gui/controllers/local_commits_controller.go,107,func (self *LocalCommitsController) GetMouseKeybindings(types.KeybindingsOpts) []*gocui.ViewMouseBinding {,pending,https://github.com/jesseduffield/lazygit/blob/c5f7158154602d23b0750d4304c73e2aead8df5b/pkg/gui/controllers/local_commits_controller.go#L107
pkg/gui/controllers/local_commits_controller.go,132,func (self *LocalCommitsController) handleCommitDragPress(opts gocui.ViewMouseBindingOpts) error {,pending,https://github.com/jesseduffield/lazygit/blob/c5f7158154602d23b0750d4304c73e2aead8df5b/pkg/gui/controllers/local_commits_controller.go#L132
pkg/gui/controllers/local_commits_controller.go,170,"func (self *LocalCommitsController) commitDragInsertionBounds(startIndex int, endIndex int) (int, int) {",pending,https://github.com/jesseduffield/lazygit/blob/c5f7158154602d23b0750d4304c73e2aead8df5b/pkg/gui/controllers/local_commits_controller.go#L170
pkg/gui/controllers/local_commits_controller.go,187,func (self *LocalCommitsController) handleCommitDrag(opts gocui.ViewMouseBindingOpts) error {,pending,https://github.com/jesseduffield/lazygit/blob/c5f7158154602d23b0750d4304c73e2aead8df5b/pkg/gui/controllers/local_commits_controller.go#L187
pkg/gui/controllers/local_commits_controller.go,203,func (self *LocalCommitsController) updateCommitDragInsertion(viewIndex int) bool {,pending,https://github.com/jesseduffield/lazygit/blob/c5f7158154602d23b0750d4304c73e2aead8df5b/pkg/gui/controllers/local_commits_controller.go#L203
pkg/gui/controllers/local_commits_controller.go,224,func (self *LocalCommitsController) restoreCommitDragHighlight() {,pending,https://github.com/jesseduffield/lazygit/blob/c5f7158154602d23b0750d4304c73e2aead8df5b/pkg/gui/controllers/local_commits_controller.go#L224
pkg/gui/controllers/local_commits_controller.go,235,func (self *LocalCommitsController) commitDragInsertionIndex(viewIndex int) int {,pending,https://github.com/jesseduffield/lazygit/blob/c5f7158154602d23b0750d4304c73e2aead8df5b/pkg/gui/controllers/local_commits_controller.go#L235
pkg/gui/controllers/local_commits_controller.go,255,func (self *LocalCommitsController) handleCommitDragRelease(gocui.ViewMouseBindingOpts) error {,pending,https://github.com/jesseduffield/lazygit/blob/c5f7158154602d23b0750d4304c73e2aead8df5b/pkg/gui/controllers/local_commits_controller.go#L255
pkg/gui/controllers/local_commits_controller.go,306,func (self *LocalCommitsController) startMovingCommitsIndicator(insertionIndex int) {,pending,https://github.com/jesseduffield/lazygit/blob/c5f7158154602d23b0750d4304c73e2aead8df5b/pkg/gui/controllers/local_commits_controller.go#L306
pkg/gui/controllers/local_commits_controller.go,345,func (self *LocalCommitsController) stopMovingCommitsIndicator() {,pending,https://github.com/jesseduffield/lazygit/blob/c5f7158154602d23b0750d4304c73e2aead8df5b/pkg/gui/controllers/local_commits_controller.go#L345
pkg/gui/controllers/local_commits_controller.go,353,func (self *LocalCommitsController) stopMovingCommitsIndicatorTicker() {,pending,https://github.com/jesseduffield/lazygit/blob/c5f7158154602d23b0750d4304c73e2aead8df5b/pkg/gui/controllers/local_commits_controller.go#L353
pkg/gui/controllers/local_commits_controller.go,360,func commitDragIdentityForCommit(commit *models.Commit) commitDragIdentity {,pending,https://github.com/jesseduffield/lazygit/blob/c5f7158154602d23b0750d4304c73e2aead8df5b/pkg/gui/controllers/local_commits_controller.go#L360
pkg/gui/controllers/local_commits_controller.go,373,func findCommitDragBlock(,pending,https://github.com/jesseduffield/lazygit/blob/c5f7158154602d23b0750d4304c73e2aead8df5b/pkg/gui/controllers/local_commits_controller.go#L373
pkg/gui/controllers/local_commits_controller.go,400,func (self *LocalCommitsController) GetOnFocusLost() func(types.OnFocusLostOpts) {,pending,https://github.com/jesseduffield/lazygit/blob/c5f7158154602d23b0750d4304c73e2aead8df5b/pkg/gui/controllers/local_commits_controller.go#L400
pkg/gui/controllers/local_commits_controller.go,410,func (self *LocalCommitsController) cancelCommitDrag() {,pending,https://github.com/jesseduffield/lazygit/blob/c5f7158154602d23b0750d4304c73e2aead8df5b/pkg/gui/controllers/local_commits_controller.go#L410
pkg/gui/controllers/local_commits_controller.go,418,func (self *LocalCommitsController) handleCommitDragCancel() error {,pending,https://github.com/jesseduffield/lazygit/blob/c5f7158154602d23b0750d4304c73e2aead8df5b/pkg/gui/controllers/local_commits_controller.go#L418
pkg/gui/controllers/local_commits_controller.go,430,func (self *LocalCommitsController) canCommitDragAutoscroll(direction int) bool {,pending,https://github.com/jesseduffield/lazygit/blob/c5f7158154602d23b0750d4304c73e2aead8df5b/pkg/gui/controllers/local_commits_controller.go#L430
pkg/gui/controllers/local_commits_controller.go,441,func (self *LocalCommitsController) handleCommitDragAutoscroll(viewIndex int) bool {,pending,https://github.com/jesseduffield/lazygit/blob/c5f7158154602d23b0750d4304c73e2aead8df5b/pkg/gui/controllers/local_commits_controller.go#L441
pkg/gui/controllers/local_commits_controller.go,453,func (self *LocalCommitsController) GetKeybindings(opts types.KeybindingsOpts) []*types.Binding {,pending,https://github.com/jesseduffield/lazygit/blob/c5f7158154602d23b0750d4304c73e2aead8df5b/pkg/gui/controllers/local_commits_controller.go#L453
pkg/gui/controllers/local_commits_controller.go,669,func (self *LocalCommitsController) checkedOutBranchHasPR() *types.DisabledReason {,pending,https://github.com/jesseduffield/lazygit/blob/c5f7158154602d23b0750d4304c73e2aead8df5b/pkg/gui/controllers/local_commits_controller.go#L669
pkg/gui/controllers/local_commits_controller.go,673,func (self *LocalCommitsController) openPRInBrowser() error {,pending,https://github.com/jesseduffield/lazygit/blob/c5f7158154602d23b0750d4304c73e2aead8df5b/pkg/gui/controllers/local_commits_controller.go#L673
pkg/gui/controllers/local_commits_controller.go,686,func (self *LocalCommitsController) GetOnRenderToMain() func() {,pending,https://github.com/jesseduffield/lazygit/blob/c5f7158154602d23b0750d4304c73e2aead8df5b/pkg/gui/controllers/local_commits_controller.go#L686
pkg/gui/controllers/local_commits_controller.go,725,func secondaryPatchPanelUpdateOpts(c *ControllerCommon) *types.ViewUpdateOpts {,pending,https://github.com/jesseduffield/lazygit/blob/c5f7158154602d23b0750d4304c73e2aead8df5b/pkg/gui/controllers/local_commits_controller.go#L725
pkg/gui/controllers/local_commits_controller.go,747,"func (self *LocalCommitsController) squashDown(selectedCommits []*models.Commit, startIdx int, endIdx int) error {",pending,https://github.com/jesseduffield/lazygit/blob/c5f7158154602d23b0750d4304c73e2aead8df5b/pkg/gui/controllers/local_commits_controller.go#L747
pkg/gui/controllers/local_commits_controller.go,771,"func (self *LocalCommitsController) fixup(selectedCommits []*models.Commit, startIdx int, endIdx int) error {",pending,https://github.com/jesseduffield/lazygit/blob/c5f7158154602d23b0750d4304c73e2aead8df5b/pkg/gui/controllers/local_commits_controller.go#L771
pkg/gui/controllers/local_commits_controller.go,815,func (self *LocalCommitsController) canSetFixupMessage(commit *models.Commit) *types.DisabledReason {,pending,https://github.com/jesseduffield/lazygit/blob/c5f7158154602d23b0750d4304c73e2aead8df5b/pkg/gui/controllers/local_commits_controller.go#L815
pkg/gui/controllers/local_commits_controller.go,827,func (self *LocalCommitsController) setFixupMessage(commit *models.Commit) error {,pending,https://github.com/jesseduffield/lazygit/blob/c5f7158154602d23b0750d4304c73e2aead8df5b/pkg/gui/controllers/local_commits_controller.go#L827
pkg/gui/controllers/local_commits_controller.go,851,func (self *LocalCommitsController) reword(commit *models.Commit) error {,pending,https://github.com/jesseduffield/lazygit/blob/c5f7158154602d23b0750d4304c73e2aead8df5b/pkg/gui/controllers/local_commits_controller.go#L851
pkg/gui/controllers/local_commits_controller.go,878,func (self *LocalCommitsController) switchFromCommitMessagePanelToEditor(filepath string) error {,pending,https://github.com/jesseduffield/lazygit/blob/c5f7158154602d23b0750d4304c73e2aead8df5b/pkg/gui/controllers/local_commits_controller.go#L878
pkg/gui/controllers/local_commits_controller.go,905,"func (self *LocalCommitsController) handleReword(summary string, description string) error {",pending,https://github.com/jesseduffield/lazygit/blob/c5f7158154602d23b0750d4304c73e2aead8df5b/pkg/gui/controllers/local_commits_controller.go#L905
pkg/gui/controllers/local_commits_controller.go,928,func (self *LocalCommitsController) doRewordEditor() error {,pending,https://github.com/jesseduffield/lazygit/blob/c5f7158154602d23b0750d4304c73e2aead8df5b/pkg/gui/controllers/local_commits_controller.go#L928
pkg/gui/controllers/local_commits_controller.go,948,func (self *LocalCommitsController) rewordEditor(commit *models.Commit) error {,pending,https://github.com/jesseduffield/lazygit/blob/c5f7158154602d23b0750d4304c73e2aead8df5b/pkg/gui/controllers/local_commits_controller.go#L948
pkg/gui/controllers/local_commits_controller.go,957,"func (self *LocalCommitsController) drop(selectedCommits []*models.Commit, startIdx int, endIdx int) error {",pending,https://github.com/jesseduffield/lazygit/blob/c5f7158154602d23b0750d4304c73e2aead8df5b/pkg/gui/controllers/local_commits_controller.go#L957
pkg/gui/controllers/local_commits_controller.go,1020,"func (self *LocalCommitsController) dropMergeCommit(commits []*models.Commit, commitIdx int) error {",pending,https://github.com/jesseduffield/lazygit/blob/c5f7158154602d23b0750d4304c73e2aead8df5b/pkg/gui/controllers/local_commits_controller.go#L1020
pkg/gui/controllers/local_commits_controller.go,1025,"func (self *LocalCommitsController) edit(selectedCommits []*models.Commit, startIdx int, endIdx int) error {",pending,https://github.com/jesseduffield/lazygit/blob/c5f7158154602d23b0750d4304c73e2aead8df5b/pkg/gui/controllers/local_commits_controller.go#L1025
pkg/gui/controllers/local_commits_controller.go,1045,func (self *LocalCommitsController) quickStartInteractiveRebase() error {,pending,https://github.com/jesseduffield/lazygit/blob/c5f7158154602d23b0750d4304c73e2aead8df5b/pkg/gui/controllers/local_commits_controller.go#L1045
pkg/gui/controllers/local_commits_controller.go,1054,func (self *LocalCommitsController) startInteractiveRebaseWithEdit(,pending,https://github.com/jesseduffield/lazygit/blob/c5f7158154602d23b0750d4304c73e2aead8df5b/pkg/gui/controllers/local_commits_controller.go#L1054
pkg/gui/controllers/local_commits_controller.go,1081,"func (self *LocalCommitsController) findCommitForQuickStartInteractiveRebase() (*models.Commit, error) {",pending,https://github.com/jesseduffield/lazygit/blob/c5f7158154602d23b0750d4304c73e2aead8df5b/pkg/gui/controllers/local_commits_controller.go#L1081
pkg/gui/controllers/local_commits_controller.go,1097,func (self *LocalCommitsController) pick(selectedCommits []*models.Commit) error {,pending,https://github.com/jesseduffield/lazygit/blob/c5f7158154602d23b0750d4304c73e2aead8df5b/pkg/gui/controllers/local_commits_controller.go#L1097
pkg/gui/controllers/local_commits_controller.go,1105,"func (self *LocalCommitsController) interactiveRebase(commits []*models.Commit, action todo.TodoCommand, startIdx int, endIdx int) error {",pending,https://github.com/jesseduffield/lazygit/blob/c5f7158154602d23b0750d4304c73e2aead8df5b/pkg/gui/controllers/local_commits_controller.go#L1105
pkg/gui/controllers/local_commits_controller.go,1109,"func (self *LocalCommitsController) interactiveRebaseWithFlag(commits []*models.Commit, action todo.TodoCommand, startIdx int, endIdx int, flag string) error {",pending,https://github.com/jesseduffield/lazygit/blob/c5f7158154602d23b0750d4304c73e2aead8df5b/pkg/gui/controllers/local_commits_controller.go#L1109
pkg/gui/controllers/local_commits_controller.go,1120,func (self *LocalCommitsController) selectRebaseResultCommit(startIdx int) {,pending,https://github.com/jesseduffield/lazygit/blob/c5f7158154602d23b0750d4304c73e2aead8df5b/pkg/gui/controllers/local_commits_controller.go#L1120
pkg/gui/controllers/local_commits_controller.go,1127,"func (self *LocalCommitsController) updateTodos(action todo.TodoCommand, selectedCommits []*models.Commit) error {",pending,https://github.com/jesseduffield/lazygit/blob/c5f7158154602d23b0750d4304c73e2aead8df5b/pkg/gui/controllers/local_commits_controller.go#L1127
pkg/gui/controllers/local_commits_controller.go,1131,"func (self *LocalCommitsController) updateTodosWithFlag(action todo.TodoCommand, selectedCommits []*models.Commit, flag string) error {",pending,https://github.com/jesseduffield/lazygit/blob/c5f7158154602d23b0750d4304c73e2aead8df5b/pkg/gui/controllers/local_commits_controller.go#L1131
pkg/gui/controllers/local_commits_controller.go,1143,func (self *LocalCommitsController) rewordEnabled(commit *models.Commit) *types.DisabledReason {,pending,https://github.com/jesseduffield/lazygit/blob/c5f7158154602d23b0750d4304c73e2aead8df5b/pkg/gui/controllers/local_commits_controller.go#L1143
pkg/gui/controllers/local_commits_controller.go,1161,func (self *LocalCommitsController) isRebasing() bool {,pending,https://github.com/jesseduffield/lazygit/blob/c5f7158154602d23b0750d4304c73e2aead8df5b/pkg/gui/controllers/local_commits_controller.go#L1161
pkg/gui/controllers/local_commits_controller.go,1165,func (self *LocalCommitsController) isCherryPickingOrReverting() bool {,pending,https://github.com/jesseduffield/lazygit/blob/c5f7158154602d23b0750d4304c73e2aead8df5b/pkg/gui/controllers/local_commits_controller.go#L1165
pkg/gui/controllers/local_commits_controller.go,1170,"func (self *LocalCommitsController) moveDown(selectedCommits []*models.Commit, startIdx int, endIdx int) error {",pending,https://github.com/jesseduffield/lazygit/blob/c5f7158154602d23b0750d4304c73e2aead8df5b/pkg/gui/controllers/local_commits_controller.go#L1170
pkg/gui/controllers/local_commits_controller.go,1174,"func (self *LocalCommitsController) moveUp(selectedCommits []*models.Commit, startIdx int, endIdx int) error {",pending,https://github.com/jesseduffield/lazygit/blob/c5f7158154602d23b0750d4304c73e2aead8df5b/pkg/gui/controllers/local_commits_controller.go#L1174
pkg/gui/controllers/local_commits_controller.go,1178,func (self *LocalCommitsController) move(,pending,https://github.com/jesseduffield/lazygit/blob/c5f7158154602d23b0750d4304c73e2aead8df5b/pkg/gui/controllers/local_commits_controller.go#L1178
pkg/gui/controllers/local_commits_controller.go,1235,func (self *LocalCommitsController) amendTo(commit *models.Commit) error {,pending,https://github.com/jesseduffield/lazygit/blob/c5f7158154602d23b0750d4304c73e2aead8df5b/pkg/gui/controllers/local_commits_controller.go#L1235
pkg/gui/controllers/local_commits_controller.go,1273,"func (self *LocalCommitsController) canAmendRange(commits []*models.Commit, start, end int) *types.DisabledReason {",pending,https://github.com/jesseduffield/lazygit/blob/c5f7158154602d23b0750d4304c73e2aead8df5b/pkg/gui/controllers/local_commits_controller.go#L1273
pkg/gui/controllers/local_commits_controller.go,1281,func (self *LocalCommitsController) canAmend(_ *models.Commit) *types.DisabledReason {,pending,https://github.com/jesseduffield/lazygit/blob/c5f7158154602d23b0750d4304c73e2aead8df5b/pkg/gui/controllers/local_commits_controller.go#L1281
pkg/gui/controllers/local_commits_controller.go,1286,"func (self *LocalCommitsController) amendAttribute(_ []*models.Commit, start, end int) error {",pending,https://github.com/jesseduffield/lazygit/blob/c5f7158154602d23b0750d4304c73e2aead8df5b/pkg/gui/controllers/local_commits_controller.go#L1286
pkg/gui/controllers/local_commits_controller.go,1317,"func (self *LocalCommitsController) resetAuthor(commits []*models.Commit, start, end int) error {",pending,https://github.com/jesseduffield/lazygit/blob/c5f7158154602d23b0750d4304c73e2aead8df5b/pkg/gui/controllers/local_commits_controller.go#L1317
pkg/gui/controllers/local_commits_controller.go,1332,"func (self *LocalCommitsController) setAuthor(commits []*models.Commit, start, end int) error {",pending,https://github.com/jesseduffield/lazygit/blob/c5f7158154602d23b0750d4304c73e2aead8df5b/pkg/gui/controllers/local_commits_controller.go#L1332
pkg/gui/controllers/local_commits_controller.go,1355,"func (self *LocalCommitsController) addCoAuthor(commits []*models.Commit, start, end int) error {",pending,https://github.com/jesseduffield/lazygit/blob/c5f7158154602d23b0750d4304c73e2aead8df5b/pkg/gui/controllers/local_commits_controller.go#L1355
pkg/gui/controllers/local_commits_controller.go,1377,"func (self *LocalCommitsController) revert(commits []*models.Commit, start, end int) error {",pending,https://github.com/jesseduffield/lazygit/blob/c5f7158154602d23b0750d4304c73e2aead8df5b/pkg/gui/controllers/local_commits_controller.go#L1377
pkg/gui/controllers/local_commits_controller.go,1430,func (self *LocalCommitsController) createFixupCommit(commit *models.Commit) error {,pending,https://github.com/jesseduffield/lazygit/blob/c5f7158154602d23b0750d4304c73e2aead8df5b/pkg/gui/controllers/local_commits_controller.go#L1430
pkg/gui/controllers/local_commits_controller.go,1495,func (self *LocalCommitsController) moveFixupCommitToOwnerStackedBranch(,pending,https://github.com/jesseduffield/lazygit/blob/c5f7158154602d23b0750d4304c73e2aead8df5b/pkg/gui/controllers/local_commits_controller.go#L1495
pkg/gui/controllers/local_commits_controller.go,1541,"func (self *LocalCommitsController) createAmendCommit(commit *models.Commit, includeFileChanges bool) error {",pending,https://github.com/jesseduffield/lazygit/blob/c5f7158154602d23b0750d4304c73e2aead8df5b/pkg/gui/controllers/local_commits_controller.go#L1541
pkg/gui/controllers/local_commits_controller.go,1585,func (self *LocalCommitsController) squashFixupCommits() error {,pending,https://github.com/jesseduffield/lazygit/blob/c5f7158154602d23b0750d4304c73e2aead8df5b/pkg/gui/controllers/local_commits_controller.go#L1585
pkg/gui/controllers/local_commits_controller.go,1607,func (self *LocalCommitsController) squashAllFixupsAboveSelectedCommit(commit *models.Commit) error {,pending,https://github.com/jesseduffield/lazygit/blob/c5f7158154602d23b0750d4304c73e2aead8df5b/pkg/gui/controllers/local_commits_controller.go#L1607
pkg/gui/controllers/local_commits_controller.go,1611,func (self *LocalCommitsController) squashAllFixupsInCurrentBranch() error {,pending,https://github.com/jesseduffield/lazygit/blob/c5f7158154602d23b0750d4304c73e2aead8df5b/pkg/gui/controllers/local_commits_controller.go#L1611
pkg/gui/controllers/local_commits_controller.go,1620,"func (self *LocalCommitsController) squashFixupsImpl(commit *models.Commit, rebaseStartIdx int) error {",pending,https://github.com/jesseduffield/lazygit/blob/c5f7158154602d23b0750d4304c73e2aead8df5b/pkg/gui/controllers/local_commits_controller.go#L1620
pkg/gui/controllers/local_commits_controller.go,1650,"func (self *LocalCommitsController) findCommitForSquashFixupsInCurrentBranch() (*models.Commit, int, error) {",pending,https://github.com/jesseduffield/lazygit/blob/c5f7158154602d23b0750d4304c73e2aead8df5b/pkg/gui/controllers/local_commits_controller.go#L1650
pkg/gui/controllers/local_commits_controller.go,1666,"func countSquashableCommitsAbove(commits []*models.Commit, selectedIdx int, rebaseStartIdx int) int {",pending,https://github.com/jesseduffield/lazygit/blob/c5f7158154602d23b0750d4304c73e2aead8df5b/pkg/gui/controllers/local_commits_controller.go#L1666
pkg/gui/controllers/local_commits_controller.go,1685,func (self *LocalCommitsController) createTag(commit *models.Commit) error {,pending,https://github.com/jesseduffield/lazygit/blob/c5f7158154602d23b0750d4304c73e2aead8df5b/pkg/gui/controllers/local_commits_controller.go#L1685
pkg/gui/controllers/local_commits_controller.go,1689,func (self *LocalCommitsController) openSearch() error {,pending,https://github.com/jesseduffield/lazygit/blob/c5f7158154602d23b0750d4304c73e2aead8df5b/pkg/gui/controllers/local_commits_controller.go#L1689
pkg/gui/controllers/local_commits_controller.go,1700,func (self *LocalCommitsController) handleOpenLogMenu() error {,pending,https://github.com/jesseduffield/lazygit/blob/c5f7158154602d23b0750d4304c73e2aead8df5b/pkg/gui/controllers/local_commits_controller.go#L1700
pkg/gui/controllers/local_commits_controller.go,1808,func (self *LocalCommitsController) GetOnFocus() func(types.OnFocusOpts) {,pending,https://github.com/jesseduffield/lazygit/blob/c5f7158154602d23b0750d4304c73e2aead8df5b/pkg/gui/controllers/local_commits_controller.go#L1808
pkg/gui/controllers/local_commits_controller.go,1818,func (self *LocalCommitsController) context() *context.LocalCommitsContext {,pending,https://github.com/jesseduffield/lazygit/blob/c5f7158154602d23b0750d4304c73e2aead8df5b/pkg/gui/controllers/local_commits_controller.go#L1818
pkg/gui/controllers/local_commits_controller.go,1822,func (self *LocalCommitsController) paste() error {,pending,https://github.com/jesseduffield/lazygit/blob/c5f7158154602d23b0750d4304c73e2aead8df5b/pkg/gui/controllers/local_commits_controller.go#L1822
pkg/gui/controllers/local_commits_controller.go,1826,func (self *LocalCommitsController) canPaste() *types.DisabledReason {,pending,https://github.com/jesseduffield/lazygit/blob/c5f7158154602d23b0750d4304c73e2aead8df5b/pkg/gui/controllers/local_commits_controller.go#L1826
pkg/gui/controllers/local_commits_controller.go,1834,func (self *LocalCommitsController) markAsBaseCommit(commit *models.Commit) error {,pending,https://github.com/jesseduffield/lazygit/blob/c5f7158154602d23b0750d4304c73e2aead8df5b/pkg/gui/controllers/local_commits_controller.go#L1834
pkg/gui/controllers/local_commits_controller.go,1845,func (self *LocalCommitsController) isHeadCommit(idx int) bool {,pending,https://github.com/jesseduffield/lazygit/blob/c5f7158154602d23b0750d4304c73e2aead8df5b/pkg/gui/controllers/local_commits_controller.go#L1845
pkg/gui/controllers/local_commits_controller.go,1849,func (self *LocalCommitsController) isSelectedHeadCommit() bool {,pending,https://github.com/jesseduffield/lazygit/blob/c5f7158154602d23b0750d4304c73e2aead8df5b/pkg/gui/controllers/local_commits_controller.go#L1849
pkg/gui/controllers/local_commits_controller.go,1853,func (self *LocalCommitsController) notMidRebase(message string) func() *types.DisabledReason {,pending,https://github.com/jesseduffield/lazygit/blob/c5f7158154602d23b0750d4304c73e2aead8df5b/pkg/gui/controllers/local_commits_controller.go#L1853
pkg/gui/controllers/local_commits_controller.go,1863,func (self *LocalCommitsController) canFindCommitForQuickStart() *types.DisabledReason {,pending,https://github.com/jesseduffield/lazygit/blob/c5f7158154602d23b0750d4304c73e2aead8df5b/pkg/gui/controllers/local_commits_controller.go#L1863
pkg/gui/controllers/local_commits_controller.go,1871,func (self *LocalCommitsController) canFindCommitForSquashFixupsInCurrentBranch() *types.DisabledReason {,pending,https://github.com/jesseduffield/lazygit/blob/c5f7158154602d23b0750d4304c73e2aead8df5b/pkg/gui/controllers/local_commits_controller.go#L1871
pkg/gui/controllers/local_commits_controller.go,1879,"func (self *LocalCommitsController) canSquashOrFixup(selectedCommits []*models.Commit, startIdx int, endIdx int) *types.DisabledReason {",pending,https://github.com/jesseduffield/lazygit/blob/c5f7158154602d23b0750d4304c73e2aead8df5b/pkg/gui/controllers/local_commits_controller.go#L1879
pkg/gui/controllers/local_commits_controller.go,1891,"func (self *LocalCommitsController) canMoveDown(selectedCommits []*models.Commit, startIdx int, endIdx int) *types.DisabledReason {",pending,https://github.com/jesseduffield/lazygit/blob/c5f7158154602d23b0750d4304c73e2aead8df5b/pkg/gui/controllers/local_commits_controller.go#L1891
pkg/gui/controllers/local_commits_controller.go,1907,"func (self *LocalCommitsController) canMoveUp(selectedCommits []*models.Commit, startIdx int, endIdx int) *types.DisabledReason {",pending,https://github.com/jesseduffield/lazygit/blob/c5f7158154602d23b0750d4304c73e2aead8df5b/pkg/gui/controllers/local_commits_controller.go#L1907
pkg/gui/controllers/local_commits_controller.go,1924,"func (self *LocalCommitsController) midRebaseCommandEnabled(selectedCommits []*models.Commit, startIdx int, endIdx int) *types.DisabledReason {",pending,https://github.com/jesseduffield/lazygit/blob/c5f7158154602d23b0750d4304c73e2aead8df5b/pkg/gui/controllers/local_commits_controller.go#L1924
pkg/gui/controllers/local_commits_controller.go,1947,"func (self *LocalCommitsController) midRebaseMoveCommandEnabled(selectedCommits []*models.Commit, startIdx int, endIdx int) *types.DisabledReason {",pending,https://github.com/jesseduffield/lazygit/blob/c5f7158154602d23b0750d4304c73e2aead8df5b/pkg/gui/controllers/local_commits_controller.go#L1947
pkg/gui/controllers/local_commits_controller.go,1975,"func (self *LocalCommitsController) canDropCommits(selectedCommits []*models.Commit, startIdx int, endIdx int) *types.DisabledReason {",pending,https://github.com/jesseduffield/lazygit/blob/c5f7158154602d23b0750d4304c73e2aead8df5b/pkg/gui/controllers/local_commits_controller.go#L1975
pkg/gui/controllers/local_commits_controller.go,2016,func isChangeOfRebaseTodoAllowed(oldAction todo.TodoCommand) bool {,pending,https://github.com/jesseduffield/lazygit/blob/c5f7158154602d23b0750d4304c73e2aead8df5b/pkg/gui/controllers/local_commits_controller.go#L2016
pkg/gui/controllers/local_commits_controller.go,2023,"func (self *LocalCommitsController) pickEnabled(selectedCommits []*models.Commit, startIdx int, endIdx int) *types.DisabledReason {",pending,https://github.com/jesseduffield/lazygit/blob/c5f7158154602d23b0750d4304c73e2aead8df5b/pkg/gui/controllers/local_commits_controller.go#L2023
pkg/gui/controllers/main_view_controller.go,34,func NewMainViewController(,pending,https://github.com/jesseduffield/lazygit/blob/c5f7158154602d23b0750d4304c73e2aead8df5b/pkg/gui/controllers/main_view_controller.go#L34
pkg/gui/controllers/main_view_controller.go,54,func (self *MainViewController) GetKeybindings(opts types.KeybindingsOpts) []*types.Binding {,pending,https://github.com/jesseduffield/lazygit/blob/c5f7158154602d23b0750d4304c73e2aead8df5b/pkg/gui/controllers/main_view_controller.go#L54
pkg/gui/controllers/main_view_controller.go,244,func (self *MainViewController) GetMouseKeybindings(opts types.KeybindingsOpts) []*gocui.ViewMouseBinding {,pending,https://github.com/jesseduffield/lazygit/blob/c5f7158154602d23b0750d4304c73e2aead8df5b/pkg/gui/controllers/main_view_controller.go#L244
pkg/gui/controllers/main_view_controller.go,288,func (self *MainViewController) Context() types.Context {,pending,https://github.com/jesseduffield/lazygit/blob/c5f7158154602d23b0750d4304c73e2aead8df5b/pkg/gui/controllers/main_view_controller.go#L288
pkg/gui/controllers/main_view_controller.go,292,func (self *MainViewController) togglePanel() error {,pending,https://github.com/jesseduffield/lazygit/blob/c5f7158154602d23b0750d4304c73e2aead8df5b/pkg/gui/controllers/main_view_controller.go#L292
pkg/gui/controllers/main_view_controller.go,312,func (self *MainViewController) escape() error {,pending,https://github.com/jesseduffield/lazygit/blob/c5f7158154602d23b0750d4304c73e2aead8df5b/pkg/gui/controllers/main_view_controller.go#L312
pkg/gui/controllers/main_view_controller.go,322,func (self *MainViewController) escapeDescription() string {,pending,https://github.com/jesseduffield/lazygit/blob/c5f7158154602d23b0750d4304c73e2aead8df5b/pkg/gui/controllers/main_view_controller.go#L322
pkg/gui/controllers/main_view_controller.go,334,func (self *MainViewController) selectingHunkEnabledByUser() bool {,pending,https://github.com/jesseduffield/lazygit/blob/c5f7158154602d23b0750d4304c73e2aead8df5b/pkg/gui/controllers/main_view_controller.go#L334
pkg/gui/controllers/main_view_controller.go,340,func (self *MainViewController) isDiffView() bool {,pending,https://github.com/jesseduffield/lazygit/blob/c5f7158154602d23b0750d4304c73e2aead8df5b/pkg/gui/controllers/main_view_controller.go#L340
pkg/gui/controllers/main_view_controller.go,348,func (self *MainViewController) sidePanelBeneath() types.Context {,pending,https://github.com/jesseduffield/lazygit/blob/c5f7158154602d23b0750d4304c73e2aead8df5b/pkg/gui/controllers/main_view_controller.go#L348
pkg/gui/controllers/main_view_controller.go,358,func (self *MainViewController) diffMainViewType() types.DiffMainViewType {,pending,https://github.com/jesseduffield/lazygit/blob/c5f7158154602d23b0750d4304c73e2aead8df5b/pkg/gui/controllers/main_view_controller.go#L358
pkg/gui/controllers/main_view_controller.go,368,func (self *MainViewController) diffSource() types.FocusedMainViewDiffSource {,pending,https://github.com/jesseduffield/lazygit/blob/c5f7158154602d23b0750d4304c73e2aead8df5b/pkg/gui/controllers/main_view_controller.go#L368
pkg/gui/controllers/main_view_controller.go,379,func (self *MainViewController) focusedMainViewActions() types.FocusedMainViewActions {,pending,https://github.com/jesseduffield/lazygit/blob/c5f7158154602d23b0750d4304c73e2aead8df5b/pkg/gui/controllers/main_view_controller.go#L379
pkg/gui/controllers/main_view_controller.go,386,func (self *MainViewController) primaryAction() error {,pending,https://github.com/jesseduffield/lazygit/blob/c5f7158154602d23b0750d4304c73e2aead8df5b/pkg/gui/controllers/main_view_controller.go#L386
pkg/gui/controllers/main_view_controller.go,401,func (self *MainViewController) discardSelection() error {,pending,https://github.com/jesseduffield/lazygit/blob/c5f7158154602d23b0750d4304c73e2aead8df5b/pkg/gui/controllers/main_view_controller.go#L401
pkg/gui/controllers/main_view_controller.go,416,func (self *MainViewController) editHunk() error {,pending,https://github.com/jesseduffield/lazygit/blob/c5f7158154602d23b0750d4304c73e2aead8df5b/pkg/gui/controllers/main_view_controller.go#L416
pkg/gui/controllers/main_view_controller.go,433,func (self *MainViewController) workingTreeAction(action func() error) func() error {,pending,https://github.com/jesseduffield/lazygit/blob/c5f7158154602d23b0750d4304c73e2aead8df5b/pkg/gui/controllers/main_view_controller.go#L433
pkg/gui/controllers/main_view_controller.go,444,func (self *MainViewController) workingTreeActionDescription(description string) func() string {,pending,https://github.com/jesseduffield/lazygit/blob/c5f7158154602d23b0750d4304c73e2aead8df5b/pkg/gui/controllers/main_view_controller.go#L444
pkg/gui/controllers/main_view_controller.go,452,"func (self *MainViewController) diffActionDescription(staging string, patchBuilding string) func() string {",pending,https://github.com/jesseduffield/lazygit/blob/c5f7158154602d23b0750d4304c73e2aead8df5b/pkg/gui/controllers/main_view_controller.go#L452
pkg/gui/controllers/main_view_controller.go,469,func (self *MainViewController) pullRequestDescription(description string) func() string {,pending,https://github.com/jesseduffield/lazygit/blob/c5f7158154602d23b0750d4304c73e2aead8df5b/pkg/gui/controllers/main_view_controller.go#L469
pkg/gui/controllers/main_view_controller.go,486,func (self *MainViewController) copySelection() error {,pending,https://github.com/jesseduffield/lazygit/blob/c5f7158154602d23b0750d4304c73e2aead8df5b/pkg/gui/controllers/main_view_controller.go#L486
pkg/gui/controllers/main_view_controller.go,504,func (self *MainViewController) textOfSelection() string {,pending,https://github.com/jesseduffield/lazygit/blob/c5f7158154602d23b0750d4304c73e2aead8df5b/pkg/gui/controllers/main_view_controller.go#L504
pkg/gui/controllers/main_view_controller.go,525,func (self *MainViewController) diffSelectState() *types.DiffSelectState {,pending,https://github.com/jesseduffield/lazygit/blob/c5f7158154602d23b0750d4304c73e2aead8df5b/pkg/gui/controllers/main_view_controller.go#L525
pkg/gui/controllers/main_view_controller.go,536,func (self *MainViewController) diffSelectionDescription(describe func() string) func() string {,pending,https://github.com/jesseduffield/lazygit/blob/c5f7158154602d23b0750d4304c73e2aead8df5b/pkg/gui/controllers/main_view_controller.go#L536
pkg/gui/controllers/main_view_controller.go,545,func (self *MainViewController) diffSelectionDescriptionText(description string) func() string {,pending,https://github.com/jesseduffield/lazygit/blob/c5f7158154602d23b0750d4304c73e2aead8df5b/pkg/gui/controllers/main_view_controller.go#L545
pkg/gui/controllers/main_view_controller.go,552,func (self *MainViewController) diffSelectionDisabledReason() *types.DisabledReason {,pending,https://github.com/jesseduffield/lazygit/blob/c5f7158154602d23b0750d4304c73e2aead8df5b/pkg/gui/controllers/main_view_controller.go#L552
pkg/gui/controllers/main_view_controller.go,562,func (self *MainViewController) discardSelectionDisabledReason() *types.DisabledReason {,pending,https://github.com/jesseduffield/lazygit/blob/c5f7158154602d23b0750d4304c73e2aead8df5b/pkg/gui/controllers/main_view_controller.go#L562
pkg/gui/controllers/main_view_controller.go,578,func (self *MainViewController) openPullRequestDisabledReason() *types.DisabledReason {,pending,https://github.com/jesseduffield/lazygit/blob/c5f7158154602d23b0750d4304c73e2aead8df5b/pkg/gui/controllers/main_view_controller.go#L578
pkg/gui/controllers/main_view_controller.go,603,func (self *MainViewController) commitsOutsidePullRequestDisabledReason(commits []*models.Commit) *types.DisabledReason {,pending,https://github.com/jesseduffield/lazygit/blob/c5f7158154602d23b0750d4304c73e2aead8df5b/pkg/gui/controllers/main_view_controller.go#L603
pkg/gui/controllers/main_view_controller.go,616,func (self *MainViewController) onClickInAlreadyFocusedView(opts gocui.ViewMouseBindingOpts) error {,pending,https://github.com/jesseduffield/lazygit/blob/c5f7158154602d23b0750d4304c73e2aead8df5b/pkg/gui/controllers/main_view_controller.go#L616
pkg/gui/controllers/main_view_controller.go,621,func (self *MainViewController) editClickedLine(opts gocui.ViewMouseBindingOpts) error {,pending,https://github.com/jesseduffield/lazygit/blob/c5f7158154602d23b0750d4304c73e2aead8df5b/pkg/gui/controllers/main_view_controller.go#L621
pkg/gui/controllers/main_view_controller.go,647,func (self *MainViewController) lineToFlash(clickedViewLine int) int {,pending,https://github.com/jesseduffield/lazygit/blob/c5f7158154602d23b0750d4304c73e2aead8df5b/pkg/gui/controllers/main_view_controller.go#L647
pkg/gui/controllers/main_view_controller.go,660,func (self *MainViewController) onClickInOtherViewOfMainViewPair(opts gocui.ViewMouseBindingOpts) error {,pending,https://github.com/jesseduffield/lazygit/blob/c5f7158154602d23b0750d4304c73e2aead8df5b/pkg/gui/controllers/main_view_controller.go#L660
pkg/gui/controllers/main_view_controller.go,677,func (self *MainViewController) onDragInFocusedView(opts gocui.ViewMouseBindingOpts) error {,pending,https://github.com/jesseduffield/lazygit/blob/c5f7158154602d23b0750d4304c73e2aead8df5b/pkg/gui/controllers/main_view_controller.go#L677
pkg/gui/controllers/main_view_controller.go,698,func (self *MainViewController) onDragRelease(gocui.ViewMouseBindingOpts) error {,pending,https://github.com/jesseduffield/lazygit/blob/c5f7158154602d23b0750d4304c73e2aead8df5b/pkg/gui/controllers/main_view_controller.go#L698
pkg/gui/controllers/main_view_controller.go,711,func (self *MainViewController) GetOnFocusLost() func(types.OnFocusLostOpts) {,pending,https://github.com/jesseduffield/lazygit/blob/c5f7158154602d23b0750d4304c73e2aead8df5b/pkg/gui/controllers/main_view_controller.go#L711
pkg/gui/controllers/main_view_controller.go,724,func (self *MainViewController) canDragAutoscroll(direction int) bool {,pending,https://github.com/jesseduffield/lazygit/blob/c5f7158154602d23b0750d4304c73e2aead8df5b/pkg/gui/controllers/main_view_controller.go#L724
pkg/gui/controllers/main_view_controller.go,745,func (self *MainViewController) handleDragAutoscroll(viewLine int) bool {,pending,https://github.com/jesseduffield/lazygit/blob/c5f7158154602d23b0750d4304c73e2aead8df5b/pkg/gui/controllers/main_view_controller.go#L745
pkg/gui/controllers/main_view_controller.go,760,func (self *MainViewController) selectClickedDiffLine(viewLine int) {,pending,https://github.com/jesseduffield/lazygit/blob/c5f7158154602d23b0750d4304c73e2aead8df5b/pkg/gui/controllers/main_view_controller.go#L760
pkg/gui/controllers/main_view_controller.go,784,"func (self *MainViewController) selectHunkAround(changeViewLine int, scrollIntoView bool) {",pending,https://github.com/jesseduffield/lazygit/blob/c5f7158154602d23b0750d4304c73e2aead8df5b/pkg/gui/controllers/main_view_controller.go#L784
pkg/gui/controllers/main_view_controller.go,795,"func (self *MainViewController) navigate(find findDiffRowFn, forward bool, alignTop bool) {",pending,https://github.com/jesseduffield/lazygit/blob/c5f7158154602d23b0750d4304c73e2aead8df5b/pkg/gui/controllers/main_view_controller.go#L795
pkg/gui/controllers/main_view_controller.go,832,func (self *MainViewController) nextChangeBlock() error {,pending,https://github.com/jesseduffield/lazygit/blob/c5f7158154602d23b0750d4304c73e2aead8df5b/pkg/gui/controllers/main_view_controller.go#L832
pkg/gui/controllers/main_view_controller.go,837,func (self *MainViewController) prevChangeBlock() error {,pending,https://github.com/jesseduffield/lazygit/blob/c5f7158154602d23b0750d4304c73e2aead8df5b/pkg/gui/controllers/main_view_controller.go#L837
pkg/gui/controllers/main_view_controller.go,844,func (self *MainViewController) nextFile() error {,pending,https://github.com/jesseduffield/lazygit/blob/c5f7158154602d23b0750d4304c73e2aead8df5b/pkg/gui/controllers/main_view_controller.go#L844
pkg/gui/controllers/main_view_controller.go,849,func (self *MainViewController) prevFile() error {,pending,https://github.com/jesseduffield/lazygit/blob/c5f7158154602d23b0750d4304c73e2aead8df5b/pkg/gui/controllers/main_view_controller.go#L849
pkg/gui/controllers/main_view_controller.go,854,"func (self *MainViewController) placeNavigationTarget(target int, alignTop bool) {",pending,https://github.com/jesseduffield/lazygit/blob/c5f7158154602d23b0750d4304c73e2aead8df5b/pkg/gui/controllers/main_view_controller.go#L854
pkg/gui/controllers/main_view_controller.go,858,func (self *MainViewController) openJumpToFileMenu() error {,pending,https://github.com/jesseduffield/lazygit/blob/c5f7158154602d23b0750d4304c73e2aead8df5b/pkg/gui/controllers/main_view_controller.go#L858
pkg/gui/controllers/main_view_controller.go,866,func (self *MainViewController) moveCursor(delta int) {,pending,https://github.com/jesseduffield/lazygit/blob/c5f7158154602d23b0750d4304c73e2aead8df5b/pkg/gui/controllers/main_view_controller.go#L866
pkg/gui/controllers/main_view_controller.go,884,func (self *MainViewController) collapseForLineMove() {,pending,https://github.com/jesseduffield/lazygit/blob/c5f7158154602d23b0750d4304c73e2aead8df5b/pkg/gui/controllers/main_view_controller.go#L884
pkg/gui/controllers/main_view_controller.go,898,func (self *MainViewController) adjustSelection(delta int) {,pending,https://github.com/jesseduffield/lazygit/blob/c5f7158154602d23b0750d4304c73e2aead8df5b/pkg/gui/controllers/main_view_controller.go#L898
pkg/gui/controllers/main_view_controller.go,913,func (self *MainViewController) selectAbsoluteLine(target int) {,pending,https://github.com/jesseduffield/lazygit/blob/c5f7158154602d23b0750d4304c73e2aead8df5b/pkg/gui/controllers/main_view_controller.go#L913
pkg/gui/controllers/main_view_controller.go,921,func (self *MainViewController) selectingRange() bool {,pending,https://github.com/jesseduffield/lazygit/blob/c5f7158154602d23b0750d4304c73e2aead8df5b/pkg/gui/controllers/main_view_controller.go#L921
pkg/gui/controllers/main_view_controller.go,931,func (self *MainViewController) toggleSelectHunk() error {,pending,https://github.com/jesseduffield/lazygit/blob/c5f7158154602d23b0750d4304c73e2aead8df5b/pkg/gui/controllers/main_view_controller.go#L931
pkg/gui/controllers/main_view_controller.go,950,func (self *MainViewController) toggleRangeSelect() error {,pending,https://github.com/jesseduffield/lazygit/blob/c5f7158154602d23b0750d4304c73e2aead8df5b/pkg/gui/controllers/main_view_controller.go#L950
pkg/gui/controllers/main_view_controller.go,970,func (self *MainViewController) extendRange(forward bool) error {,pending,https://github.com/jesseduffield/lazygit/blob/c5f7158154602d23b0750d4304c73e2aead8df5b/pkg/gui/controllers/main_view_controller.go#L970
pkg/gui/controllers/main_view_controller.go,989,func (self *MainViewController) extendRangeUp() error {,pending,https://github.com/jesseduffield/lazygit/blob/c5f7158154602d23b0750d4304c73e2aead8df5b/pkg/gui/controllers/main_view_controller.go#L989
pkg/gui/controllers/main_view_controller.go,993,func (self *MainViewController) extendRangeDown() error {,pending,https://github.com/jesseduffield/lazygit/blob/c5f7158154602d23b0750d4304c73e2aead8df5b/pkg/gui/controllers/main_view_controller.go#L993
pkg/gui/controllers/main_view_controller.go,997,func (self *MainViewController) handleLineChange(delta int) {,pending,https://github.com/jesseduffield/lazygit/blob/c5f7158154602d23b0750d4304c73e2aead8df5b/pkg/gui/controllers/main_view_controller.go#L997
pkg/gui/controllers/main_view_controller.go,1007,func (self *MainViewController) handlePrevLine() error {,pending,https://github.com/jesseduffield/lazygit/blob/c5f7158154602d23b0750d4304c73e2aead8df5b/pkg/gui/controllers/main_view_controller.go#L1007
pkg/gui/controllers/main_view_controller.go,1012,func (self *MainViewController) handleNextLine() error {,pending,https://github.com/jesseduffield/lazygit/blob/c5f7158154602d23b0750d4304c73e2aead8df5b/pkg/gui/controllers/main_view_controller.go#L1012
pkg/gui/controllers/main_view_controller.go,1017,func (self *MainViewController) handlePrevPage() error {,pending,https://github.com/jesseduffield/lazygit/blob/c5f7158154602d23b0750d4304c73e2aead8df5b/pkg/gui/controllers/main_view_controller.go#L1017
pkg/gui/controllers/main_view_controller.go,1022,func (self *MainViewController) handleNextPage() error {,pending,https://github.com/jesseduffield/lazygit/blob/c5f7158154602d23b0750d4304c73e2aead8df5b/pkg/gui/controllers/main_view_controller.go#L1022
pkg/gui/controllers/main_view_controller.go,1027,func (self *MainViewController) handleGotoTop() error {,pending,https://github.com/jesseduffield/lazygit/blob/c5f7158154602d23b0750d4304c73e2aead8df5b/pkg/gui/controllers/main_view_controller.go#L1027
pkg/gui/controllers/main_view_controller.go,1037,func (self *MainViewController) handleGotoBottom() error {,pending,https://github.com/jesseduffield/lazygit/blob/c5f7158154602d23b0750d4304c73e2aead8df5b/pkg/gui/controllers/main_view_controller.go#L1037
pkg/gui/controllers/main_view_controller.go,1055,func (self *MainViewController) editLine() error {,pending,https://github.com/jesseduffield/lazygit/blob/c5f7158154602d23b0750d4304c73e2aead8df5b/pkg/gui/controllers/main_view_controller.go#L1055
pkg/gui/controllers/main_view_controller.go,1063,"func (self *MainViewController) editDiffLine(viewLine int, beforeEdit func()) error {",pending,https://github.com/jesseduffield/lazygit/blob/c5f7158154602d23b0750d4304c73e2aead8df5b/pkg/gui/controllers/main_view_controller.go#L1063
pkg/gui/controllers/main_view_controller.go,1088,func (self *MainViewController) openPullRequestAtSelectedLine() error {,pending,https://github.com/jesseduffield/lazygit/blob/c5f7158154602d23b0750d4304c73e2aead8df5b/pkg/gui/controllers/main_view_controller.go#L1088
pkg/gui/controllers/main_view_controller.go,1120,func (self *MainViewController) pullRequestDiff() types.PullRequestDiff {,pending,https://github.com/jesseduffield/lazygit/blob/c5f7158154602d23b0750d4304c73e2aead8df5b/pkg/gui/controllers/main_view_controller.go#L1120
pkg/gui/controllers/main_view_controller.go,1134,func githubPullRequestLineURL(,pending,https://github.com/jesseduffield/lazygit/blob/c5f7158154602d23b0750d4304c73e2aead8df5b/pkg/gui/controllers/main_view_controller.go#L1134
pkg/gui/controllers/main_view_controller.go,1148,"func githubCommitRange(commits []*models.Commit, baseHash string) string {",pending,https://github.com/jesseduffield/lazygit/blob/c5f7158154602d23b0750d4304c73e2aead8df5b/pkg/gui/controllers/main_view_controller.go#L1148
pkg/gui/controllers/main_view_controller.go,1163,func githubDiffLineSuffix(info types.DiffLineInfo) string {,pending,https://github.com/jesseduffield/lazygit/blob/c5f7158154602d23b0750d4304c73e2aead8df5b/pkg/gui/controllers/main_view_controller.go#L1163
pkg/gui/controllers/main_view_controller.go,1174,func (self *MainViewController) openSearch() error {,pending,https://github.com/jesseduffield/lazygit/blob/c5f7158154602d23b0750d4304c73e2aead8df5b/pkg/gui/controllers/main_view_controller.go#L1174
pkg/gui/controllers/menu_controller.go,21,func NewMenuController(,pending,https://github.com/jesseduffield/lazygit/blob/c5f7158154602d23b0750d4304c73e2aead8df5b/pkg/gui/controllers/menu_controller.go#L21
pkg/gui/controllers/menu_controller.go,40,func (self *MenuController) GetKeybindings(opts types.KeybindingsOpts) []*types.Binding {,pending,https://github.com/jesseduffield/lazygit/blob/c5f7158154602d23b0750d4304c73e2aead8df5b/pkg/gui/controllers/menu_controller.go#L40
pkg/gui/controllers/menu_controller.go,73,func (self *MenuController) physicalKeyBindings(opts types.KeybindingsOpts) []*types.Binding {,pending,https://github.com/jesseduffield/lazygit/blob/c5f7158154602d23b0750d4304c73e2aead8df5b/pkg/gui/controllers/menu_controller.go#L73
pkg/gui/controllers/menu_controller.go,110,func (self *MenuController) GetOnDoubleClick() func() error {,pending,https://github.com/jesseduffield/lazygit/blob/c5f7158154602d23b0750d4304c73e2aead8df5b/pkg/gui/controllers/menu_controller.go#L110
pkg/gui/controllers/menu_controller.go,114,func (self *MenuController) GetOnFocus() func(types.OnFocusOpts) {,pending,https://github.com/jesseduffield/lazygit/blob/c5f7158154602d23b0750d4304c73e2aead8df5b/pkg/gui/controllers/menu_controller.go#L114
pkg/gui/controllers/menu_controller.go,123,func (self *MenuController) press(selectedItem *types.MenuItem) error {,pending,https://github.com/jesseduffield/lazygit/blob/c5f7158154602d23b0750d4304c73e2aead8df5b/pkg/gui/controllers/menu_controller.go#L123
pkg/gui/controllers/menu_controller.go,127,func (self *MenuController) close() error {,pending,https://github.com/jesseduffield/lazygit/blob/c5f7158154602d23b0750d4304c73e2aead8df5b/pkg/gui/controllers/menu_controller.go#L127
pkg/gui/controllers/menu_controller.go,143,func (self *MenuController) stopFiltering() {,pending,https://github.com/jesseduffield/lazygit/blob/c5f7158154602d23b0750d4304c73e2aead8df5b/pkg/gui/controllers/menu_controller.go#L143
pkg/gui/controllers/menu_controller.go,152,func (self *MenuController) context() *context.MenuContext {,pending,https://github.com/jesseduffield/lazygit/blob/c5f7158154602d23b0750d4304c73e2aead8df5b/pkg/gui/controllers/menu_controller.go#L152
pkg/gui/controllers/menu_key.go,9,func menuKey(r rune) []gocui.Key {,pending,https://github.com/jesseduffield/lazygit/blob/c5f7158154602d23b0750d4304c73e2aead8df5b/pkg/gui/controllers/menu_key.go#L9
pkg/gui/controllers/merge_conflicts_controller.go,19,func NewMergeConflictsController(,pending,https://github.com/jesseduffield/lazygit/blob/c5f7158154602d23b0750d4304c73e2aead8df5b/pkg/gui/controllers/merge_conflicts_controller.go#L19
pkg/gui/controllers/merge_conflicts_controller.go,28,func (self *MergeConflictsController) GetKeybindings(opts types.KeybindingsOpts) []*types.Binding {,pending,https://github.com/jesseduffield/lazygit/blob/c5f7158154602d23b0750d4304c73e2aead8df5b/pkg/gui/controllers/merge_conflicts_controller.go#L28
pkg/gui/controllers/merge_conflicts_controller.go,116,func (self *MergeConflictsController) GetMouseKeybindings(opts types.KeybindingsOpts) []*gocui.ViewMouseBinding {,pending,https://github.com/jesseduffield/lazygit/blob/c5f7158154602d23b0750d4304c73e2aead8df5b/pkg/gui/controllers/merge_conflicts_controller.go#L116
pkg/gui/controllers/merge_conflicts_controller.go,135,func (self *MergeConflictsController) GetOnFocus() func(types.OnFocusOpts) {,pending,https://github.com/jesseduffield/lazygit/blob/c5f7158154602d23b0750d4304c73e2aead8df5b/pkg/gui/controllers/merge_conflicts_controller.go#L135
pkg/gui/controllers/merge_conflicts_controller.go,145,func (self *MergeConflictsController) GetOnFocusLost() func(types.OnFocusLostOpts) {,pending,https://github.com/jesseduffield/lazygit/blob/c5f7158154602d23b0750d4304c73e2aead8df5b/pkg/gui/controllers/merge_conflicts_controller.go#L145
pkg/gui/controllers/merge_conflicts_controller.go,153,func (self *MergeConflictsController) HandleScrollUp() error {,pending,https://github.com/jesseduffield/lazygit/blob/c5f7158154602d23b0750d4304c73e2aead8df5b/pkg/gui/controllers/merge_conflicts_controller.go#L153
pkg/gui/controllers/merge_conflicts_controller.go,160,func (self *MergeConflictsController) HandleScrollDown() error {,pending,https://github.com/jesseduffield/lazygit/blob/c5f7158154602d23b0750d4304c73e2aead8df5b/pkg/gui/controllers/merge_conflicts_controller.go#L160
pkg/gui/controllers/merge_conflicts_controller.go,167,func (self *MergeConflictsController) Context() types.Context {,pending,https://github.com/jesseduffield/lazygit/blob/c5f7158154602d23b0750d4304c73e2aead8df5b/pkg/gui/controllers/merge_conflicts_controller.go#L167
pkg/gui/controllers/merge_conflicts_controller.go,171,func (self *MergeConflictsController) context() *context.MergeConflictsContext {,pending,https://github.com/jesseduffield/lazygit/blob/c5f7158154602d23b0750d4304c73e2aead8df5b/pkg/gui/controllers/merge_conflicts_controller.go#L171
pkg/gui/controllers/merge_conflicts_controller.go,175,func (self *MergeConflictsController) Escape() error {,pending,https://github.com/jesseduffield/lazygit/blob/c5f7158154602d23b0750d4304c73e2aead8df5b/pkg/gui/controllers/merge_conflicts_controller.go#L175
pkg/gui/controllers/merge_conflicts_controller.go,180,func (self *MergeConflictsController) HandleEditFile() error {,pending,https://github.com/jesseduffield/lazygit/blob/c5f7158154602d23b0750d4304c73e2aead8df5b/pkg/gui/controllers/merge_conflicts_controller.go#L180
pkg/gui/controllers/merge_conflicts_controller.go,185,func (self *MergeConflictsController) HandleOpenFile() error {,pending,https://github.com/jesseduffield/lazygit/blob/c5f7158154602d23b0750d4304c73e2aead8df5b/pkg/gui/controllers/merge_conflicts_controller.go#L185
pkg/gui/controllers/merge_conflicts_controller.go,189,func (self *MergeConflictsController) HandleScrollLeft() error {,pending,https://github.com/jesseduffield/lazygit/blob/c5f7158154602d23b0750d4304c73e2aead8df5b/pkg/gui/controllers/merge_conflicts_controller.go#L189
pkg/gui/controllers/merge_conflicts_controller.go,195,func (self *MergeConflictsController) HandleScrollRight() error {,pending,https://github.com/jesseduffield/lazygit/blob/c5f7158154602d23b0750d4304c73e2aead8df5b/pkg/gui/controllers/merge_conflicts_controller.go#L195
pkg/gui/controllers/merge_conflicts_controller.go,201,func (self *MergeConflictsController) HandleUndo() error {,pending,https://github.com/jesseduffield/lazygit/blob/c5f7158154602d23b0750d4304c73e2aead8df5b/pkg/gui/controllers/merge_conflicts_controller.go#L201
pkg/gui/controllers/merge_conflicts_controller.go,218,func (self *MergeConflictsController) PrevConflictHunk() error {,pending,https://github.com/jesseduffield/lazygit/blob/c5f7158154602d23b0750d4304c73e2aead8df5b/pkg/gui/controllers/merge_conflicts_controller.go#L218
pkg/gui/controllers/merge_conflicts_controller.go,225,func (self *MergeConflictsController) NextConflictHunk() error {,pending,https://github.com/jesseduffield/lazygit/blob/c5f7158154602d23b0750d4304c73e2aead8df5b/pkg/gui/controllers/merge_conflicts_controller.go#L225
pkg/gui/controllers/merge_conflicts_controller.go,232,func (self *MergeConflictsController) NextConflict() error {,pending,https://github.com/jesseduffield/lazygit/blob/c5f7158154602d23b0750d4304c73e2aead8df5b/pkg/gui/controllers/merge_conflicts_controller.go#L232
pkg/gui/controllers/merge_conflicts_controller.go,239,func (self *MergeConflictsController) PrevConflict() error {,pending,https://github.com/jesseduffield/lazygit/blob/c5f7158154602d23b0750d4304c73e2aead8df5b/pkg/gui/controllers/merge_conflicts_controller.go#L239
pkg/gui/controllers/merge_conflicts_controller.go,246,func (self *MergeConflictsController) HandlePickHunk() error {,pending,https://github.com/jesseduffield/lazygit/blob/c5f7158154602d23b0750d4304c73e2aead8df5b/pkg/gui/controllers/merge_conflicts_controller.go#L246
pkg/gui/controllers/merge_conflicts_controller.go,250,func (self *MergeConflictsController) HandlePickBothHunks() error {,pending,https://github.com/jesseduffield/lazygit/blob/c5f7158154602d23b0750d4304c73e2aead8df5b/pkg/gui/controllers/merge_conflicts_controller.go#L250
pkg/gui/controllers/merge_conflicts_controller.go,254,func (self *MergeConflictsController) pickSelection(selection mergeconflicts.Selection) error {,pending,https://github.com/jesseduffield/lazygit/blob/c5f7158154602d23b0750d4304c73e2aead8df5b/pkg/gui/controllers/merge_conflicts_controller.go#L254
pkg/gui/controllers/merge_conflicts_controller.go,271,"func (self *MergeConflictsController) resolveConflict(selection mergeconflicts.Selection) (bool, error) {",pending,https://github.com/jesseduffield/lazygit/blob/c5f7158154602d23b0750d4304c73e2aead8df5b/pkg/gui/controllers/merge_conflicts_controller.go#L271
pkg/gui/controllers/merge_conflicts_controller.go,302,func (self *MergeConflictsController) onLastConflictResolved() {,pending,https://github.com/jesseduffield/lazygit/blob/c5f7158154602d23b0750d4304c73e2aead8df5b/pkg/gui/controllers/merge_conflicts_controller.go#L302
pkg/gui/controllers/merge_conflicts_controller.go,308,func (self *MergeConflictsController) openMergeConflictMenu() error {,pending,https://github.com/jesseduffield/lazygit/blob/c5f7158154602d23b0750d4304c73e2aead8df5b/pkg/gui/controllers/merge_conflicts_controller.go#L308
pkg/gui/controllers/merge_conflicts_controller.go,313,func (self *MergeConflictsController) withRenderAndFocus(f func() error) func() error {,pending,https://github.com/jesseduffield/lazygit/blob/c5f7158154602d23b0750d4304c73e2aead8df5b/pkg/gui/controllers/merge_conflicts_controller.go#L313
pkg/gui/controllers/merge_conflicts_controller.go,324,func (self *MergeConflictsController) withLock(f func() error) func() error {,pending,https://github.com/jesseduffield/lazygit/blob/c5f7158154602d23b0750d4304c73e2aead8df5b/pkg/gui/controllers/merge_conflicts_controller.go#L324
pkg/gui/controllers/options_menu_action.go,17,func (self *OptionsMenuAction) Call() error {,pending,https://github.com/jesseduffield/lazygit/blob/c5f7158154602d23b0750d4304c73e2aead8df5b/pkg/gui/controllers/options_menu_action.go#L17
pkg/gui/controllers/options_menu_action.go,72,"func (self *OptionsMenuAction) getBindings(context types.Context) ([]*types.Binding, []*types.Binding, []*types.Binding) {",pending,https://github.com/jesseduffield/lazygit/blob/c5f7158154602d23b0750d4304c73e2aead8df5b/pkg/gui/controllers/options_menu_action.go#L72
pkg/gui/controllers/options_menu_action.go,96,func uniqueBindings(bindings []*types.Binding) []*types.Binding {,pending,https://github.com/jesseduffield/lazygit/blob/c5f7158154602d23b0750d4304c73e2aead8df5b/pkg/gui/controllers/options_menu_action.go#L96
pkg/gui/controllers/prompt_controller.go,18,func NewPromptController(,pending,https://github.com/jesseduffield/lazygit/blob/c5f7158154602d23b0750d4304c73e2aead8df5b/pkg/gui/controllers/prompt_controller.go#L18
pkg/gui/controllers/prompt_controller.go,27,func (self *PromptController) GetKeybindings(opts types.KeybindingsOpts) []*types.Binding {,pending,https://github.com/jesseduffield/lazygit/blob/c5f7158154602d23b0750d4304c73e2aead8df5b/pkg/gui/controllers/prompt_controller.go#L27
pkg/gui/controllers/prompt_controller.go,55,func (self *PromptController) GetMouseKeybindings(opts types.KeybindingsOpts) []*gocui.ViewMouseBinding {,pending,https://github.com/jesseduffield/lazygit/blob/c5f7158154602d23b0750d4304c73e2aead8df5b/pkg/gui/controllers/prompt_controller.go#L55
pkg/gui/controllers/prompt_controller.go,71,func (self *PromptController) GetOnFocusLost() func(types.OnFocusLostOpts) {,pending,https://github.com/jesseduffield/lazygit/blob/c5f7158154602d23b0750d4304c73e2aead8df5b/pkg/gui/controllers/prompt_controller.go#L71
pkg/gui/controllers/prompt_controller.go,77,func (self *PromptController) Context() types.Context {,pending,https://github.com/jesseduffield/lazygit/blob/c5f7158154602d23b0750d4304c73e2aead8df5b/pkg/gui/controllers/prompt_controller.go#L77
pkg/gui/controllers/prompt_controller.go,81,func (self *PromptController) context() *context.PromptContext {,pending,https://github.com/jesseduffield/lazygit/blob/c5f7158154602d23b0750d4304c73e2aead8df5b/pkg/gui/controllers/prompt_controller.go#L81
pkg/gui/controllers/prompt_controller.go,85,func (self *PromptController) switchToSuggestions() {,pending,https://github.com/jesseduffield/lazygit/blob/c5f7158154602d23b0750d4304c73e2aead8df5b/pkg/gui/controllers/prompt_controller.go#L85
pkg/gui/controllers/quit_actions.go,12,func (self *QuitActions) Quit() error {,pending,https://github.com/jesseduffield/lazygit/blob/c5f7158154602d23b0750d4304c73e2aead8df5b/pkg/gui/controllers/quit_actions.go#L12
pkg/gui/controllers/quit_actions.go,17,func (self *QuitActions) QuitWithoutChangingDirectory() error {,pending,https://github.com/jesseduffield/lazygit/blob/c5f7158154602d23b0750d4304c73e2aead8df5b/pkg/gui/controllers/quit_actions.go#L17
pkg/gui/controllers/quit_actions.go,22,func (self *QuitActions) quitAux() error {,pending,https://github.com/jesseduffield/lazygit/blob/c5f7158154602d23b0750d4304c73e2aead8df5b/pkg/gui/controllers/quit_actions.go#L22
pkg/gui/controllers/quit_actions.go,37,func (self *QuitActions) confirmQuitDuringUpdate() error {,pending,https://github.com/jesseduffield/lazygit/blob/c5f7158154602d23b0750d4304c73e2aead8df5b/pkg/gui/controllers/quit_actions.go#L37
pkg/gui/controllers/quit_actions.go,49,func (self *QuitActions) Escape() error {,pending,https://github.com/jesseduffield/lazygit/blob/c5f7158154602d23b0750d4304c73e2aead8df5b/pkg/gui/controllers/quit_actions.go#L49
pkg/gui/controllers/quit_actions.go,94,func (self *QuitActions) EscapeEnabled() bool {,pending,https://github.com/jesseduffield/lazygit/blob/c5f7158154602d23b0750d4304c73e2aead8df5b/pkg/gui/controllers/quit_actions.go#L94
pkg/gui/controllers/quit_actions.go,132,func (self *QuitActions) EscapeDescription() string {,pending,https://github.com/jesseduffield/lazygit/blob/c5f7158154602d23b0750d4304c73e2aead8df5b/pkg/gui/controllers/quit_actions.go#L132
pkg/gui/controllers/reflog_commits_controller.go,20,func NewReflogCommitsController(,pending,https://github.com/jesseduffield/lazygit/blob/c5f7158154602d23b0750d4304c73e2aead8df5b/pkg/gui/controllers/reflog_commits_controller.go#L20
pkg/gui/controllers/reflog_commits_controller.go,40,func (self *ReflogCommitsController) diffTarget() *commitDiffTarget {,pending,https://github.com/jesseduffield/lazygit/blob/c5f7158154602d23b0750d4304c73e2aead8df5b/pkg/gui/controllers/reflog_commits_controller.go#L40
pkg/gui/controllers/reflog_commits_controller.go,48,func (self *ReflogCommitsController) Context() types.Context {,pending,https://github.com/jesseduffield/lazygit/blob/c5f7158154602d23b0750d4304c73e2aead8df5b/pkg/gui/controllers/reflog_commits_controller.go#L48
pkg/gui/controllers/reflog_commits_controller.go,52,func (self *ReflogCommitsController) context() *context.ReflogCommitsContext {,pending,https://github.com/jesseduffield/lazygit/blob/c5f7158154602d23b0750d4304c73e2aead8df5b/pkg/gui/controllers/reflog_commits_controller.go#L52
pkg/gui/controllers/reflog_commits_controller.go,56,func (self *ReflogCommitsController) GetFocusedMainViewDiffSource() types.FocusedMainViewDiffSource {,pending,https://github.com/jesseduffield/lazygit/blob/c5f7158154602d23b0750d4304c73e2aead8df5b/pkg/gui/controllers/reflog_commits_controller.go#L56
pkg/gui/controllers/reflog_commits_controller.go,60,func (self *ReflogCommitsController) GetOnRenderToMain() func() {,pending,https://github.com/jesseduffield/lazygit/blob/c5f7158154602d23b0750d4304c73e2aead8df5b/pkg/gui/controllers/reflog_commits_controller.go#L60
pkg/gui/controllers/remote_branches_controller.go,20,func NewRemoteBranchesController(,pending,https://github.com/jesseduffield/lazygit/blob/c5f7158154602d23b0750d4304c73e2aead8df5b/pkg/gui/controllers/remote_branches_controller.go#L20
pkg/gui/controllers/remote_branches_controller.go,35,func (self *RemoteBranchesController) GetKeybindings(opts types.KeybindingsOpts) []*types.Binding {,pending,https://github.com/jesseduffield/lazygit/blob/c5f7158154602d23b0750d4304c73e2aead8df5b/pkg/gui/controllers/remote_branches_controller.go#L35
pkg/gui/controllers/remote_branches_controller.go,114,func (self *RemoteBranchesController) GetOnRenderToMain() func() {,pending,https://github.com/jesseduffield/lazygit/blob/c5f7158154602d23b0750d4304c73e2aead8df5b/pkg/gui/controllers/remote_branches_controller.go#L114
pkg/gui/controllers/remote_branches_controller.go,137,func (self *RemoteBranchesController) context() *context.RemoteBranchesContext {,pending,https://github.com/jesseduffield/lazygit/blob/c5f7158154602d23b0750d4304c73e2aead8df5b/pkg/gui/controllers/remote_branches_controller.go#L137
pkg/gui/controllers/remote_branches_controller.go,141,func (self *RemoteBranchesController) delete(selectedBranches []*models.RemoteBranch) error {,pending,https://github.com/jesseduffield/lazygit/blob/c5f7158154602d23b0750d4304c73e2aead8df5b/pkg/gui/controllers/remote_branches_controller.go#L141
pkg/gui/controllers/remote_branches_controller.go,145,func (self *RemoteBranchesController) merge(selectedBranch *models.RemoteBranch) error {,pending,https://github.com/jesseduffield/lazygit/blob/c5f7158154602d23b0750d4304c73e2aead8df5b/pkg/gui/controllers/remote_branches_controller.go#L145
pkg/gui/controllers/remote_branches_controller.go,149,func (self *RemoteBranchesController) rebase(selectedBranch *models.RemoteBranch) error {,pending,https://github.com/jesseduffield/lazygit/blob/c5f7158154602d23b0750d4304c73e2aead8df5b/pkg/gui/controllers/remote_branches_controller.go#L149
pkg/gui/controllers/remote_branches_controller.go,153,func (self *RemoteBranchesController) createSortMenu() error {,pending,https://github.com/jesseduffield/lazygit/blob/c5f7158154602d23b0750d4304c73e2aead8df5b/pkg/gui/controllers/remote_branches_controller.go#L153
pkg/gui/controllers/remote_branches_controller.go,168,func (self *RemoteBranchesController) createResetMenu(selectedBranch *models.RemoteBranch) error {,pending,https://github.com/jesseduffield/lazygit/blob/c5f7158154602d23b0750d4304c73e2aead8df5b/pkg/gui/controllers/remote_branches_controller.go#L168
pkg/gui/controllers/remote_branches_controller.go,172,func (self *RemoteBranchesController) setAsUpstream(selectedBranch *models.RemoteBranch) error {,pending,https://github.com/jesseduffield/lazygit/blob/c5f7158154602d23b0750d4304c73e2aead8df5b/pkg/gui/controllers/remote_branches_controller.go#L172
pkg/gui/controllers/remote_branches_controller.go,200,func (self *RemoteBranchesController) newLocalBranch(selectedBranch *models.RemoteBranch) error {,pending,https://github.com/jesseduffield/lazygit/blob/c5f7158154602d23b0750d4304c73e2aead8df5b/pkg/gui/controllers/remote_branches_controller.go#L200
pkg/gui/controllers/remote_branches_controller.go,207,func (self *RemoteBranchesController) checkoutBranch(selectedBranch *models.RemoteBranch) error {,pending,https://github.com/jesseduffield/lazygit/blob/c5f7158154602d23b0750d4304c73e2aead8df5b/pkg/gui/controllers/remote_branches_controller.go#L207
pkg/gui/controllers/remotes_controller.go,28,func NewRemotesController(,pending,https://github.com/jesseduffield/lazygit/blob/c5f7158154602d23b0750d4304c73e2aead8df5b/pkg/gui/controllers/remotes_controller.go#L28
pkg/gui/controllers/remotes_controller.go,45,func (self *RemotesController) GetKeybindings(opts types.KeybindingsOpts) []*types.Binding {,pending,https://github.com/jesseduffield/lazygit/blob/c5f7158154602d23b0750d4304c73e2aead8df5b/pkg/gui/controllers/remotes_controller.go#L45
pkg/gui/controllers/remotes_controller.go,97,func (self *RemotesController) context() *context.RemotesContext {,pending,https://github.com/jesseduffield/lazygit/blob/c5f7158154602d23b0750d4304c73e2aead8df5b/pkg/gui/controllers/remotes_controller.go#L97
pkg/gui/controllers/remotes_controller.go,101,func (self *RemotesController) GetOnRenderToMain() func() {,pending,https://github.com/jesseduffield/lazygit/blob/c5f7158154602d23b0750d4304c73e2aead8df5b/pkg/gui/controllers/remotes_controller.go#L101
pkg/gui/controllers/remotes_controller.go,127,func (self *RemotesController) GetOnDoubleClick() func() error {,pending,https://github.com/jesseduffield/lazygit/blob/c5f7158154602d23b0750d4304c73e2aead8df5b/pkg/gui/controllers/remotes_controller.go#L127
pkg/gui/controllers/remotes_controller.go,131,func (self *RemotesController) enter(remote *models.Remote) error {,pending,https://github.com/jesseduffield/lazygit/blob/c5f7158154602d23b0750d4304c73e2aead8df5b/pkg/gui/controllers/remotes_controller.go#L131
pkg/gui/controllers/remotes_controller.go,153,"func (self *RemotesController) addAndCheckoutRemote(remoteName string, remoteUrl string, branchToCheckout string) error {",pending,https://github.com/jesseduffield/lazygit/blob/c5f7158154602d23b0750d4304c73e2aead8df5b/pkg/gui/controllers/remotes_controller.go#L153
pkg/gui/controllers/remotes_controller.go,184,"func (self *RemotesController) ensureForkRemoteAndCheckout(remoteName string, remoteUrl string, branchToCheckout string) error {",pending,https://github.com/jesseduffield/lazygit/blob/c5f7158154602d23b0750d4304c73e2aead8df5b/pkg/gui/controllers/remotes_controller.go#L184
pkg/gui/controllers/remotes_controller.go,203,func (self *RemotesController) add() error {,pending,https://github.com/jesseduffield/lazygit/blob/c5f7158154602d23b0750d4304c73e2aead8df5b/pkg/gui/controllers/remotes_controller.go#L203
pkg/gui/controllers/remotes_controller.go,234,"func replaceForkUsername(originUrl, forkUsername string, isIntegrationTest bool) (string, error) {",pending,https://github.com/jesseduffield/lazygit/blob/c5f7158154602d23b0750d4304c73e2aead8df5b/pkg/gui/controllers/remotes_controller.go#L234
pkg/gui/controllers/remotes_controller.go,244,func (self *RemotesController) getOrigin() *models.Remote {,pending,https://github.com/jesseduffield/lazygit/blob/c5f7158154602d23b0750d4304c73e2aead8df5b/pkg/gui/controllers/remotes_controller.go#L244
pkg/gui/controllers/remotes_controller.go,253,func (self *RemotesController) hasOriginRemote() func() *types.DisabledReason {,pending,https://github.com/jesseduffield/lazygit/blob/c5f7158154602d23b0750d4304c73e2aead8df5b/pkg/gui/controllers/remotes_controller.go#L253
pkg/gui/controllers/remotes_controller.go,263,func (self *RemotesController) addFork() error {,pending,https://github.com/jesseduffield/lazygit/blob/c5f7158154602d23b0750d4304c73e2aead8df5b/pkg/gui/controllers/remotes_controller.go#L263
pkg/gui/controllers/remotes_controller.go,290,func (self *RemotesController) remove(remote *models.Remote) error {,pending,https://github.com/jesseduffield/lazygit/blob/c5f7158154602d23b0750d4304c73e2aead8df5b/pkg/gui/controllers/remotes_controller.go#L290
pkg/gui/controllers/remotes_controller.go,308,func (self *RemotesController) edit(remote *models.Remote) error {,pending,https://github.com/jesseduffield/lazygit/blob/c5f7158154602d23b0750d4304c73e2aead8df5b/pkg/gui/controllers/remotes_controller.go#L308
pkg/gui/controllers/remotes_controller.go,360,func (self *RemotesController) fetch(remote *models.Remote) error {,pending,https://github.com/jesseduffield/lazygit/blob/c5f7158154602d23b0750d4304c73e2aead8df5b/pkg/gui/controllers/remotes_controller.go#L360
pkg/gui/controllers/remotes_controller.go,364,"func (self *RemotesController) fetchAndCheckout(remote *models.Remote, branchName string) error {",pending,https://github.com/jesseduffield/lazygit/blob/c5f7158154602d23b0750d4304c73e2aead8df5b/pkg/gui/controllers/remotes_controller.go#L364
pkg/gui/controllers/rename_similarity_threshold_controller.go,20,func NewRenameSimilarityThresholdController(,pending,https://github.com/jesseduffield/lazygit/blob/c5f7158154602d23b0750d4304c73e2aead8df5b/pkg/gui/controllers/rename_similarity_threshold_controller.go#L20
pkg/gui/controllers/rename_similarity_threshold_controller.go,29,func (self *RenameSimilarityThresholdController) GetKeybindings(opts types.KeybindingsOpts) []*types.Binding {,pending,https://github.com/jesseduffield/lazygit/blob/c5f7158154602d23b0750d4304c73e2aead8df5b/pkg/gui/controllers/rename_similarity_threshold_controller.go#L29
pkg/gui/controllers/rename_similarity_threshold_controller.go,48,func (self *RenameSimilarityThresholdController) Context() types.Context {,pending,https://github.com/jesseduffield/lazygit/blob/c5f7158154602d23b0750d4304c73e2aead8df5b/pkg/gui/controllers/rename_similarity_threshold_controller.go#L48
pkg/gui/controllers/rename_similarity_threshold_controller.go,52,func (self *RenameSimilarityThresholdController) Increase() error {,pending,https://github.com/jesseduffield/lazygit/blob/c5f7158154602d23b0750d4304c73e2aead8df5b/pkg/gui/controllers/rename_similarity_threshold_controller.go#L52
pkg/gui/controllers/rename_similarity_threshold_controller.go,66,func (self *RenameSimilarityThresholdController) Decrease() error {,pending,https://github.com/jesseduffield/lazygit/blob/c5f7158154602d23b0750d4304c73e2aead8df5b/pkg/gui/controllers/rename_similarity_threshold_controller.go#L66
pkg/gui/controllers/rename_similarity_threshold_controller.go,80,func (self *RenameSimilarityThresholdController) applyChange() error {,pending,https://github.com/jesseduffield/lazygit/blob/c5f7158154602d23b0750d4304c73e2aead8df5b/pkg/gui/controllers/rename_similarity_threshold_controller.go#L80
pkg/gui/controllers/rename_similarity_threshold_controller.go,98,func (self *RenameSimilarityThresholdController) checkCanChangeThreshold() error {,pending,https://github.com/jesseduffield/lazygit/blob/c5f7158154602d23b0750d4304c73e2aead8df5b/pkg/gui/controllers/rename_similarity_threshold_controller.go#L98
pkg/gui/controllers/screen_mode_actions.go,12,func (self *ScreenModeActions) Next() error {,pending,https://github.com/jesseduffield/lazygit/blob/c5f7158154602d23b0750d4304c73e2aead8df5b/pkg/gui/controllers/screen_mode_actions.go#L12
pkg/gui/controllers/screen_mode_actions.go,24,func (self *ScreenModeActions) Prev() error {,pending,https://github.com/jesseduffield/lazygit/blob/c5f7158154602d23b0750d4304c73e2aead8df5b/pkg/gui/controllers/screen_mode_actions.go#L24
pkg/gui/controllers/screen_mode_actions.go,38,func (self *ScreenModeActions) rerenderViewsWithScreenModeDependentContent() {,pending,https://github.com/jesseduffield/lazygit/blob/c5f7158154602d23b0750d4304c73e2aead8df5b/pkg/gui/controllers/screen_mode_actions.go#L38
pkg/gui/controllers/screen_mode_actions.go,52,func (self *ScreenModeActions) rerenderView(view *gocui.View) {,pending,https://github.com/jesseduffield/lazygit/blob/c5f7158154602d23b0750d4304c73e2aead8df5b/pkg/gui/controllers/screen_mode_actions.go#L52
pkg/gui/controllers/screen_mode_actions.go,62,"func nextIntInCycle(sl []types.ScreenMode, current types.ScreenMode) types.ScreenMode {",pending,https://github.com/jesseduffield/lazygit/blob/c5f7158154602d23b0750d4304c73e2aead8df5b/pkg/gui/controllers/screen_mode_actions.go#L62
pkg/gui/controllers/screen_mode_actions.go,74,"func prevIntInCycle(sl []types.ScreenMode, current types.ScreenMode) types.ScreenMode {",pending,https://github.com/jesseduffield/lazygit/blob/c5f7158154602d23b0750d4304c73e2aead8df5b/pkg/gui/controllers/screen_mode_actions.go#L74
pkg/gui/controllers/scroll_off_margin.go,10,"func checkScrollUp(view types.IViewTrait, userConfig *config.UserConfig, lineIdxBefore int, lineIdxAfter int) {",pending,https://github.com/jesseduffield/lazygit/blob/c5f7158154602d23b0750d4304c73e2aead8df5b/pkg/gui/controllers/scroll_off_margin.go#L10
pkg/gui/controllers/scroll_off_margin.go,24,"func checkScrollDown(view types.IViewTrait, userConfig *config.UserConfig, lineIdxBefore int, lineIdxAfter int) {",pending,https://github.com/jesseduffield/lazygit/blob/c5f7158154602d23b0750d4304c73e2aead8df5b/pkg/gui/controllers/scroll_off_margin.go#L24
pkg/gui/controllers/scroll_off_margin.go,36,"func calculateLinesToScrollUp(viewPortStart int, viewPortHeight int, scrollOffMargin int, lineIdxBefore int, lineIdxAfter int) int {",pending,https://github.com/jesseduffield/lazygit/blob/c5f7158154602d23b0750d4304c73e2aead8df5b/pkg/gui/controllers/scroll_off_margin.go#L36
pkg/gui/controllers/scroll_off_margin.go,56,"func calculateLinesToScrollDown(viewPortStart int, viewPortHeight int, scrollOffMargin int, lineIdxBefore int, lineIdxAfter int) int {",pending,https://github.com/jesseduffield/lazygit/blob/c5f7158154602d23b0750d4304c73e2aead8df5b/pkg/gui/controllers/scroll_off_margin.go#L56
pkg/gui/controllers/search_controller.go,11,func NewSearchControllerFactory(c *ControllerCommon) *SearchControllerFactory {,pending,https://github.com/jesseduffield/lazygit/blob/c5f7158154602d23b0750d4304c73e2aead8df5b/pkg/gui/controllers/search_controller.go#L11
pkg/gui/controllers/search_controller.go,17,func (self *SearchControllerFactory) Create(context types.ISearchableContext) *SearchController {,pending,https://github.com/jesseduffield/lazygit/blob/c5f7158154602d23b0750d4304c73e2aead8df5b/pkg/gui/controllers/search_controller.go#L17
pkg/gui/controllers/search_controller.go,32,func (self *SearchController) Context() types.Context {,pending,https://github.com/jesseduffield/lazygit/blob/c5f7158154602d23b0750d4304c73e2aead8df5b/pkg/gui/controllers/search_controller.go#L32
pkg/gui/controllers/search_controller.go,36,func (self *SearchController) GetKeybindings(opts types.KeybindingsOpts) []*types.Binding {,pending,https://github.com/jesseduffield/lazygit/blob/c5f7158154602d23b0750d4304c73e2aead8df5b/pkg/gui/controllers/search_controller.go#L36
pkg/gui/controllers/search_controller.go,46,func (self *SearchController) openSearchPrompt() error {,pending,https://github.com/jesseduffield/lazygit/blob/c5f7158154602d23b0750d4304c73e2aead8df5b/pkg/gui/controllers/search_controller.go#L46
pkg/gui/controllers/search_prompt_controller.go,15,func NewSearchPromptController(,pending,https://github.com/jesseduffield/lazygit/blob/c5f7158154602d23b0750d4304c73e2aead8df5b/pkg/gui/controllers/search_prompt_controller.go#L15
pkg/gui/controllers/search_prompt_controller.go,24,func (self *SearchPromptController) GetKeybindings(opts types.KeybindingsOpts) []*types.Binding {,pending,https://github.com/jesseduffield/lazygit/blob/c5f7158154602d23b0750d4304c73e2aead8df5b/pkg/gui/controllers/search_prompt_controller.go#L24
pkg/gui/controllers/search_prompt_controller.go,45,func (self *SearchPromptController) Context() types.Context {,pending,https://github.com/jesseduffield/lazygit/blob/c5f7158154602d23b0750d4304c73e2aead8df5b/pkg/gui/controllers/search_prompt_controller.go#L45
pkg/gui/controllers/search_prompt_controller.go,49,func (self *SearchPromptController) context() types.Context {,pending,https://github.com/jesseduffield/lazygit/blob/c5f7158154602d23b0750d4304c73e2aead8df5b/pkg/gui/controllers/search_prompt_controller.go#L49
pkg/gui/controllers/search_prompt_controller.go,53,func (self *SearchPromptController) confirm() error {,pending,https://github.com/jesseduffield/lazygit/blob/c5f7158154602d23b0750d4304c73e2aead8df5b/pkg/gui/controllers/search_prompt_controller.go#L53
pkg/gui/controllers/search_prompt_controller.go,58,func (self *SearchPromptController) cancel() error {,pending,https://github.com/jesseduffield/lazygit/blob/c5f7158154602d23b0750d4304c73e2aead8df5b/pkg/gui/controllers/search_prompt_controller.go#L58
pkg/gui/controllers/search_prompt_controller.go,63,func (self *SearchPromptController) prevHistory() error {,pending,https://github.com/jesseduffield/lazygit/blob/c5f7158154602d23b0750d4304c73e2aead8df5b/pkg/gui/controllers/search_prompt_controller.go#L63
pkg/gui/controllers/search_prompt_controller.go,68,func (self *SearchPromptController) nextHistory() error {,pending,https://github.com/jesseduffield/lazygit/blob/c5f7158154602d23b0750d4304c73e2aead8df5b/pkg/gui/controllers/search_prompt_controller.go#L68
pkg/gui/controllers/shell_command_action.go,17,func (self *ShellCommandAction) Call() error {,pending,https://github.com/jesseduffield/lazygit/blob/c5f7158154602d23b0750d4304c73e2aead8df5b/pkg/gui/controllers/shell_command_action.go#L17
pkg/gui/controllers/shell_command_action.go,62,func (self *ShellCommandAction) GetShellCommandsHistorySuggestionsFunc() func(string) []*types.Suggestion {,pending,https://github.com/jesseduffield/lazygit/blob/c5f7158154602d23b0750d4304c73e2aead8df5b/pkg/gui/controllers/shell_command_action.go#L62
pkg/gui/controllers/shell_command_action.go,72,func (self *ShellCommandAction) shouldSaveCommand(command string) bool {,pending,https://github.com/jesseduffield/lazygit/blob/c5f7158154602d23b0750d4304c73e2aead8df5b/pkg/gui/controllers/shell_command_action.go#L72
pkg/gui/controllers/side_window_controller.go,11,func NewSideWindowControllerFactory(c *ControllerCommon) *SideWindowControllerFactory {,pending,https://github.com/jesseduffield/lazygit/blob/c5f7158154602d23b0750d4304c73e2aead8df5b/pkg/gui/controllers/side_window_controller.go#L11
pkg/gui/controllers/side_window_controller.go,15,func (self *SideWindowControllerFactory) Create(context types.Context) types.IController {,pending,https://github.com/jesseduffield/lazygit/blob/c5f7158154602d23b0750d4304c73e2aead8df5b/pkg/gui/controllers/side_window_controller.go#L15
pkg/gui/controllers/side_window_controller.go,25,func NewSideWindowController(,pending,https://github.com/jesseduffield/lazygit/blob/c5f7158154602d23b0750d4304c73e2aead8df5b/pkg/gui/controllers/side_window_controller.go#L25
pkg/gui/controllers/side_window_controller.go,36,func (self *SideWindowController) GetKeybindings(opts types.KeybindingsOpts) []*types.Binding {,pending,https://github.com/jesseduffield/lazygit/blob/c5f7158154602d23b0750d4304c73e2aead8df5b/pkg/gui/controllers/side_window_controller.go#L36
pkg/gui/controllers/side_window_controller.go,43,func (self *SideWindowController) Context() types.Context {,pending,https://github.com/jesseduffield/lazygit/blob/c5f7158154602d23b0750d4304c73e2aead8df5b/pkg/gui/controllers/side_window_controller.go#L43
pkg/gui/controllers/side_window_controller.go,47,func (self *SideWindowController) previousSideWindow() error {,pending,https://github.com/jesseduffield/lazygit/blob/c5f7158154602d23b0750d4304c73e2aead8df5b/pkg/gui/controllers/side_window_controller.go#L47
pkg/gui/controllers/side_window_controller.go,71,func (self *SideWindowController) nextSideWindow() error {,pending,https://github.com/jesseduffield/lazygit/blob/c5f7158154602d23b0750d4304c73e2aead8df5b/pkg/gui/controllers/side_window_controller.go#L71
pkg/gui/controllers/snake_controller.go,15,func NewSnakeController(,pending,https://github.com/jesseduffield/lazygit/blob/c5f7158154602d23b0750d4304c73e2aead8df5b/pkg/gui/controllers/snake_controller.go#L15
pkg/gui/controllers/snake_controller.go,24,func (self *SnakeController) GetKeybindings(opts types.KeybindingsOpts) []*types.Binding {,pending,https://github.com/jesseduffield/lazygit/blob/c5f7158154602d23b0750d4304c73e2aead8df5b/pkg/gui/controllers/snake_controller.go#L24
pkg/gui/controllers/snake_controller.go,51,func (self *SnakeController) Context() types.Context {,pending,https://github.com/jesseduffield/lazygit/blob/c5f7158154602d23b0750d4304c73e2aead8df5b/pkg/gui/controllers/snake_controller.go#L51
pkg/gui/controllers/snake_controller.go,55,func (self *SnakeController) GetOnFocus() func(types.OnFocusOpts) {,pending,https://github.com/jesseduffield/lazygit/blob/c5f7158154602d23b0750d4304c73e2aead8df5b/pkg/gui/controllers/snake_controller.go#L55
pkg/gui/controllers/snake_controller.go,61,func (self *SnakeController) GetOnFocusLost() func(types.OnFocusLostOpts) {,pending,https://github.com/jesseduffield/lazygit/blob/c5f7158154602d23b0750d4304c73e2aead8df5b/pkg/gui/controllers/snake_controller.go#L61
pkg/gui/controllers/snake_controller.go,68,func (self *SnakeController) SetDirection(direction snake.Direction) func() error {,pending,https://github.com/jesseduffield/lazygit/blob/c5f7158154602d23b0750d4304c73e2aead8df5b/pkg/gui/controllers/snake_controller.go#L68
pkg/gui/controllers/snake_controller.go,75,func (self *SnakeController) Escape() error {,pending,https://github.com/jesseduffield/lazygit/blob/c5f7158154602d23b0750d4304c73e2aead8df5b/pkg/gui/controllers/snake_controller.go#L75
pkg/gui/controllers/stash_controller.go,22,func NewStashController(,pending,https://github.com/jesseduffield/lazygit/blob/c5f7158154602d23b0750d4304c73e2aead8df5b/pkg/gui/controllers/stash_controller.go#L22
pkg/gui/controllers/stash_controller.go,37,func (self *StashController) GetKeybindings(opts types.KeybindingsOpts) []*types.Binding {,pending,https://github.com/jesseduffield/lazygit/blob/c5f7158154602d23b0750d4304c73e2aead8df5b/pkg/gui/controllers/stash_controller.go#L37
pkg/gui/controllers/stash_controller.go,87,func (self *StashController) GetOnRenderToMain() func() {,pending,https://github.com/jesseduffield/lazygit/blob/c5f7158154602d23b0750d4304c73e2aead8df5b/pkg/gui/controllers/stash_controller.go#L87
pkg/gui/controllers/stash_controller.go,117,func (self *StashController) context() *context.StashContext {,pending,https://github.com/jesseduffield/lazygit/blob/c5f7158154602d23b0750d4304c73e2aead8df5b/pkg/gui/controllers/stash_controller.go#L117
pkg/gui/controllers/stash_controller.go,121,func (self *StashController) handleStashApply(stashEntry *models.StashEntry) error {,pending,https://github.com/jesseduffield/lazygit/blob/c5f7158154602d23b0750d4304c73e2aead8df5b/pkg/gui/controllers/stash_controller.go#L121
pkg/gui/controllers/stash_controller.go,139,func (self *StashController) handleStashPop(stashEntry *models.StashEntry) error {,pending,https://github.com/jesseduffield/lazygit/blob/c5f7158154602d23b0750d4304c73e2aead8df5b/pkg/gui/controllers/stash_controller.go#L139
pkg/gui/controllers/stash_controller.go,167,func (self *StashController) handleStashDrop(stashEntries []*models.StashEntry) error {,pending,https://github.com/jesseduffield/lazygit/blob/c5f7158154602d23b0750d4304c73e2aead8df5b/pkg/gui/controllers/stash_controller.go#L167
pkg/gui/controllers/stash_controller.go,219,func (self *StashController) postStashRefresh(switchToFiles bool) {,pending,https://github.com/jesseduffield/lazygit/blob/c5f7158154602d23b0750d4304c73e2aead8df5b/pkg/gui/controllers/stash_controller.go#L219
pkg/gui/controllers/stash_controller.go,234,func (self *StashController) handleNewBranchOffStashEntry(stashEntry *models.StashEntry) error {,pending,https://github.com/jesseduffield/lazygit/blob/c5f7158154602d23b0750d4304c73e2aead8df5b/pkg/gui/controllers/stash_controller.go#L234
pkg/gui/controllers/stash_controller.go,238,func (self *StashController) handleRenameStashEntry(stashEntry *models.StashEntry) error {,pending,https://github.com/jesseduffield/lazygit/blob/c5f7158154602d23b0750d4304c73e2aead8df5b/pkg/gui/controllers/stash_controller.go#L238
pkg/gui/controllers/status_controller.go,23,func NewStatusController(,pending,https://github.com/jesseduffield/lazygit/blob/c5f7158154602d23b0750d4304c73e2aead8df5b/pkg/gui/controllers/status_controller.go#L23
pkg/gui/controllers/status_controller.go,32,func (self *StatusController) GetKeybindings(opts types.KeybindingsOpts) []*types.Binding {,pending,https://github.com/jesseduffield/lazygit/blob/c5f7158154602d23b0750d4304c73e2aead8df5b/pkg/gui/controllers/status_controller.go#L32
pkg/gui/controllers/status_controller.go,68,func (self *StatusController) GetMouseKeybindings(opts types.KeybindingsOpts) []*gocui.ViewMouseBinding {,pending,https://github.com/jesseduffield/lazygit/blob/c5f7158154602d23b0750d4304c73e2aead8df5b/pkg/gui/controllers/status_controller.go#L68
pkg/gui/controllers/status_controller.go,78,func (self *StatusController) GetOnRenderToMain() func() {,pending,https://github.com/jesseduffield/lazygit/blob/c5f7158154602d23b0750d4304c73e2aead8df5b/pkg/gui/controllers/status_controller.go#L78
pkg/gui/controllers/status_controller.go,91,func (self *StatusController) Context() types.Context {,pending,https://github.com/jesseduffield/lazygit/blob/c5f7158154602d23b0750d4304c73e2aead8df5b/pkg/gui/controllers/status_controller.go#L91
pkg/gui/controllers/status_controller.go,95,func (self *StatusController) onClick(opts gocui.ViewMouseBindingOpts) error {,pending,https://github.com/jesseduffield/lazygit/blob/c5f7158154602d23b0750d4304c73e2aead8df5b/pkg/gui/controllers/status_controller.go#L95
pkg/gui/controllers/status_controller.go,123,func runeCount(str string) int {,pending,https://github.com/jesseduffield/lazygit/blob/c5f7158154602d23b0750d4304c73e2aead8df5b/pkg/gui/controllers/status_controller.go#L123
pkg/gui/controllers/status_controller.go,127,"func cursorInSubstring(cx int, prefix string, substring string) bool {",pending,https://github.com/jesseduffield/lazygit/blob/c5f7158154602d23b0750d4304c73e2aead8df5b/pkg/gui/controllers/status_controller.go#L127
pkg/gui/controllers/status_controller.go,131,func lazygitTitle() string {,pending,https://github.com/jesseduffield/lazygit/blob/c5f7158154602d23b0750d4304c73e2aead8df5b/pkg/gui/controllers/status_controller.go#L131
pkg/gui/controllers/status_controller.go,143,func (self *StatusController) editConfig() error {,pending,https://github.com/jesseduffield/lazygit/blob/c5f7158154602d23b0750d4304c73e2aead8df5b/pkg/gui/controllers/status_controller.go#L143
pkg/gui/controllers/status_controller.go,147,func (self *StatusController) showAllBranchLogs() {,pending,https://github.com/jesseduffield/lazygit/blob/c5f7158154602d23b0750d4304c73e2aead8df5b/pkg/gui/controllers/status_controller.go#L147
pkg/gui/controllers/status_controller.go,166,func (self *StatusController) switchToOrRotateAllBranchesLogs() {,pending,https://github.com/jesseduffield/lazygit/blob/c5f7158154602d23b0750d4304c73e2aead8df5b/pkg/gui/controllers/status_controller.go#L166
pkg/gui/controllers/status_controller.go,178,func (self *StatusController) switchToOrRotateAllBranchesLogsBackward() {,pending,https://github.com/jesseduffield/lazygit/blob/c5f7158154602d23b0750d4304c73e2aead8df5b/pkg/gui/controllers/status_controller.go#L178
pkg/gui/controllers/status_controller.go,188,func (self *StatusController) showDashboard() {,pending,https://github.com/jesseduffield/lazygit/blob/c5f7158154602d23b0750d4304c73e2aead8df5b/pkg/gui/controllers/status_controller.go#L188
pkg/gui/controllers/status_controller.go,219,func (self *StatusController) handleCheckForUpdate() error {,pending,https://github.com/jesseduffield/lazygit/blob/c5f7158154602d23b0750d4304c73e2aead8df5b/pkg/gui/controllers/status_controller.go#L219
pkg/gui/controllers/sub_commits_controller.go,17,func NewSubCommitsController(,pending,https://github.com/jesseduffield/lazygit/blob/c5f7158154602d23b0750d4304c73e2aead8df5b/pkg/gui/controllers/sub_commits_controller.go#L17
pkg/gui/controllers/sub_commits_controller.go,32,func (self *SubCommitsController) Context() types.Context {,pending,https://github.com/jesseduffield/lazygit/blob/c5f7158154602d23b0750d4304c73e2aead8df5b/pkg/gui/controllers/sub_commits_controller.go#L32
pkg/gui/controllers/sub_commits_controller.go,36,func (self *SubCommitsController) context() *context.SubCommitsContext {,pending,https://github.com/jesseduffield/lazygit/blob/c5f7158154602d23b0750d4304c73e2aead8df5b/pkg/gui/controllers/sub_commits_controller.go#L36
pkg/gui/controllers/sub_commits_controller.go,40,func (self *SubCommitsController) GetOnRenderToMain() func() {,pending,https://github.com/jesseduffield/lazygit/blob/c5f7158154602d23b0750d4304c73e2aead8df5b/pkg/gui/controllers/sub_commits_controller.go#L40
pkg/gui/controllers/sub_commits_controller.go,65,func (self *SubCommitsController) GetOnFocus() func(types.OnFocusOpts) {,pending,https://github.com/jesseduffield/lazygit/blob/c5f7158154602d23b0750d4304c73e2aead8df5b/pkg/gui/controllers/sub_commits_controller.go#L65
pkg/gui/controllers/submodules_controller.go,26,func NewSubmodulesController(,pending,https://github.com/jesseduffield/lazygit/blob/c5f7158154602d23b0750d4304c73e2aead8df5b/pkg/gui/controllers/submodules_controller.go#L26
pkg/gui/controllers/submodules_controller.go,41,func (self *SubmodulesController) GetKeybindings(opts types.KeybindingsOpts) []*types.Binding {,pending,https://github.com/jesseduffield/lazygit/blob/c5f7158154602d23b0750d4304c73e2aead8df5b/pkg/gui/controllers/submodules_controller.go#L41
pkg/gui/controllers/submodules_controller.go,105,func (self *SubmodulesController) GetOnDoubleClick() func() error {,pending,https://github.com/jesseduffield/lazygit/blob/c5f7158154602d23b0750d4304c73e2aead8df5b/pkg/gui/controllers/submodules_controller.go#L105
pkg/gui/controllers/submodules_controller.go,109,func (self *SubmodulesController) GetOnRenderToMain() func() {,pending,https://github.com/jesseduffield/lazygit/blob/c5f7158154602d23b0750d4304c73e2aead8df5b/pkg/gui/controllers/submodules_controller.go#L109
pkg/gui/controllers/submodules_controller.go,144,func (self *SubmodulesController) enter(submodule *models.SubmoduleConfig) error {,pending,https://github.com/jesseduffield/lazygit/blob/c5f7158154602d23b0750d4304c73e2aead8df5b/pkg/gui/controllers/submodules_controller.go#L144
pkg/gui/controllers/submodules_controller.go,148,func (self *SubmodulesController) add() error {,pending,https://github.com/jesseduffield/lazygit/blob/c5f7158154602d23b0750d4304c73e2aead8df5b/pkg/gui/controllers/submodules_controller.go#L148
pkg/gui/controllers/submodules_controller.go,186,func (self *SubmodulesController) editURL(submodule *models.SubmoduleConfig) error {,pending,https://github.com/jesseduffield/lazygit/blob/c5f7158154602d23b0750d4304c73e2aead8df5b/pkg/gui/controllers/submodules_controller.go#L186
pkg/gui/controllers/submodules_controller.go,207,func (self *SubmodulesController) init(submodule *models.SubmoduleConfig) error {,pending,https://github.com/jesseduffield/lazygit/blob/c5f7158154602d23b0750d4304c73e2aead8df5b/pkg/gui/controllers/submodules_controller.go#L207
pkg/gui/controllers/submodules_controller.go,220,func (self *SubmodulesController) openBulkActionsMenu() error {,pending,https://github.com/jesseduffield/lazygit/blob/c5f7158154602d23b0750d4304c73e2aead8df5b/pkg/gui/controllers/submodules_controller.go#L220
pkg/gui/controllers/submodules_controller.go,289,func (self *SubmodulesController) update(submodule *models.SubmoduleConfig) error {,pending,https://github.com/jesseduffield/lazygit/blob/c5f7158154602d23b0750d4304c73e2aead8df5b/pkg/gui/controllers/submodules_controller.go#L289
pkg/gui/controllers/submodules_controller.go,302,func (self *SubmodulesController) remove(submodule *models.SubmoduleConfig) error {,pending,https://github.com/jesseduffield/lazygit/blob/c5f7158154602d23b0750d4304c73e2aead8df5b/pkg/gui/controllers/submodules_controller.go#L302
pkg/gui/controllers/submodules_controller.go,320,func (self *SubmodulesController) easterEgg() error {,pending,https://github.com/jesseduffield/lazygit/blob/c5f7158154602d23b0750d4304c73e2aead8df5b/pkg/gui/controllers/submodules_controller.go#L320
pkg/gui/controllers/submodules_controller.go,325,func (self *SubmodulesController) context() *context.SubmodulesContext {,pending,https://github.com/jesseduffield/lazygit/blob/c5f7158154602d23b0750d4304c73e2aead8df5b/pkg/gui/controllers/submodules_controller.go#L325
pkg/gui/controllers/suggestions_controller.go,17,func NewSuggestionsController(,pending,https://github.com/jesseduffield/lazygit/blob/c5f7158154602d23b0750d4304c73e2aead8df5b/pkg/gui/controllers/suggestions_controller.go#L17
pkg/gui/controllers/suggestions_controller.go,32,func (self *SuggestionsController) GetKeybindings(opts types.KeybindingsOpts) []*types.Binding {,pending,https://github.com/jesseduffield/lazygit/blob/c5f7158154602d23b0750d4304c73e2aead8df5b/pkg/gui/controllers/suggestions_controller.go#L32
pkg/gui/controllers/suggestions_controller.go,73,func (self *SuggestionsController) GetMouseKeybindings(opts types.KeybindingsOpts) []*gocui.ViewMouseBinding {,pending,https://github.com/jesseduffield/lazygit/blob/c5f7158154602d23b0750d4304c73e2aead8df5b/pkg/gui/controllers/suggestions_controller.go#L73
pkg/gui/controllers/suggestions_controller.go,86,func (self *SuggestionsController) switchToPrompt() error {,pending,https://github.com/jesseduffield/lazygit/blob/c5f7158154602d23b0750d4304c73e2aead8df5b/pkg/gui/controllers/suggestions_controller.go#L86
pkg/gui/controllers/suggestions_controller.go,92,func (self *SuggestionsController) GetOnFocusLost() func(types.OnFocusLostOpts) {,pending,https://github.com/jesseduffield/lazygit/blob/c5f7158154602d23b0750d4304c73e2aead8df5b/pkg/gui/controllers/suggestions_controller.go#L92
pkg/gui/controllers/suggestions_controller.go,98,func (self *SuggestionsController) context() *context.SuggestionsContext {,pending,https://github.com/jesseduffield/lazygit/blob/c5f7158154602d23b0750d4304c73e2aead8df5b/pkg/gui/controllers/suggestions_controller.go#L98
pkg/gui/controllers/switch_to_diff_files_controller.go,33,func NewSwitchToDiffFilesController(,pending,https://github.com/jesseduffield/lazygit/blob/c5f7158154602d23b0750d4304c73e2aead8df5b/pkg/gui/controllers/switch_to_diff_files_controller.go#L33
pkg/gui/controllers/switch_to_diff_files_controller.go,48,func (self *SwitchToDiffFilesController) diffTarget() *commitDiffTarget {,pending,https://github.com/jesseduffield/lazygit/blob/c5f7158154602d23b0750d4304c73e2aead8df5b/pkg/gui/controllers/switch_to_diff_files_controller.go#L48
pkg/gui/controllers/switch_to_diff_files_controller.go,62,"func (self *SwitchToDiffFilesController) canRebase(ref models.Ref, refRange *types.RefRange) bool {",pending,https://github.com/jesseduffield/lazygit/blob/c5f7158154602d23b0750d4304c73e2aead8df5b/pkg/gui/controllers/switch_to_diff_files_controller.go#L62
pkg/gui/controllers/switch_to_diff_files_controller.go,72,func (self *SwitchToDiffFilesController) GetKeybindings(opts types.KeybindingsOpts) []*types.Binding {,pending,https://github.com/jesseduffield/lazygit/blob/c5f7158154602d23b0750d4304c73e2aead8df5b/pkg/gui/controllers/switch_to_diff_files_controller.go#L72
pkg/gui/controllers/switch_to_diff_files_controller.go,85,func (self *SwitchToDiffFilesController) Context() types.Context {,pending,https://github.com/jesseduffield/lazygit/blob/c5f7158154602d23b0750d4304c73e2aead8df5b/pkg/gui/controllers/switch_to_diff_files_controller.go#L85
pkg/gui/controllers/switch_to_diff_files_controller.go,89,func (self *SwitchToDiffFilesController) GetOnDoubleClick() func() error {,pending,https://github.com/jesseduffield/lazygit/blob/c5f7158154602d23b0750d4304c73e2aead8df5b/pkg/gui/controllers/switch_to_diff_files_controller.go#L89
pkg/gui/controllers/switch_to_diff_files_controller.go,99,func (self *SwitchToDiffFilesController) GetFocusedMainViewDiffSource() types.FocusedMainViewDiffSource {,pending,https://github.com/jesseduffield/lazygit/blob/c5f7158154602d23b0750d4304c73e2aead8df5b/pkg/gui/controllers/switch_to_diff_files_controller.go#L99
pkg/gui/controllers/switch_to_diff_files_controller.go,103,func (self *SwitchToDiffFilesController) enter() error {,pending,https://github.com/jesseduffield/lazygit/blob/c5f7158154602d23b0750d4304c73e2aead8df5b/pkg/gui/controllers/switch_to_diff_files_controller.go#L103
pkg/gui/controllers/switch_to_diff_files_controller.go,136,func (self *SwitchToDiffFilesController) canEnter() *types.DisabledReason {,pending,https://github.com/jesseduffield/lazygit/blob/c5f7158154602d23b0750d4304c73e2aead8df5b/pkg/gui/controllers/switch_to_diff_files_controller.go#L136
pkg/gui/controllers/switch_to_focused_main_view_controller.go,20,func NewSwitchToFocusedMainViewController(,pending,https://github.com/jesseduffield/lazygit/blob/c5f7158154602d23b0750d4304c73e2aead8df5b/pkg/gui/controllers/switch_to_focused_main_view_controller.go#L20
pkg/gui/controllers/switch_to_focused_main_view_controller.go,31,func (self *SwitchToFocusedMainViewController) GetKeybindings(opts types.KeybindingsOpts) []*types.Binding {,pending,https://github.com/jesseduffield/lazygit/blob/c5f7158154602d23b0750d4304c73e2aead8df5b/pkg/gui/controllers/switch_to_focused_main_view_controller.go#L31
pkg/gui/controllers/switch_to_focused_main_view_controller.go,44,func (self *SwitchToFocusedMainViewController) GetMouseKeybindings(opts types.KeybindingsOpts) []*gocui.ViewMouseBinding {,pending,https://github.com/jesseduffield/lazygit/blob/c5f7158154602d23b0750d4304c73e2aead8df5b/pkg/gui/controllers/switch_to_focused_main_view_controller.go#L44
pkg/gui/controllers/switch_to_focused_main_view_controller.go,61,func (self *SwitchToFocusedMainViewController) Context() types.Context {,pending,https://github.com/jesseduffield/lazygit/blob/c5f7158154602d23b0750d4304c73e2aead8df5b/pkg/gui/controllers/switch_to_focused_main_view_controller.go#L61
pkg/gui/controllers/switch_to_focused_main_view_controller.go,65,func (self *SwitchToFocusedMainViewController) onClickMain(opts gocui.ViewMouseBindingOpts) error {,pending,https://github.com/jesseduffield/lazygit/blob/c5f7158154602d23b0750d4304c73e2aead8df5b/pkg/gui/controllers/switch_to_focused_main_view_controller.go#L65
pkg/gui/controllers/switch_to_focused_main_view_controller.go,69,func (self *SwitchToFocusedMainViewController) onClickSecondary(opts gocui.ViewMouseBindingOpts) error {,pending,https://github.com/jesseduffield/lazygit/blob/c5f7158154602d23b0750d4304c73e2aead8df5b/pkg/gui/controllers/switch_to_focused_main_view_controller.go#L69
pkg/gui/controllers/switch_to_focused_main_view_controller.go,73,func (self *SwitchToFocusedMainViewController) handleFocusMainView() error {,pending,https://github.com/jesseduffield/lazygit/blob/c5f7158154602d23b0750d4304c73e2aead8df5b/pkg/gui/controllers/switch_to_focused_main_view_controller.go#L73
pkg/gui/controllers/switch_to_focused_main_view_controller.go,77,"func focusMainView(c *ControllerCommon, source types.Context, clickedLineIdx int) error {",pending,https://github.com/jesseduffield/lazygit/blob/c5f7158154602d23b0750d4304c73e2aead8df5b/pkg/gui/controllers/switch_to_focused_main_view_controller.go#L77
pkg/gui/controllers/switch_to_focused_main_view_controller.go,87,"func (self *SwitchToFocusedMainViewController) focusMainView(mainViewContext *context.MainContext, clickedLineIdx int) error {",pending,https://github.com/jesseduffield/lazygit/blob/c5f7158154602d23b0750d4304c73e2aead8df5b/pkg/gui/controllers/switch_to_focused_main_view_controller.go#L87
pkg/gui/controllers/switch_to_focused_main_view_controller.go,91,"func focusMainViewPane(c *ControllerCommon, source types.Context, mainViewContext *context.MainContext, clickedLineIdx int) error {",pending,https://github.com/jesseduffield/lazygit/blob/c5f7158154602d23b0750d4304c73e2aead8df5b/pkg/gui/controllers/switch_to_focused_main_view_controller.go#L91
pkg/gui/controllers/switch_to_sub_commits_controller.go,26,func NewSwitchToSubCommitsController(,pending,https://github.com/jesseduffield/lazygit/blob/c5f7158154602d23b0750d4304c73e2aead8df5b/pkg/gui/controllers/switch_to_sub_commits_controller.go#L26
pkg/gui/controllers/switch_to_sub_commits_controller.go,45,func (self *SwitchToSubCommitsController) GetKeybindings(opts types.KeybindingsOpts) []*types.Binding {,pending,https://github.com/jesseduffield/lazygit/blob/c5f7158154602d23b0750d4304c73e2aead8df5b/pkg/gui/controllers/switch_to_sub_commits_controller.go#L45
pkg/gui/controllers/switch_to_sub_commits_controller.go,58,func (self *SwitchToSubCommitsController) GetOnDoubleClick() func() error {,pending,https://github.com/jesseduffield/lazygit/blob/c5f7158154602d23b0750d4304c73e2aead8df5b/pkg/gui/controllers/switch_to_sub_commits_controller.go#L58
pkg/gui/controllers/switch_to_sub_commits_controller.go,62,func (self *SwitchToSubCommitsController) viewCommits() error {,pending,https://github.com/jesseduffield/lazygit/blob/c5f7158154602d23b0750d4304c73e2aead8df5b/pkg/gui/controllers/switch_to_sub_commits_controller.go#L62
pkg/gui/controllers/sync_controller.go,25,func NewSyncController(,pending,https://github.com/jesseduffield/lazygit/blob/c5f7158154602d23b0750d4304c73e2aead8df5b/pkg/gui/controllers/sync_controller.go#L25
pkg/gui/controllers/sync_controller.go,34,func (self *SyncController) GetKeybindings(opts types.KeybindingsOpts) []*types.Binding {,pending,https://github.com/jesseduffield/lazygit/blob/c5f7158154602d23b0750d4304c73e2aead8df5b/pkg/gui/controllers/sync_controller.go#L34
pkg/gui/controllers/sync_controller.go,55,func (self *SyncController) Context() types.Context {,pending,https://github.com/jesseduffield/lazygit/blob/c5f7158154602d23b0750d4304c73e2aead8df5b/pkg/gui/controllers/sync_controller.go#L55
pkg/gui/controllers/sync_controller.go,59,func (self *SyncController) HandlePush() error {,pending,https://github.com/jesseduffield/lazygit/blob/c5f7158154602d23b0750d4304c73e2aead8df5b/pkg/gui/controllers/sync_controller.go#L59
pkg/gui/controllers/sync_controller.go,63,func (self *SyncController) HandlePull() error {,pending,https://github.com/jesseduffield/lazygit/blob/c5f7158154602d23b0750d4304c73e2aead8df5b/pkg/gui/controllers/sync_controller.go#L63
pkg/gui/controllers/sync_controller.go,67,func (self *SyncController) getDisabledReasonForPushOrPull() *types.DisabledReason {,pending,https://github.com/jesseduffield/lazygit/blob/c5f7158154602d23b0750d4304c73e2aead8df5b/pkg/gui/controllers/sync_controller.go#L67
pkg/gui/controllers/sync_controller.go,79,func (self *SyncController) branchCheckedOut(f func(*models.Branch) error) func() error {,pending,https://github.com/jesseduffield/lazygit/blob/c5f7158154602d23b0750d4304c73e2aead8df5b/pkg/gui/controllers/sync_controller.go#L79
pkg/gui/controllers/sync_controller.go,91,func (self *SyncController) push(currentBranch *models.Branch) error {,pending,https://github.com/jesseduffield/lazygit/blob/c5f7158154602d23b0750d4304c73e2aead8df5b/pkg/gui/controllers/sync_controller.go#L91
pkg/gui/controllers/sync_controller.go,118,func (self *SyncController) pushCurrentBranch(currentBranch *models.Branch) error {,pending,https://github.com/jesseduffield/lazygit/blob/c5f7158154602d23b0750d4304c73e2aead8df5b/pkg/gui/controllers/sync_controller.go#L118
pkg/gui/controllers/sync_controller.go,130,func (self *SyncController) unpushedBranchesBelow(currentBranch *models.Branch) []*models.Branch {,pending,https://github.com/jesseduffield/lazygit/blob/c5f7158154602d23b0750d4304c73e2aead8df5b/pkg/gui/controllers/sync_controller.go#L130
pkg/gui/controllers/sync_controller.go,143,"func (self *SyncController) branchesBelowPrompt(currentBranch *models.Branch, branchesBelow []*models.Branch) string {",pending,https://github.com/jesseduffield/lazygit/blob/c5f7158154602d23b0750d4304c73e2aead8df5b/pkg/gui/controllers/sync_controller.go#L143
pkg/gui/controllers/sync_controller.go,161,"func (self *SyncController) pushWithBranchesBelow(currentBranch *models.Branch, branchesBelow []*models.Branch) error {",pending,https://github.com/jesseduffield/lazygit/blob/c5f7158154602d23b0750d4304c73e2aead8df5b/pkg/gui/controllers/sync_controller.go#L161
pkg/gui/controllers/sync_controller.go,186,"func (self *SyncController) confirmForcePushIfNeeded(branches []*models.Branch, push func(forceWithLease bool) error) error {",pending,https://github.com/jesseduffield/lazygit/blob/c5f7158154602d23b0750d4304c73e2aead8df5b/pkg/gui/controllers/sync_controller.go#L186
pkg/gui/controllers/sync_controller.go,219,"func (self *SyncController) resolvePushOfCurrentBranch(currentBranch *models.Branch, onResolved func(pushOpts) error) error {",pending,https://github.com/jesseduffield/lazygit/blob/c5f7158154602d23b0750d4304c73e2aead8df5b/pkg/gui/controllers/sync_controller.go#L219
pkg/gui/controllers/sync_controller.go,242,func (self *SyncController) pull(currentBranch *models.Branch) error {,pending,https://github.com/jesseduffield/lazygit/blob/c5f7158154602d23b0750d4304c73e2aead8df5b/pkg/gui/controllers/sync_controller.go#L242
pkg/gui/controllers/sync_controller.go,271,"func (self *SyncController) pullCurrentBranch(currentBranch *models.Branch, branchesBelow []*models.Branch) error {",pending,https://github.com/jesseduffield/lazygit/blob/c5f7158154602d23b0750d4304c73e2aead8df5b/pkg/gui/controllers/sync_controller.go#L271
pkg/gui/controllers/sync_controller.go,291,func (self *SyncController) updatableBranchesBelow(currentBranch *models.Branch) []*models.Branch {,pending,https://github.com/jesseduffield/lazygit/blob/c5f7158154602d23b0750d4304c73e2aead8df5b/pkg/gui/controllers/sync_controller.go#L291
pkg/gui/controllers/sync_controller.go,307,"func (self *SyncController) branchesBelowToUpdatePrompt(currentBranch *models.Branch, branchesBelow []*models.Branch) string {",pending,https://github.com/jesseduffield/lazygit/blob/c5f7158154602d23b0750d4304c73e2aead8df5b/pkg/gui/controllers/sync_controller.go#L307
pkg/gui/controllers/sync_controller.go,323,func (self *SyncController) setCurrentBranchUpstream(upstream string) error {,pending,https://github.com/jesseduffield/lazygit/blob/c5f7158154602d23b0750d4304c73e2aead8df5b/pkg/gui/controllers/sync_controller.go#L323
pkg/gui/controllers/sync_controller.go,352,"func (self *SyncController) PullAux(currentBranch *models.Branch, opts PullFilesOptions) error {",pending,https://github.com/jesseduffield/lazygit/blob/c5f7158154602d23b0750d4304c73e2aead8df5b/pkg/gui/controllers/sync_controller.go#L352
pkg/gui/controllers/sync_controller.go,379,"func (self *SyncController) pullWithLock(task gocui.Task, opts PullFilesOptions) error {",pending,https://github.com/jesseduffield/lazygit/blob/c5f7158154602d23b0750d4304c73e2aead8df5b/pkg/gui/controllers/sync_controller.go#L379
pkg/gui/controllers/sync_controller.go,414,"func (self *SyncController) pushAux(currentBranch *models.Branch, opts pushOpts) error {",pending,https://github.com/jesseduffield/lazygit/blob/c5f7158154602d23b0750d4304c73e2aead8df5b/pkg/gui/controllers/sync_controller.go#L414
pkg/gui/controllers/sync_controller.go,462,"func (self *SyncController) pushBranchesAux(currentBranch *models.Branch, branchesBelow []*models.Branch, forceWithLease bool) error {",pending,https://github.com/jesseduffield/lazygit/blob/c5f7158154602d23b0750d4304c73e2aead8df5b/pkg/gui/controllers/sync_controller.go#L462
pkg/gui/controllers/sync_controller.go,473,"func (self *SyncController) withPushingStatus(currentBranch *models.Branch, otherBranches []*models.Branch, f func(gocui.Task) error) error {",pending,https://github.com/jesseduffield/lazygit/blob/c5f7158154602d23b0750d4304c73e2aead8df5b/pkg/gui/controllers/sync_controller.go#L473
pkg/gui/controllers/sync_controller.go,482,"func (self *SyncController) pushBranches(task gocui.Task, branches []*models.Branch, forceWithLease bool) error {",pending,https://github.com/jesseduffield/lazygit/blob/c5f7158154602d23b0750d4304c73e2aead8df5b/pkg/gui/controllers/sync_controller.go#L482
pkg/gui/controllers/sync_controller.go,501,"func (self *SyncController) requestToForcePush(currentBranch *models.Branch, opts pushOpts) error {",pending,https://github.com/jesseduffield/lazygit/blob/c5f7158154602d23b0750d4304c73e2aead8df5b/pkg/gui/controllers/sync_controller.go#L501
pkg/gui/controllers/sync_controller.go,519,func (self *SyncController) forcePushPrompt() string {,pending,https://github.com/jesseduffield/lazygit/blob/c5f7158154602d23b0750d4304c73e2aead8df5b/pkg/gui/controllers/sync_controller.go#L519
pkg/gui/controllers/tags_controller.go,25,func NewTagsController(,pending,https://github.com/jesseduffield/lazygit/blob/c5f7158154602d23b0750d4304c73e2aead8df5b/pkg/gui/controllers/tags_controller.go#L25
pkg/gui/controllers/tags_controller.go,40,func (self *TagsController) GetKeybindings(opts types.KeybindingsOpts) []*types.Binding {,pending,https://github.com/jesseduffield/lazygit/blob/c5f7158154602d23b0750d4304c73e2aead8df5b/pkg/gui/controllers/tags_controller.go#L40
pkg/gui/controllers/tags_controller.go,102,func (self *TagsController) GetOnRenderToMain() func() {,pending,https://github.com/jesseduffield/lazygit/blob/c5f7158154602d23b0750d4304c73e2aead8df5b/pkg/gui/controllers/tags_controller.go#L102
pkg/gui/controllers/tags_controller.go,126,func (self *TagsController) getTagInfo(tag *models.Tag) string {,pending,https://github.com/jesseduffield/lazygit/blob/c5f7158154602d23b0750d4304c73e2aead8df5b/pkg/gui/controllers/tags_controller.go#L126
pkg/gui/controllers/tags_controller.go,144,func filterOutPgpSignature(output string) string {,pending,https://github.com/jesseduffield/lazygit/blob/c5f7158154602d23b0750d4304c73e2aead8df5b/pkg/gui/controllers/tags_controller.go#L144
pkg/gui/controllers/tags_controller.go,160,func (self *TagsController) checkout(tag *models.Tag) error {,pending,https://github.com/jesseduffield/lazygit/blob/c5f7158154602d23b0750d4304c73e2aead8df5b/pkg/gui/controllers/tags_controller.go#L160
pkg/gui/controllers/tags_controller.go,168,func (self *TagsController) localDelete(tags []*models.Tag) error {,pending,https://github.com/jesseduffield/lazygit/blob/c5f7158154602d23b0750d4304c73e2aead8df5b/pkg/gui/controllers/tags_controller.go#L168
pkg/gui/controllers/tags_controller.go,177,func (self *TagsController) remoteDelete(tags []*models.Tag) error {,pending,https://github.com/jesseduffield/lazygit/blob/c5f7158154602d23b0750d4304c73e2aead8df5b/pkg/gui/controllers/tags_controller.go#L177
pkg/gui/controllers/tags_controller.go,190,func (self *TagsController) localAndRemoteDelete(tags []*models.Tag) error {,pending,https://github.com/jesseduffield/lazygit/blob/c5f7158154602d23b0750d4304c73e2aead8df5b/pkg/gui/controllers/tags_controller.go#L190
pkg/gui/controllers/tags_controller.go,212,func (self *TagsController) refreshAfterLocalDelete() {,pending,https://github.com/jesseduffield/lazygit/blob/c5f7158154602d23b0750d4304c73e2aead8df5b/pkg/gui/controllers/tags_controller.go#L212
pkg/gui/controllers/tags_controller.go,230,func (self *TagsController) confirmRemoteDelete(,pending,https://github.com/jesseduffield/lazygit/blob/c5f7158154602d23b0750d4304c73e2aead8df5b/pkg/gui/controllers/tags_controller.go#L230
pkg/gui/controllers/tags_controller.go,277,func (self *TagsController) delete(tags []*models.Tag) error {,pending,https://github.com/jesseduffield/lazygit/blob/c5f7158154602d23b0750d4304c73e2aead8df5b/pkg/gui/controllers/tags_controller.go#L277
pkg/gui/controllers/tags_controller.go,310,func (self *TagsController) deleteTagsTitle(tags []*models.Tag) string {,pending,https://github.com/jesseduffield/lazygit/blob/c5f7158154602d23b0750d4304c73e2aead8df5b/pkg/gui/controllers/tags_controller.go#L310
pkg/gui/controllers/tags_controller.go,323,func (self *TagsController) push(tags []*models.Tag) error {,pending,https://github.com/jesseduffield/lazygit/blob/c5f7158154602d23b0750d4304c73e2aead8df5b/pkg/gui/controllers/tags_controller.go#L323
pkg/gui/controllers/tags_controller.go,351,func (self *TagsController) createResetMenu(tag *models.Tag) error {,pending,https://github.com/jesseduffield/lazygit/blob/c5f7158154602d23b0750d4304c73e2aead8df5b/pkg/gui/controllers/tags_controller.go#L351
pkg/gui/controllers/tags_controller.go,355,func (self *TagsController) create() error {,pending,https://github.com/jesseduffield/lazygit/blob/c5f7158154602d23b0750d4304c73e2aead8df5b/pkg/gui/controllers/tags_controller.go#L355
pkg/gui/controllers/tags_controller.go,362,func (self *TagsController) context() *context.TagsContext {,pending,https://github.com/jesseduffield/lazygit/blob/c5f7158154602d23b0750d4304c73e2aead8df5b/pkg/gui/controllers/tags_controller.go#L362
pkg/gui/controllers/tags_controller.go,366,func tagNames(tags []*models.Tag) []string {,pending,https://github.com/jesseduffield/lazygit/blob/c5f7158154602d23b0750d4304c73e2aead8df5b/pkg/gui/controllers/tags_controller.go#L366
pkg/gui/controllers/toggle_whitespace_action.go,7,func (self *ToggleWhitespaceAction) Call() error {,pending,https://github.com/jesseduffield/lazygit/blob/c5f7158154602d23b0750d4304c73e2aead8df5b/pkg/gui/controllers/toggle_whitespace_action.go#L7
pkg/gui/controllers/undo_controller.go,29,func NewUndoController(,pending,https://github.com/jesseduffield/lazygit/blob/c5f7158154602d23b0750d4304c73e2aead8df5b/pkg/gui/controllers/undo_controller.go#L29
pkg/gui/controllers/undo_controller.go,53,func (self *UndoController) GetKeybindings(opts types.KeybindingsOpts) []*types.Binding {,pending,https://github.com/jesseduffield/lazygit/blob/c5f7158154602d23b0750d4304c73e2aead8df5b/pkg/gui/controllers/undo_controller.go#L53
pkg/gui/controllers/undo_controller.go,72,func (self *UndoController) Context() types.Context {,pending,https://github.com/jesseduffield/lazygit/blob/c5f7158154602d23b0750d4304c73e2aead8df5b/pkg/gui/controllers/undo_controller.go#L72
pkg/gui/controllers/undo_controller.go,76,func (self *UndoController) reflogUndo() error {,pending,https://github.com/jesseduffield/lazygit/blob/c5f7158154602d23b0750d4304c73e2aead8df5b/pkg/gui/controllers/undo_controller.go#L76
pkg/gui/controllers/undo_controller.go,140,func (self *UndoController) reflogRedo() error {,pending,https://github.com/jesseduffield/lazygit/blob/c5f7158154602d23b0750d4304c73e2aead8df5b/pkg/gui/controllers/undo_controller.go#L140
pkg/gui/controllers/undo_controller.go,200,"func (self *UndoController) parseReflogForActions(onUserAction func(counter int, action reflogAction) (bool, error)) error {",pending,https://github.com/jesseduffield/lazygit/blob/c5f7158154602d23b0750d4304c73e2aead8df5b/pkg/gui/controllers/undo_controller.go#L200
pkg/gui/controllers/undo_controller.go,254,"func (self *UndoController) hardResetWithAutoStash(commitHash string, options hardResetOptions) error {",pending,https://github.com/jesseduffield/lazygit/blob/c5f7158154602d23b0750d4304c73e2aead8df5b/pkg/gui/controllers/undo_controller.go#L254
pkg/gui/controllers/vertical_scroll_controller.go,14,func NewVerticalScrollControllerFactory(c *ControllerCommon) *VerticalScrollControllerFactory {,pending,https://github.com/jesseduffield/lazygit/blob/c5f7158154602d23b0750d4304c73e2aead8df5b/pkg/gui/controllers/vertical_scroll_controller.go#L14
pkg/gui/controllers/vertical_scroll_controller.go,20,func (self *VerticalScrollControllerFactory) Create(context types.Context) types.IController {,pending,https://github.com/jesseduffield/lazygit/blob/c5f7158154602d23b0750d4304c73e2aead8df5b/pkg/gui/controllers/vertical_scroll_controller.go#L20
pkg/gui/controllers/vertical_scroll_controller.go,35,func (self *VerticalScrollController) Context() types.Context {,pending,https://github.com/jesseduffield/lazygit/blob/c5f7158154602d23b0750d4304c73e2aead8df5b/pkg/gui/controllers/vertical_scroll_controller.go#L35
pkg/gui/controllers/vertical_scroll_controller.go,39,func (self *VerticalScrollController) GetKeybindings(opts types.KeybindingsOpts) []*types.Binding {,pending,https://github.com/jesseduffield/lazygit/blob/c5f7158154602d23b0750d4304c73e2aead8df5b/pkg/gui/controllers/vertical_scroll_controller.go#L39
pkg/gui/controllers/vertical_scroll_controller.go,43,func (self *VerticalScrollController) GetMouseKeybindings(opts types.KeybindingsOpts) []*gocui.ViewMouseBinding {,pending,https://github.com/jesseduffield/lazygit/blob/c5f7158154602d23b0750d4304c73e2aead8df5b/pkg/gui/controllers/vertical_scroll_controller.go#L43
pkg/gui/controllers/vertical_scroll_controller.go,62,func (self *VerticalScrollController) HandleScrollUp() error {,pending,https://github.com/jesseduffield/lazygit/blob/c5f7158154602d23b0750d4304c73e2aead8df5b/pkg/gui/controllers/vertical_scroll_controller.go#L62
pkg/gui/controllers/vertical_scroll_controller.go,68,func (self *VerticalScrollController) HandleScrollDown() error {,pending,https://github.com/jesseduffield/lazygit/blob/c5f7158154602d23b0750d4304c73e2aead8df5b/pkg/gui/controllers/vertical_scroll_controller.go#L68
pkg/gui/controllers/working_tree_diff_actions.go,25,func NewWorkingTreeDiffActions(c *ControllerCommon) *WorkingTreeDiffActions {,pending,https://github.com/jesseduffield/lazygit/blob/c5f7158154602d23b0750d4304c73e2aead8df5b/pkg/gui/controllers/working_tree_diff_actions.go#L25
pkg/gui/controllers/working_tree_diff_actions.go,29,func (self *WorkingTreeDiffActions) context() *context.WorkingTreeContext {,pending,https://github.com/jesseduffield/lazygit/blob/c5f7158154602d23b0750d4304c73e2aead8df5b/pkg/gui/controllers/working_tree_diff_actions.go#L29
pkg/gui/controllers/working_tree_diff_actions.go,35,"func (self *WorkingTreeDiffActions) PlainDiff(pane types.DiffPaneContext, paths []string) string {",pending,https://github.com/jesseduffield/lazygit/blob/c5f7158154602d23b0750d4304c73e2aead8df5b/pkg/gui/controllers/working_tree_diff_actions.go#L35
pkg/gui/controllers/working_tree_diff_actions.go,50,func (self *WorkingTreeDiffActions) showsStagedSide(pane types.DiffPaneContext) bool {,pending,https://github.com/jesseduffield/lazygit/blob/c5f7158154602d23b0750d4304c73e2aead8df5b/pkg/gui/controllers/working_tree_diff_actions.go#L50
pkg/gui/controllers/working_tree_diff_actions.go,56,"func (self *WorkingTreeDiffActions) PrimaryAction(pane types.DiffPaneContext, firstBufferLine int, lastBufferLine int) error {",pending,https://github.com/jesseduffield/lazygit/blob/c5f7158154602d23b0750d4304c73e2aead8df5b/pkg/gui/controllers/working_tree_diff_actions.go#L56
pkg/gui/controllers/working_tree_diff_actions.go,76,"func (self *WorkingTreeDiffActions) DiscardSelection(pane types.DiffPaneContext, firstBufferLine int, lastBufferLine int) error {",pending,https://github.com/jesseduffield/lazygit/blob/c5f7158154602d23b0750d4304c73e2aead8df5b/pkg/gui/controllers/working_tree_diff_actions.go#L76
pkg/gui/controllers/working_tree_diff_actions.go,104,func (self *WorkingTreeDiffActions) DiscardSelectionDisabledReason(types.DiffPaneContext) *types.DisabledReason {,pending,https://github.com/jesseduffield/lazygit/blob/c5f7158154602d23b0750d4304c73e2aead8df5b/pkg/gui/controllers/working_tree_diff_actions.go#L104
pkg/gui/controllers/working_tree_diff_actions.go,117,func (self *WorkingTreeDiffActions) EditHunk(,pending,https://github.com/jesseduffield/lazygit/blob/c5f7158154602d23b0750d4304c73e2aead8df5b/pkg/gui/controllers/working_tree_diff_actions.go#L117
pkg/gui/controllers/working_tree_diff_actions.go,192,func (self *WorkingTreeDiffActions) PatchInclusion() func(types.DiffLineInfo) bool {,pending,https://github.com/jesseduffield/lazygit/blob/c5f7158154602d23b0750d4304c73e2aead8df5b/pkg/gui/controllers/working_tree_diff_actions.go#L192
pkg/gui/controllers/working_tree_diff_actions.go,201,func (self *WorkingTreeDiffActions) diffLineSelection(,pending,https://github.com/jesseduffield/lazygit/blob/c5f7158154602d23b0750d4304c73e2aead8df5b/pkg/gui/controllers/working_tree_diff_actions.go#L201
pkg/gui/controllers/working_tree_diff_actions.go,216,func (self *WorkingTreeDiffActions) applyDiffLineSelection(,pending,https://github.com/jesseduffield/lazygit/blob/c5f7158154602d23b0750d4304c73e2aead8df5b/pkg/gui/controllers/working_tree_diff_actions.go#L216
pkg/gui/controllers/working_tree_diff_actions.go,263,func (self *WorkingTreeDiffActions) fileForDiffLinePath(path string) *models.File {,pending,https://github.com/jesseduffield/lazygit/blob/c5f7158154602d23b0750d4304c73e2aead8df5b/pkg/gui/controllers/working_tree_diff_actions.go#L263
pkg/gui/controllers/working_tree_diff_actions.go,290,func (self *WorkingTreeDiffActions) applyDiffLines(,pending,https://github.com/jesseduffield/lazygit/blob/c5f7158154602d23b0750d4304c73e2aead8df5b/pkg/gui/controllers/working_tree_diff_actions.go#L290
pkg/gui/controllers/working_tree_diff_actions.go,331,func changeLineCount(p *patch.Patch) int {,pending,https://github.com/jesseduffield/lazygit/blob/c5f7158154602d23b0750d4304c73e2aead8df5b/pkg/gui/controllers/working_tree_diff_actions.go#L331
pkg/gui/controllers/working_tree_diff_actions.go,347,func (self *WorkingTreeDiffActions) revealSelectionInPaneItLandsIn(,pending,https://github.com/jesseduffield/lazygit/blob/c5f7158154602d23b0750d4304c73e2aead8df5b/pkg/gui/controllers/working_tree_diff_actions.go#L347
pkg/gui/controllers/working_tree_diff_actions.go,365,func (self *WorkingTreeDiffActions) otherPane(pane types.DiffPaneContext) types.DiffPaneContext {,pending,https://github.com/jesseduffield/lazygit/blob/c5f7158154602d23b0750d4304c73e2aead8df5b/pkg/gui/controllers/working_tree_diff_actions.go#L365
pkg/gui/controllers/working_tree_diff_actions.go,376,"func (self *WorkingTreeDiffActions) anyFileHasChangesOnSide(except *set.Set[string], staged bool) bool {",pending,https://github.com/jesseduffield/lazygit/blob/c5f7158154602d23b0750d4304c73e2aead8df5b/pkg/gui/controllers/working_tree_diff_actions.go#L376
pkg/gui/controllers/workspace_reset_controller.go,19,func (self *FilesController) createResetMenu() error {,pending,https://github.com/jesseduffield/lazygit/blob/c5f7158154602d23b0750d4304c73e2aead8df5b/pkg/gui/controllers/workspace_reset_controller.go#L19
pkg/gui/controllers/workspace_reset_controller.go,186,func (self *FilesController) animateExplosion() {,pending,https://github.com/jesseduffield/lazygit/blob/c5f7158154602d23b0750d4304c73e2aead8df5b/pkg/gui/controllers/workspace_reset_controller.go#L186
pkg/gui/controllers/workspace_reset_controller.go,193,"func (self *FilesController) Explode(v *gocui.View, onDone func()) {",pending,https://github.com/jesseduffield/lazygit/blob/c5f7158154602d23b0750d4304c73e2aead8df5b/pkg/gui/controllers/workspace_reset_controller.go#L193
pkg/gui/controllers/workspace_reset_controller.go,227,"func getExplodeImage(width int, height int, frame int, max int) string {",pending,https://github.com/jesseduffield/lazygit/blob/c5f7158154602d23b0750d4304c73e2aead8df5b/pkg/gui/controllers/workspace_reset_controller.go#L227
pkg/gui/controllers/worktrees_controller.go,25,func NewWorktreesController(,pending,https://github.com/jesseduffield/lazygit/blob/c5f7158154602d23b0750d4304c73e2aead8df5b/pkg/gui/controllers/worktrees_controller.go#L25
pkg/gui/controllers/worktrees_controller.go,40,func (self *WorktreesController) GetKeybindings(opts types.KeybindingsOpts) []*types.Binding {,pending,https://github.com/jesseduffield/lazygit/blob/c5f7158154602d23b0750d4304c73e2aead8df5b/pkg/gui/controllers/worktrees_controller.go#L40
pkg/gui/controllers/worktrees_controller.go,80,func (self *WorktreesController) GetOnRenderToMain() func() {,pending,https://github.com/jesseduffield/lazygit/blob/c5f7158154602d23b0750d4304c73e2aead8df5b/pkg/gui/controllers/worktrees_controller.go#L80
pkg/gui/controllers/worktrees_controller.go,121,func (self *WorktreesController) add() error {,pending,https://github.com/jesseduffield/lazygit/blob/c5f7158154602d23b0750d4304c73e2aead8df5b/pkg/gui/controllers/worktrees_controller.go#L121
pkg/gui/controllers/worktrees_controller.go,125,func (self *WorktreesController) remove(worktree *models.Worktree) error {,pending,https://github.com/jesseduffield/lazygit/blob/c5f7158154602d23b0750d4304c73e2aead8df5b/pkg/gui/controllers/worktrees_controller.go#L125
pkg/gui/controllers/worktrees_controller.go,183,func (self *WorktreesController) GetOnDoubleClick() func() error {,pending,https://github.com/jesseduffield/lazygit/blob/c5f7158154602d23b0750d4304c73e2aead8df5b/pkg/gui/controllers/worktrees_controller.go#L183
pkg/gui/controllers/worktrees_controller.go,187,func (self *WorktreesController) enter(worktree *models.Worktree) error {,pending,https://github.com/jesseduffield/lazygit/blob/c5f7158154602d23b0750d4304c73e2aead8df5b/pkg/gui/controllers/worktrees_controller.go#L187
pkg/gui/controllers/worktrees_controller.go,191,func (self *WorktreesController) open(worktree *models.Worktree) error {,pending,https://github.com/jesseduffield/lazygit/blob/c5f7158154602d23b0750d4304c73e2aead8df5b/pkg/gui/controllers/worktrees_controller.go#L191
pkg/gui/controllers/worktrees_controller.go,195,func (self *WorktreesController) context() *context.WorktreesContext {,pending,https://github.com/jesseduffield/lazygit/blob/c5f7158154602d23b0750d4304c73e2aead8df5b/pkg/gui/controllers/worktrees_controller.go#L195
pkg/gui/services/custom_commands/client.go,19,func NewClient(,pending,https://github.com/jesseduffield/lazygit/blob/c5f7158154602d23b0750d4304c73e2aead8df5b/pkg/gui/services/custom_commands/client.go#L19
pkg/gui/services/custom_commands/client.go,39,"func (self *Client) GetCustomCommandKeybindings() ([]*types.Binding, error) {",pending,https://github.com/jesseduffield/lazygit/blob/c5f7158154602d23b0750d4304c73e2aead8df5b/pkg/gui/services/custom_commands/client.go#L39
pkg/gui/services/custom_commands/client.go,66,func (self *Client) showCustomCommandsMenu(customCommand config.CustomCommand) error {,pending,https://github.com/jesseduffield/lazygit/blob/c5f7158154602d23b0750d4304c73e2aead8df5b/pkg/gui/services/custom_commands/client.go#L66
pkg/gui/services/custom_commands/client.go,112,"func getCustomCommandsMenuDescription(customCommand config.CustomCommand, tr *i18n.TranslationSet) string {",pending,https://github.com/jesseduffield/lazygit/blob/c5f7158154602d23b0750d4304c73e2aead8df5b/pkg/gui/services/custom_commands/client.go#L112
pkg/gui/services/custom_commands/handler_creator.go,28,func NewHandlerCreator(,pending,https://github.com/jesseduffield/lazygit/blob/c5f7158154602d23b0750d4304c73e2aead8df5b/pkg/gui/services/custom_commands/handler_creator.go#L28
pkg/gui/services/custom_commands/handler_creator.go,47,func (self *HandlerCreator) call(customCommand config.CustomCommand) func() error {,pending,https://github.com/jesseduffield/lazygit/blob/c5f7158154602d23b0750d4304c73e2aead8df5b/pkg/gui/services/custom_commands/handler_creator.go#L47
pkg/gui/services/custom_commands/handler_creator.go,133,"func resolveCondition(condition string, resolveTemplate func(string) (string, error)) (bool, error) {",pending,https://github.com/jesseduffield/lazygit/blob/c5f7158154602d23b0750d4304c73e2aead8df5b/pkg/gui/services/custom_commands/handler_creator.go#L133
pkg/gui/services/custom_commands/handler_creator.go,144,"func (self *HandlerCreator) inputPrompt(prompt *config.CustomCommandPrompt, wrappedF func(string) error) error {",pending,https://github.com/jesseduffield/lazygit/blob/c5f7158154602d23b0750d4304c73e2aead8df5b/pkg/gui/services/custom_commands/handler_creator.go#L144
pkg/gui/services/custom_commands/handler_creator.go,164,"func (self *HandlerCreator) generateFindSuggestionsFunc(prompt *config.CustomCommandPrompt) (func(string) []*types.Suggestion, error) {",pending,https://github.com/jesseduffield/lazygit/blob/c5f7158154602d23b0750d4304c73e2aead8df5b/pkg/gui/services/custom_commands/handler_creator.go#L164
pkg/gui/services/custom_commands/handler_creator.go,180,"func (self *HandlerCreator) getCommandSuggestionsFn(command string) (func(string) []*types.Suggestion, error) {",pending,https://github.com/jesseduffield/lazygit/blob/c5f7158154602d23b0750d4304c73e2aead8df5b/pkg/gui/services/custom_commands/handler_creator.go#L180
pkg/gui/services/custom_commands/handler_creator.go,197,"func (self *HandlerCreator) getPresetSuggestionsFn(preset string) (func(string) []*types.Suggestion, error) {",pending,https://github.com/jesseduffield/lazygit/blob/c5f7158154602d23b0750d4304c73e2aead8df5b/pkg/gui/services/custom_commands/handler_creator.go#L197
pkg/gui/services/custom_commands/handler_creator.go,218,"func (self *HandlerCreator) confirmPrompt(prompt *config.CustomCommandPrompt, handleConfirm func() error) error {",pending,https://github.com/jesseduffield/lazygit/blob/c5f7158154602d23b0750d4304c73e2aead8df5b/pkg/gui/services/custom_commands/handler_creator.go#L218
pkg/gui/services/custom_commands/handler_creator.go,228,"func (self *HandlerCreator) menuPrompt(prompt *config.CustomCommandPrompt, wrappedF func(string) error) error {",pending,https://github.com/jesseduffield/lazygit/blob/c5f7158154602d23b0750d4304c73e2aead8df5b/pkg/gui/services/custom_commands/handler_creator.go#L228
pkg/gui/services/custom_commands/handler_creator.go,242,"func (self *HandlerCreator) menuPromptFromCommand(prompt *config.CustomCommandPrompt, wrappedF func(string) error) error {",pending,https://github.com/jesseduffield/lazygit/blob/c5f7158154602d23b0750d4304c73e2aead8df5b/pkg/gui/services/custom_commands/handler_creator.go#L242
pkg/gui/services/custom_commands/handler_creator.go,273,"func (self *HandlerCreator) getResolveTemplateFn(form map[string]string, promptResponses []string, sessionState *SessionState) func(string) (string, error) {",pending,https://github.com/jesseduffield/lazygit/blob/c5f7158154602d23b0750d4304c73e2aead8df5b/pkg/gui/services/custom_commands/handler_creator.go#L273
pkg/gui/services/custom_commands/handler_creator.go,288,"func (self *HandlerCreator) finalHandler(customCommand config.CustomCommand, sessionState *SessionState, promptResponses []string, form map[string]string) error {",pending,https://github.com/jesseduffield/lazygit/blob/c5f7158154602d23b0750d4304c73e2aead8df5b/pkg/gui/services/custom_commands/handler_creator.go#L288
pkg/gui/services/custom_commands/keybinding_creator.go,19,func NewKeybindingCreator(c *helpers.HelperCommon) *KeybindingCreator {,pending,https://github.com/jesseduffield/lazygit/blob/c5f7158154602d23b0750d4304c73e2aead8df5b/pkg/gui/services/custom_commands/keybinding_creator.go#L19
pkg/gui/services/custom_commands/keybinding_creator.go,25,"func (self *KeybindingCreator) call(customCommand config.CustomCommand, handler func() error) ([]*types.Binding, error) {",pending,https://github.com/jesseduffield/lazygit/blob/c5f7158154602d23b0750d4304c73e2aead8df5b/pkg/gui/services/custom_commands/keybinding_creator.go#L25
pkg/gui/services/custom_commands/keybinding_creator.go,45,"func (self *KeybindingCreator) getViewNamesAndContexts(customCommand config.CustomCommand) ([]string, error) {",pending,https://github.com/jesseduffield/lazygit/blob/c5f7158154602d23b0750d4304c73e2aead8df5b/pkg/gui/services/custom_commands/keybinding_creator.go#L45
pkg/gui/services/custom_commands/keybinding_creator.go,68,"func (self *KeybindingCreator) contextForContextKey(contextKey types.ContextKey) (types.Context, bool) {",pending,https://github.com/jesseduffield/lazygit/blob/c5f7158154602d23b0750d4304c73e2aead8df5b/pkg/gui/services/custom_commands/keybinding_creator.go#L68
pkg/gui/services/custom_commands/keybinding_creator.go,78,func formatUnknownContextError(customCommand config.CustomCommand) error {,pending,https://github.com/jesseduffield/lazygit/blob/c5f7158154602d23b0750d4304c73e2aead8df5b/pkg/gui/services/custom_commands/keybinding_creator.go#L78
pkg/gui/services/custom_commands/keybinding_creator.go,86,func formatContextNotProvidedError(customCommand config.CustomCommand) error {,pending,https://github.com/jesseduffield/lazygit/blob/c5f7158154602d23b0750d4304c73e2aead8df5b/pkg/gui/services/custom_commands/keybinding_creator.go#L86
pkg/gui/services/custom_commands/menu_generator.go,21,func NewMenuGenerator(c *common.Common) *MenuGenerator {,pending,https://github.com/jesseduffield/lazygit/blob/c5f7158154602d23b0750d4304c73e2aead8df5b/pkg/gui/services/custom_commands/menu_generator.go#L21
pkg/gui/services/custom_commands/menu_generator.go,30,"func (self *MenuGenerator) call(commandOutput, filter, valueFormat, labelFormat string) ([]*commandMenuItem, error) {",pending,https://github.com/jesseduffield/lazygit/blob/c5f7158154602d23b0750d4304c73e2aead8df5b/pkg/gui/services/custom_commands/menu_generator.go#L30
pkg/gui/services/custom_commands/menu_generator.go,52,"func (self *MenuGenerator) getMenuItemFromLinefn(filter string, valueFormat string, labelFormat string) (func(line string) (*commandMenuItem, error), error) {",pending,https://github.com/jesseduffield/lazygit/blob/c5f7158154602d23b0750d4304c73e2aead8df5b/pkg/gui/services/custom_commands/menu_generator.go#L52
pkg/gui/services/custom_commands/menu_generator.go,93,func (self *MenuGenerator) generateMenuItem(,pending,https://github.com/jesseduffield/lazygit/blob/c5f7158154602d23b0750d4304c73e2aead8df5b/pkg/gui/services/custom_commands/menu_generator.go#L93
pkg/gui/services/custom_commands/menu_generator.go,117,"func (self *MenuGenerator) parseLine(line string, regex *regexp.Regexp) map[string]string {",pending,https://github.com/jesseduffield/lazygit/blob/c5f7158154602d23b0750d4304c73e2aead8df5b/pkg/gui/services/custom_commands/menu_generator.go#L117
pkg/gui/services/custom_commands/menu_generator.go,141,func NewTrimmerTemplate(template *template.Template) *TrimmerTemplate {,pending,https://github.com/jesseduffield/lazygit/blob/c5f7158154602d23b0750d4304c73e2aead8df5b/pkg/gui/services/custom_commands/menu_generator.go#L141
pkg/gui/services/custom_commands/menu_generator.go,148,"func (self *TrimmerTemplate) execute(tmplData map[string]string) (string, error) {",pending,https://github.com/jesseduffield/lazygit/blob/c5f7158154602d23b0750d4304c73e2aead8df5b/pkg/gui/services/custom_commands/menu_generator.go#L148
pkg/gui/services/custom_commands/resolver.go,13,func NewResolver(c *common.Common) *Resolver {,pending,https://github.com/jesseduffield/lazygit/blob/c5f7158154602d23b0750d4304c73e2aead8df5b/pkg/gui/services/custom_commands/resolver.go#L13
pkg/gui/services/custom_commands/resolver.go,17,func (self *Resolver) resolvePrompt(,pending,https://github.com/jesseduffield/lazygit/blob/c5f7158154602d23b0750d4304c73e2aead8df5b/pkg/gui/services/custom_commands/resolver.go#L17
pkg/gui/services/custom_commands/resolver.go,72,"func (self *Resolver) resolveMenuOptions(prompt *config.CustomCommandPrompt, resolveTemplate func(string) (string, error)) ([]config.CustomCommandMenuOption, error) {",pending,https://github.com/jesseduffield/lazygit/blob/c5f7158154602d23b0750d4304c73e2aead8df5b/pkg/gui/services/custom_commands/resolver.go#L72
pkg/gui/services/custom_commands/resolver.go,85,"func (self *Resolver) resolveMenuOption(option *config.CustomCommandMenuOption, resolveTemplate func(string) (string, error)) (*config.CustomCommandMenuOption, error) {",pending,https://github.com/jesseduffield/lazygit/blob/c5f7158154602d23b0750d4304c73e2aead8df5b/pkg/gui/services/custom_commands/resolver.go#L85
pkg/gui/services/custom_commands/session_state_loader.go,16,"func NewSessionStateLoader(c *helpers.HelperCommon, refsHelper *helpers.RefsHelper) *SessionStateLoader {",pending,https://github.com/jesseduffield/lazygit/blob/c5f7158154602d23b0750d4304c73e2aead8df5b/pkg/gui/services/custom_commands/session_state_loader.go#L16
pkg/gui/services/custom_commands/session_state_loader.go,23,func commitShimFromModelCommit(commit *models.Commit) *Commit {,pending,https://github.com/jesseduffield/lazygit/blob/c5f7158154602d23b0750d4304c73e2aead8df5b/pkg/gui/services/custom_commands/session_state_loader.go#L23
pkg/gui/services/custom_commands/session_state_loader.go,44,func fileShimFromModelFile(file *models.File) *File {,pending,https://github.com/jesseduffield/lazygit/blob/c5f7158154602d23b0750d4304c73e2aead8df5b/pkg/gui/services/custom_commands/session_state_loader.go#L44
pkg/gui/services/custom_commands/session_state_loader.go,65,func submoduleShimFromModelSubmodule(submodule *models.SubmoduleConfig) *Submodule {,pending,https://github.com/jesseduffield/lazygit/blob/c5f7158154602d23b0750d4304c73e2aead8df5b/pkg/gui/services/custom_commands/session_state_loader.go#L65
pkg/gui/services/custom_commands/session_state_loader.go,77,func branchShimFromModelBranch(branch *models.Branch) *Branch {,pending,https://github.com/jesseduffield/lazygit/blob/c5f7158154602d23b0750d4304c73e2aead8df5b/pkg/gui/services/custom_commands/session_state_loader.go#L77
pkg/gui/services/custom_commands/session_state_loader.go,102,func remoteBranchShimFromModelRemoteBranch(remoteBranch *models.RemoteBranch) *RemoteBranch {,pending,https://github.com/jesseduffield/lazygit/blob/c5f7158154602d23b0750d4304c73e2aead8df5b/pkg/gui/services/custom_commands/session_state_loader.go#L102
pkg/gui/services/custom_commands/session_state_loader.go,113,func remoteShimFromModelRemote(remote *models.Remote) *Remote {,pending,https://github.com/jesseduffield/lazygit/blob/c5f7158154602d23b0750d4304c73e2aead8df5b/pkg/gui/services/custom_commands/session_state_loader.go#L113
pkg/gui/services/custom_commands/session_state_loader.go,128,func tagShimFromModelRemote(tag *models.Tag) *Tag {,pending,https://github.com/jesseduffield/lazygit/blob/c5f7158154602d23b0750d4304c73e2aead8df5b/pkg/gui/services/custom_commands/session_state_loader.go#L128
pkg/gui/services/custom_commands/session_state_loader.go,139,func stashEntryShimFromModelRemote(stashEntry *models.StashEntry) *StashEntry {,pending,https://github.com/jesseduffield/lazygit/blob/c5f7158154602d23b0750d4304c73e2aead8df5b/pkg/gui/services/custom_commands/session_state_loader.go#L139
pkg/gui/services/custom_commands/session_state_loader.go,151,func commitFileShimFromModelRemote(commitFile *models.CommitFile) *CommitFile {,pending,https://github.com/jesseduffield/lazygit/blob/c5f7158154602d23b0750d4304c73e2aead8df5b/pkg/gui/services/custom_commands/session_state_loader.go#L151
pkg/gui/services/custom_commands/session_state_loader.go,162,func worktreeShimFromModelRemote(worktree *models.Worktree) *Worktree {,pending,https://github.com/jesseduffield/lazygit/blob/c5f7158154602d23b0750d4304c73e2aead8df5b/pkg/gui/services/custom_commands/session_state_loader.go#L162
pkg/gui/services/custom_commands/session_state_loader.go,183,"func makeCommitRange(commits []*models.Commit, _ int, _ int) *CommitRange {",pending,https://github.com/jesseduffield/lazygit/blob/c5f7158154602d23b0750d4304c73e2aead8df5b/pkg/gui/services/custom_commands/session_state_loader.go#L183
pkg/gui/services/custom_commands/session_state_loader.go,215,func (self *SessionStateLoader) call() *SessionState {,pending,https://github.com/jesseduffield/lazygit/blob/c5f7158154602d23b0750d4304c73e2aead8df5b/pkg/gui/services/custom_commands/session_state_loader.go#L215
pkg/commands/git_commands/ahead_behind.go,29,func parseAheadBehindForEachRefOutput(,pending,https://github.com/jesseduffield/lazygit/blob/c5f7158154602d23b0750d4304c73e2aead8df5b/pkg/commands/git_commands/ahead_behind.go#L29
pkg/commands/git_commands/ahead_behind.go,56,func parseAheadBehindField(s string) aheadBehind {,pending,https://github.com/jesseduffield/lazygit/blob/c5f7158154602d23b0750d4304c73e2aead8df5b/pkg/commands/git_commands/ahead_behind.go#L56
pkg/commands/git_commands/ahead_behind.go,73,func selectBehindForBranch(aheadBehinds []aheadBehind) int {,pending,https://github.com/jesseduffield/lazygit/blob/c5f7158154602d23b0750d4304c73e2aead8df5b/pkg/commands/git_commands/ahead_behind.go#L73
pkg/commands/git_commands/ahead_behind.go,91,"func buildAheadBehindForEachRefArgs(bases []string, refPatterns []string) []string {",pending,https://github.com/jesseduffield/lazygit/blob/c5f7158154602d23b0750d4304c73e2aead8df5b/pkg/commands/git_commands/ahead_behind.go#L91
pkg/commands/git_commands/bisect.go,13,func NewBisectCommands(gitCommon *GitCommon) *BisectCommands {,pending,https://github.com/jesseduffield/lazygit/blob/c5f7158154602d23b0750d4304c73e2aead8df5b/pkg/commands/git_commands/bisect.go#L13
pkg/commands/git_commands/bisect.go,21,func (self *BisectCommands) GetInfo() *BisectInfo {,pending,https://github.com/jesseduffield/lazygit/blob/c5f7158154602d23b0750d4304c73e2aead8df5b/pkg/commands/git_commands/bisect.go#L21
pkg/commands/git_commands/bisect.go,25,func (self *BisectCommands) GetInfoForGitDir(gitDir string) *BisectInfo {,pending,https://github.com/jesseduffield/lazygit/blob/c5f7158154602d23b0750d4304c73e2aead8df5b/pkg/commands/git_commands/bisect.go#L25
pkg/commands/git_commands/bisect.go,103,func (self *BisectCommands) Reset() error {,pending,https://github.com/jesseduffield/lazygit/blob/c5f7158154602d23b0750d4304c73e2aead8df5b/pkg/commands/git_commands/bisect.go#L103
pkg/commands/git_commands/bisect.go,109,"func (self *BisectCommands) Mark(ref string, term string) error {",pending,https://github.com/jesseduffield/lazygit/blob/c5f7158154602d23b0750d4304c73e2aead8df5b/pkg/commands/git_commands/bisect.go#L109
pkg/commands/git_commands/bisect.go,118,func (self *BisectCommands) Skip(ref string) error {,pending,https://github.com/jesseduffield/lazygit/blob/c5f7158154602d23b0750d4304c73e2aead8df5b/pkg/commands/git_commands/bisect.go#L118
pkg/commands/git_commands/bisect.go,122,func (self *BisectCommands) Start() error {,pending,https://github.com/jesseduffield/lazygit/blob/c5f7158154602d23b0750d4304c73e2aead8df5b/pkg/commands/git_commands/bisect.go#L122
pkg/commands/git_commands/bisect.go,128,"func (self *BisectCommands) StartWithTerms(oldTerm string, newTerm string) error {",pending,https://github.com/jesseduffield/lazygit/blob/c5f7158154602d23b0750d4304c73e2aead8df5b/pkg/commands/git_commands/bisect.go#L128
pkg/commands/git_commands/bisect.go,140,"func (self *BisectCommands) IsDone() (bool, []string, error) {",pending,https://github.com/jesseduffield/lazygit/blob/c5f7158154602d23b0750d4304c73e2aead8df5b/pkg/commands/git_commands/bisect.go#L140
pkg/commands/git_commands/bisect.go,186,func (self *BisectCommands) ReachableFromStart(bisectInfo *BisectInfo) bool {,pending,https://github.com/jesseduffield/lazygit/blob/c5f7158154602d23b0750d4304c73e2aead8df5b/pkg/commands/git_commands/bisect.go#L186
pkg/commands/git_commands/bisect_info.go,48,func NewNullBisectInfo() *BisectInfo {,pending,https://github.com/jesseduffield/lazygit/blob/c5f7158154602d23b0750d4304c73e2aead8df5b/pkg/commands/git_commands/bisect_info.go#L48
pkg/commands/git_commands/bisect_info.go,52,func (self *BisectInfo) GetNewHash() string {,pending,https://github.com/jesseduffield/lazygit/blob/c5f7158154602d23b0750d4304c73e2aead8df5b/pkg/commands/git_commands/bisect_info.go#L52
pkg/commands/git_commands/bisect_info.go,62,func (self *BisectInfo) GetCurrentHash() string {,pending,https://github.com/jesseduffield/lazygit/blob/c5f7158154602d23b0750d4304c73e2aead8df5b/pkg/commands/git_commands/bisect_info.go#L62
pkg/commands/git_commands/bisect_info.go,66,func (self *BisectInfo) GetStartHash() string {,pending,https://github.com/jesseduffield/lazygit/blob/c5f7158154602d23b0750d4304c73e2aead8df5b/pkg/commands/git_commands/bisect_info.go#L66
pkg/commands/git_commands/bisect_info.go,70,"func (self *BisectInfo) Status(commitHash string) (BisectStatus, bool) {",pending,https://github.com/jesseduffield/lazygit/blob/c5f7158154602d23b0750d4304c73e2aead8df5b/pkg/commands/git_commands/bisect_info.go#L70
pkg/commands/git_commands/bisect_info.go,75,func (self *BisectInfo) NewTerm() string {,pending,https://github.com/jesseduffield/lazygit/blob/c5f7158154602d23b0750d4304c73e2aead8df5b/pkg/commands/git_commands/bisect_info.go#L75
pkg/commands/git_commands/bisect_info.go,79,func (self *BisectInfo) OldTerm() string {,pending,https://github.com/jesseduffield/lazygit/blob/c5f7158154602d23b0750d4304c73e2aead8df5b/pkg/commands/git_commands/bisect_info.go#L79
pkg/commands/git_commands/bisect_info.go,85,func (self *BisectInfo) Started() bool {,pending,https://github.com/jesseduffield/lazygit/blob/c5f7158154602d23b0750d4304c73e2aead8df5b/pkg/commands/git_commands/bisect_info.go#L85
pkg/commands/git_commands/bisect_info.go,91,func (self *BisectInfo) Bisecting() bool {,pending,https://github.com/jesseduffield/lazygit/blob/c5f7158154602d23b0750d4304c73e2aead8df5b/pkg/commands/git_commands/bisect_info.go#L91
pkg/commands/git_commands/blame.go,11,func NewBlameCommands(gitCommon *GitCommon) *BlameCommands {,pending,https://github.com/jesseduffield/lazygit/blob/c5f7158154602d23b0750d4304c73e2aead8df5b/pkg/commands/git_commands/blame.go#L11
pkg/commands/git_commands/blame.go,24,"func (self *BlameCommands) BlameLineRange(filename string, commit string, firstLine int, numLines int) (string, error) {",pending,https://github.com/jesseduffield/lazygit/blob/c5f7158154602d23b0750d4304c73e2aead8df5b/pkg/commands/git_commands/blame.go#L24
pkg/commands/git_commands/branch.go,19,func NewBranchCommands(gitCommon *GitCommon) *BranchCommands {,pending,https://github.com/jesseduffield/lazygit/blob/c5f7158154602d23b0750d4304c73e2aead8df5b/pkg/commands/git_commands/branch.go#L19
pkg/commands/git_commands/branch.go,26,"func (self *BranchCommands) New(name string, base string) error {",pending,https://github.com/jesseduffield/lazygit/blob/c5f7158154602d23b0750d4304c73e2aead8df5b/pkg/commands/git_commands/branch.go#L26
pkg/commands/git_commands/branch.go,34,"func (self *BranchCommands) NewWithoutTracking(name string, base string) error {",pending,https://github.com/jesseduffield/lazygit/blob/c5f7158154602d23b0750d4304c73e2aead8df5b/pkg/commands/git_commands/branch.go#L34
pkg/commands/git_commands/branch.go,44,"func (self *BranchCommands) NewWithoutCheckout(name string, base string) error {",pending,https://github.com/jesseduffield/lazygit/blob/c5f7158154602d23b0750d4304c73e2aead8df5b/pkg/commands/git_commands/branch.go#L44
pkg/commands/git_commands/branch.go,54,"func (self *BranchCommands) CreateWithUpstream(name string, upstream string) error {",pending,https://github.com/jesseduffield/lazygit/blob/c5f7158154602d23b0750d4304c73e2aead8df5b/pkg/commands/git_commands/branch.go#L54
pkg/commands/git_commands/branch.go,64,"func (self *BranchCommands) CurrentBranchInfo() (BranchInfo, error) {",pending,https://github.com/jesseduffield/lazygit/blob/c5f7158154602d23b0750d4304c73e2aead8df5b/pkg/commands/git_commands/branch.go#L64
pkg/commands/git_commands/branch.go,106,"func (self *BranchCommands) CurrentBranchName() (string, error) {",pending,https://github.com/jesseduffield/lazygit/blob/c5f7158154602d23b0750d4304c73e2aead8df5b/pkg/commands/git_commands/branch.go#L106
pkg/commands/git_commands/branch.go,121,"func (self *BranchCommands) PreviousRef() (string, error) {",pending,https://github.com/jesseduffield/lazygit/blob/c5f7158154602d23b0750d4304c73e2aead8df5b/pkg/commands/git_commands/branch.go#L121
pkg/commands/git_commands/branch.go,136,"func (self *BranchCommands) LocalDelete(branches []string, force bool) error {",pending,https://github.com/jesseduffield/lazygit/blob/c5f7158154602d23b0750d4304c73e2aead8df5b/pkg/commands/git_commands/branch.go#L136
pkg/commands/git_commands/branch.go,151,"func (self *BranchCommands) Checkout(branch string, options CheckoutOptions) error {",pending,https://github.com/jesseduffield/lazygit/blob/c5f7158154602d23b0750d4304c73e2aead8df5b/pkg/commands/git_commands/branch.go#L151
pkg/commands/git_commands/branch.go,168,"func (self *BranchCommands) GetGraph(branchName string) (string, error) {",pending,https://github.com/jesseduffield/lazygit/blob/c5f7158154602d23b0750d4304c73e2aead8df5b/pkg/commands/git_commands/branch.go#L168
pkg/commands/git_commands/branch.go,172,func (self *BranchCommands) GetGraphCmdObj(branchName string) *oscommands.CmdObj {,pending,https://github.com/jesseduffield/lazygit/blob/c5f7158154602d23b0750d4304c73e2aead8df5b/pkg/commands/git_commands/branch.go#L172
pkg/commands/git_commands/branch.go,183,"func (self *BranchCommands) SetCurrentBranchUpstream(remoteName string, remoteBranchName string) error {",pending,https://github.com/jesseduffield/lazygit/blob/c5f7158154602d23b0750d4304c73e2aead8df5b/pkg/commands/git_commands/branch.go#L183
pkg/commands/git_commands/branch.go,191,"func (self *BranchCommands) SetUpstream(remoteName string, remoteBranchName string, branchName string) error {",pending,https://github.com/jesseduffield/lazygit/blob/c5f7158154602d23b0750d4304c73e2aead8df5b/pkg/commands/git_commands/branch.go#L191
pkg/commands/git_commands/branch.go,200,func (self *BranchCommands) UnsetUpstream(branchName string) error {,pending,https://github.com/jesseduffield/lazygit/blob/c5f7158154602d23b0750d4304c73e2aead8df5b/pkg/commands/git_commands/branch.go#L200
pkg/commands/git_commands/branch.go,207,"func (self *BranchCommands) GetCurrentBranchUpstreamDifferenceCount() (string, string) {",pending,https://github.com/jesseduffield/lazygit/blob/c5f7158154602d23b0750d4304c73e2aead8df5b/pkg/commands/git_commands/branch.go#L207
pkg/commands/git_commands/branch.go,211,"func (self *BranchCommands) GetUpstreamDifferenceCount(branchName string) (string, string) {",pending,https://github.com/jesseduffield/lazygit/blob/c5f7158154602d23b0750d4304c73e2aead8df5b/pkg/commands/git_commands/branch.go#L211
pkg/commands/git_commands/branch.go,217,"func (self *BranchCommands) GetCommitDifferences(from, to string) (string, string) {",pending,https://github.com/jesseduffield/lazygit/blob/c5f7158154602d23b0750d4304c73e2aead8df5b/pkg/commands/git_commands/branch.go#L217
pkg/commands/git_commands/branch.go,229,"func (self *BranchCommands) countDifferences(from, to string) (string, error) {",pending,https://github.com/jesseduffield/lazygit/blob/c5f7158154602d23b0750d4304c73e2aead8df5b/pkg/commands/git_commands/branch.go#L229
pkg/commands/git_commands/branch.go,238,func (self *BranchCommands) IsHeadDetached() bool {,pending,https://github.com/jesseduffield/lazygit/blob/c5f7158154602d23b0750d4304c73e2aead8df5b/pkg/commands/git_commands/branch.go#L238
pkg/commands/git_commands/branch.go,245,"func (self *BranchCommands) Rename(oldName string, newName string) error {",pending,https://github.com/jesseduffield/lazygit/blob/c5f7158154602d23b0750d4304c73e2aead8df5b/pkg/commands/git_commands/branch.go#L245
pkg/commands/git_commands/branch.go,262,"func (self *BranchCommands) Merge(branchName string, variant MergeVariant) error {",pending,https://github.com/jesseduffield/lazygit/blob/c5f7158154602d23b0750d4304c73e2aead8df5b/pkg/commands/git_commands/branch.go#L262
pkg/commands/git_commands/branch.go,291,"func (self *BranchCommands) FastForwardMerge(refName string, worktreeGitDir string, worktreePath string) error {",pending,https://github.com/jesseduffield/lazygit/blob/c5f7158154602d23b0750d4304c73e2aead8df5b/pkg/commands/git_commands/branch.go#L291
pkg/commands/git_commands/branch.go,304,"func (self *BranchCommands) IsAncestor(ancestorRefName string, refName string) bool {",pending,https://github.com/jesseduffield/lazygit/blob/c5f7158154602d23b0750d4304c73e2aead8df5b/pkg/commands/git_commands/branch.go#L304
pkg/commands/git_commands/branch.go,314,func (self *BranchCommands) allBranchesLogCandidates() []string {,pending,https://github.com/jesseduffield/lazygit/blob/c5f7158154602d23b0750d4304c73e2aead8df5b/pkg/commands/git_commands/branch.go#L314
pkg/commands/git_commands/branch.go,318,func (self *BranchCommands) AllBranchesLogCmdObj() *oscommands.CmdObj {,pending,https://github.com/jesseduffield/lazygit/blob/c5f7158154602d23b0750d4304c73e2aead8df5b/pkg/commands/git_commands/branch.go#L318
pkg/commands/git_commands/branch.go,329,func (self *BranchCommands) RotateAllBranchesLogIdx() {,pending,https://github.com/jesseduffield/lazygit/blob/c5f7158154602d23b0750d4304c73e2aead8df5b/pkg/commands/git_commands/branch.go#L329
pkg/commands/git_commands/branch.go,335,func (self *BranchCommands) RotateAllBranchesLogIdxBackward() {,pending,https://github.com/jesseduffield/lazygit/blob/c5f7158154602d23b0750d4304c73e2aead8df5b/pkg/commands/git_commands/branch.go#L335
pkg/commands/git_commands/branch.go,341,"func (self *BranchCommands) GetAllBranchesLogIdxAndCount() (int, int) {",pending,https://github.com/jesseduffield/lazygit/blob/c5f7158154602d23b0750d4304c73e2aead8df5b/pkg/commands/git_commands/branch.go#L341
pkg/commands/git_commands/branch.go,347,"func (self *BranchCommands) IsBranchMerged(branch *models.Branch, mainBranches *MainBranches) (bool, error) {",pending,https://github.com/jesseduffield/lazygit/blob/c5f7158154602d23b0750d4304c73e2aead8df5b/pkg/commands/git_commands/branch.go#L347
pkg/commands/git_commands/branch.go,381,"func (self *BranchCommands) HasLocalOnlyCommits(branch *models.Branch) (bool, error) {",pending,https://github.com/jesseduffield/lazygit/blob/c5f7158154602d23b0750d4304c73e2aead8df5b/pkg/commands/git_commands/branch.go#L381
pkg/commands/git_commands/branch.go,412,func (self *BranchCommands) previousUpstreamValues(upstreamRef string) []string {,pending,https://github.com/jesseduffield/lazygit/blob/c5f7158154602d23b0750d4304c73e2aead8df5b/pkg/commands/git_commands/branch.go#L412
pkg/commands/git_commands/branch.go,446,"func (self *BranchCommands) UpdateBranchRefs(updateCommands string, reflogMessage string) error {",pending,https://github.com/jesseduffield/lazygit/blob/c5f7158154602d23b0750d4304c73e2aead8df5b/pkg/commands/git_commands/branch.go#L446
pkg/commands/git_commands/branch_loader.go,51,func NewBranchLoader(,pending,https://github.com/jesseduffield/lazygit/blob/c5f7158154602d23b0750d4304c73e2aead8df5b/pkg/commands/git_commands/branch_loader.go#L51
pkg/commands/git_commands/branch_loader.go,70,"func (self *BranchLoader) Load(reflogCommits []*models.Commit,",pending,https://github.com/jesseduffield/lazygit/blob/c5f7158154602d23b0750d4304c73e2aead8df5b/pkg/commands/git_commands/branch_loader.go#L70
pkg/commands/git_commands/branch_loader.go,170,"func (self *BranchLoader) checkForRewrittenUpstreams(branches []*models.Branch, renderFunc func()) error {",pending,https://github.com/jesseduffield/lazygit/blob/c5f7158154602d23b0750d4304c73e2aead8df5b/pkg/commands/git_commands/branch_loader.go#L170
pkg/commands/git_commands/branch_loader.go,198,func (self *BranchLoader) GetBehindBaseBranchValuesForAllBranches(,pending,https://github.com/jesseduffield/lazygit/blob/c5f7158154602d23b0750d4304c73e2aead8df5b/pkg/commands/git_commands/branch_loader.go#L198
pkg/commands/git_commands/branch_loader.go,214,func (self *BranchLoader) getBehindBaseBranchValuesLegacy(,pending,https://github.com/jesseduffield/lazygit/blob/c5f7158154602d23b0750d4304c73e2aead8df5b/pkg/commands/git_commands/branch_loader.go#L214
pkg/commands/git_commands/branch_loader.go,259,func (self *BranchLoader) getBehindBaseBranchValuesFast(,pending,https://github.com/jesseduffield/lazygit/blob/c5f7158154602d23b0750d4304c73e2aead8df5b/pkg/commands/git_commands/branch_loader.go#L259
pkg/commands/git_commands/branch_loader.go,302,"func (self *BranchLoader) GetBaseBranch(branch *models.Branch, mainBranches *MainBranches) (string, error) {",pending,https://github.com/jesseduffield/lazygit/blob/c5f7158154602d23b0750d4304c73e2aead8df5b/pkg/commands/git_commands/branch_loader.go#L302
pkg/commands/git_commands/branch_loader.go,329,"func (self *BranchLoader) obtainBranches() ([]*models.Branch, map[string]refTip) {",pending,https://github.com/jesseduffield/lazygit/blob/c5f7158154602d23b0750d4304c73e2aead8df5b/pkg/commands/git_commands/branch_loader.go#L329
pkg/commands/git_commands/branch_loader.go,361,"func (self *BranchLoader) getRawBranches() (string, error) {",pending,https://github.com/jesseduffield/lazygit/blob/c5f7158154602d23b0750d4304c73e2aead8df5b/pkg/commands/git_commands/branch_loader.go#L361
pkg/commands/git_commands/branch_loader.go,401,"func obtainBranch(split []string, storeCommitDateAsRecency bool) (*models.Branch, refTip) {",pending,https://github.com/jesseduffield/lazygit/blob/c5f7158154602d23b0750d4304c73e2aead8df5b/pkg/commands/git_commands/branch_loader.go#L401
pkg/commands/git_commands/branch_loader.go,442,"func parseUpstreamInfo(upstreamName string, track string) (string, string, bool) {",pending,https://github.com/jesseduffield/lazygit/blob/c5f7158154602d23b0750d4304c73e2aead8df5b/pkg/commands/git_commands/branch_loader.go#L442
pkg/commands/git_commands/branch_loader.go,464,"func parsePushDestination(pushRef string) (string, string) {",pending,https://github.com/jesseduffield/lazygit/blob/c5f7158154602d23b0750d4304c73e2aead8df5b/pkg/commands/git_commands/branch_loader.go#L464
pkg/commands/git_commands/branch_loader.go,479,"func parseDifference(track string, regexStr string) string {",pending,https://github.com/jesseduffield/lazygit/blob/c5f7158154602d23b0750d4304c73e2aead8df5b/pkg/commands/git_commands/branch_loader.go#L479
pkg/commands/git_commands/branch_loader.go,490,func (self *BranchLoader) obtainReflogBranches(reflogCommits []*models.Commit) []*models.Branch {,pending,https://github.com/jesseduffield/lazygit/blob/c5f7158154602d23b0750d4304c73e2aead8df5b/pkg/commands/git_commands/branch_loader.go#L490
pkg/commands/git_commands/commit.go,17,func NewCommitCommands(gitCommon *GitCommon) *CommitCommands {,pending,https://github.com/jesseduffield/lazygit/blob/c5f7158154602d23b0750d4304c73e2aead8df5b/pkg/commands/git_commands/commit.go#L17
pkg/commands/git_commands/commit.go,24,func (self *CommitCommands) ResetAuthor() error {,pending,https://github.com/jesseduffield/lazygit/blob/c5f7158154602d23b0750d4304c73e2aead8df5b/pkg/commands/git_commands/commit.go#L24
pkg/commands/git_commands/commit.go,33,func (self *CommitCommands) SetAuthor(value string) error {,pending,https://github.com/jesseduffield/lazygit/blob/c5f7158154602d23b0750d4304c73e2aead8df5b/pkg/commands/git_commands/commit.go#L33
pkg/commands/git_commands/commit.go,42,"func (self *CommitCommands) AddCoAuthor(hash string, author string) error {",pending,https://github.com/jesseduffield/lazygit/blob/c5f7158154602d23b0750d4304c73e2aead8df5b/pkg/commands/git_commands/commit.go#L42
pkg/commands/git_commands/commit.go,57,"func AddCoAuthorToMessage(message string, author string) string {",pending,https://github.com/jesseduffield/lazygit/blob/c5f7158154602d23b0750d4304c73e2aead8df5b/pkg/commands/git_commands/commit.go#L57
pkg/commands/git_commands/commit.go,63,"func AddCoAuthorToDescription(description string, author string) string {",pending,https://github.com/jesseduffield/lazygit/blob/c5f7158154602d23b0750d4304c73e2aead8df5b/pkg/commands/git_commands/commit.go#L63
pkg/commands/git_commands/commit.go,78,"func (self *CommitCommands) ResetToCommit(hash string, strength string, envVars []string) error {",pending,https://github.com/jesseduffield/lazygit/blob/c5f7158154602d23b0750d4304c73e2aead8df5b/pkg/commands/git_commands/commit.go#L78
pkg/commands/git_commands/commit.go,89,"func (self *CommitCommands) CommitCmdObj(summary string, description string, forceSkipHooks bool) *oscommands.CmdObj {",pending,https://github.com/jesseduffield/lazygit/blob/c5f7158154602d23b0750d4304c73e2aead8df5b/pkg/commands/git_commands/commit.go#L89
pkg/commands/git_commands/commit.go,101,func (self *CommitCommands) RewordLastCommitInEditorCmdObj() *oscommands.CmdObj {,pending,https://github.com/jesseduffield/lazygit/blob/c5f7158154602d23b0750d4304c73e2aead8df5b/pkg/commands/git_commands/commit.go#L101
pkg/commands/git_commands/commit.go,105,func (self *CommitCommands) RewordLastCommitInEditorWithMessageFileCmdObj(tmpMessageFile string) *oscommands.CmdObj {,pending,https://github.com/jesseduffield/lazygit/blob/c5f7158154602d23b0750d4304c73e2aead8df5b/pkg/commands/git_commands/commit.go#L105
pkg/commands/git_commands/commit.go,110,"func (self *CommitCommands) CommitInEditorWithMessageFileCmdObj(tmpMessageFile string, forceSkipHooks bool) *oscommands.CmdObj {",pending,https://github.com/jesseduffield/lazygit/blob/c5f7158154602d23b0750d4304c73e2aead8df5b/pkg/commands/git_commands/commit.go#L110
pkg/commands/git_commands/commit.go,120,"func (self *CommitCommands) RewordLastCommit(summary string, description string) *oscommands.CmdObj {",pending,https://github.com/jesseduffield/lazygit/blob/c5f7158154602d23b0750d4304c73e2aead8df5b/pkg/commands/git_commands/commit.go#L120
pkg/commands/git_commands/commit.go,131,"func (self *CommitCommands) commitMessageArgs(summary string, description string) []string {",pending,https://github.com/jesseduffield/lazygit/blob/c5f7158154602d23b0750d4304c73e2aead8df5b/pkg/commands/git_commands/commit.go#L131
pkg/commands/git_commands/commit.go,142,func (self *CommitCommands) CommitEditorCmdObj() *oscommands.CmdObj {,pending,https://github.com/jesseduffield/lazygit/blob/c5f7158154602d23b0750d4304c73e2aead8df5b/pkg/commands/git_commands/commit.go#L142
pkg/commands/git_commands/commit.go,150,func (self *CommitCommands) signoffFlag() string {,pending,https://github.com/jesseduffield/lazygit/blob/c5f7158154602d23b0750d4304c73e2aead8df5b/pkg/commands/git_commands/commit.go#L150
pkg/commands/git_commands/commit.go,157,"func (self *CommitCommands) GetCommitMessage(commitHash string) (string, error) {",pending,https://github.com/jesseduffield/lazygit/blob/c5f7158154602d23b0750d4304c73e2aead8df5b/pkg/commands/git_commands/commit.go#L157
pkg/commands/git_commands/commit.go,167,"func (self *CommitCommands) GetCommitSubject(commitHash string) (string, error) {",pending,https://github.com/jesseduffield/lazygit/blob/c5f7158154602d23b0750d4304c73e2aead8df5b/pkg/commands/git_commands/commit.go#L167
pkg/commands/git_commands/commit.go,177,"func (self *CommitCommands) GetCommitDiff(commitHash string) (string, error) {",pending,https://github.com/jesseduffield/lazygit/blob/c5f7158154602d23b0750d4304c73e2aead8df5b/pkg/commands/git_commands/commit.go#L177
pkg/commands/git_commands/commit.go,189,"func (self *CommitCommands) GetCommitAuthor(commitHash string) (Author, error) {",pending,https://github.com/jesseduffield/lazygit/blob/c5f7158154602d23b0750d4304c73e2aead8df5b/pkg/commands/git_commands/commit.go#L189
pkg/commands/git_commands/commit.go,208,"func (self *CommitCommands) GetCommitMessageFirstLine(hash string) (string, error) {",pending,https://github.com/jesseduffield/lazygit/blob/c5f7158154602d23b0750d4304c73e2aead8df5b/pkg/commands/git_commands/commit.go#L208
pkg/commands/git_commands/commit.go,212,"func (self *CommitCommands) GetCommitMessagesFirstLine(hashes []string) (string, error) {",pending,https://github.com/jesseduffield/lazygit/blob/c5f7158154602d23b0750d4304c73e2aead8df5b/pkg/commands/git_commands/commit.go#L212
pkg/commands/git_commands/commit.go,221,"func (self *CommitCommands) GetCommitsOneline(hashes []string) (string, error) {",pending,https://github.com/jesseduffield/lazygit/blob/c5f7158154602d23b0750d4304c73e2aead8df5b/pkg/commands/git_commands/commit.go#L221
pkg/commands/git_commands/commit.go,231,func (self *CommitCommands) AmendHead() error {,pending,https://github.com/jesseduffield/lazygit/blob/c5f7158154602d23b0750d4304c73e2aead8df5b/pkg/commands/git_commands/commit.go#L231
pkg/commands/git_commands/commit.go,235,func (self *CommitCommands) AmendHeadCmdObj() *oscommands.CmdObj {,pending,https://github.com/jesseduffield/lazygit/blob/c5f7158154602d23b0750d4304c73e2aead8df5b/pkg/commands/git_commands/commit.go#L235
pkg/commands/git_commands/commit.go,243,"func (self *CommitCommands) ShowCmdObj(hash string, filterPaths []string, mode DiffMode) *oscommands.CmdObj {",pending,https://github.com/jesseduffield/lazygit/blob/c5f7158154602d23b0750d4304c73e2aead8df5b/pkg/commands/git_commands/commit.go#L243
pkg/commands/git_commands/commit.go,261,"func (self *CommitCommands) ShowFileContentCmdObj(hash string, filePath string) *oscommands.CmdObj {",pending,https://github.com/jesseduffield/lazygit/blob/c5f7158154602d23b0750d4304c73e2aead8df5b/pkg/commands/git_commands/commit.go#L261
pkg/commands/git_commands/commit.go,272,"func (self *CommitCommands) Revert(hashes []string, isMerge bool) error {",pending,https://github.com/jesseduffield/lazygit/blob/c5f7158154602d23b0750d4304c73e2aead8df5b/pkg/commands/git_commands/commit.go#L272
pkg/commands/git_commands/commit.go,282,func (self *CommitCommands) CreateFixupCommit(hash string) error {,pending,https://github.com/jesseduffield/lazygit/blob/c5f7158154602d23b0750d4304c73e2aead8df5b/pkg/commands/git_commands/commit.go#L282
pkg/commands/git_commands/commit.go,289,"func (self *CommitCommands) CreateAmendCommit(originalSubject, newSubject, newDescription string, includeFileChanges bool) error {",pending,https://github.com/jesseduffield/lazygit/blob/c5f7158154602d23b0750d4304c73e2aead8df5b/pkg/commands/git_commands/commit.go#L289
pkg/commands/git_commands/commit.go,304,"func (self *CommitCommands) GetCommitMessageFromHistory(value int) (string, error) {",pending,https://github.com/jesseduffield/lazygit/blob/c5f7158154602d23b0750d4304c73e2aead8df5b/pkg/commands/git_commands/commit.go#L304
pkg/commands/git_commands/commit_file_loader.go,17,"func NewCommitFileLoader(common *common.Common, cmd oscommands.ICmdObjBuilder) *CommitFileLoader {",pending,https://github.com/jesseduffield/lazygit/blob/c5f7158154602d23b0750d4304c73e2aead8df5b/pkg/commands/git_commands/commit_file_loader.go#L17
pkg/commands/git_commands/commit_file_loader.go,25,"func (self *CommitFileLoader) GetFilesInDiff(from string, to string, reverse bool) ([]*models.CommitFile, error) {",pending,https://github.com/jesseduffield/lazygit/blob/c5f7158154602d23b0750d4304c73e2aead8df5b/pkg/commands/git_commands/commit_file_loader.go#L25
pkg/commands/git_commands/commit_file_loader.go,51,func getCommitFilesFromFilenames(filenames string) []*models.CommitFile {,pending,https://github.com/jesseduffield/lazygit/blob/c5f7158154602d23b0750d4304c73e2aead8df5b/pkg/commands/git_commands/commit_file_loader.go#L51
pkg/commands/git_commands/commit_loader.go,42,func NewCommitLoader(,pending,https://github.com/jesseduffield/lazygit/blob/c5f7158154602d23b0750d4304c73e2aead8df5b/pkg/commands/git_commands/commit_loader.go#L42
pkg/commands/git_commands/commit_loader.go,74,"func (self *CommitLoader) GetCommits(opts GetCommitsOptions) ([]*models.Commit, error) {",pending,https://github.com/jesseduffield/lazygit/blob/c5f7158154602d23b0750d4304c73e2aead8df5b/pkg/commands/git_commands/commit_loader.go#L74
pkg/commands/git_commands/commit_loader.go,155,"func (self *CommitLoader) MergeRebasingCommits(hashPool *utils.StringPool, commits []*models.Commit) ([]*models.Commit, error) {",pending,https://github.com/jesseduffield/lazygit/blob/c5f7158154602d23b0750d4304c73e2aead8df5b/pkg/commands/git_commands/commit_loader.go#L155
pkg/commands/git_commands/commit_loader.go,192,"func (self *CommitLoader) extractCommitFromLine(hashPool *utils.StringPool, line string, showDivergence bool) *models.Commit {",pending,https://github.com/jesseduffield/lazygit/blob/c5f7158154602d23b0750d4304c73e2aead8df5b/pkg/commands/git_commands/commit_loader.go#L192
pkg/commands/git_commands/commit_loader.go,254,"func (self *CommitLoader) getHydratedRebasingCommits(hashPool *utils.StringPool, existingCommits []*models.Commit, addConflictingCommit bool) ([]*models.Commit, error) {",pending,https://github.com/jesseduffield/lazygit/blob/c5f7158154602d23b0750d4304c73e2aead8df5b/pkg/commands/git_commands/commit_loader.go#L254
pkg/commands/git_commands/commit_loader.go,258,"func (self *CommitLoader) getHydratedSequencerCommits(hashPool *utils.StringPool, workingTreeState models.WorkingTreeState) ([]*models.Commit, error) {",pending,https://github.com/jesseduffield/lazygit/blob/c5f7158154602d23b0750d4304c73e2aead8df5b/pkg/commands/git_commands/commit_loader.go#L258
pkg/commands/git_commands/commit_loader.go,277,func (self *CommitLoader) getHydratedTodoCommits(,pending,https://github.com/jesseduffield/lazygit/blob/c5f7158154602d23b0750d4304c73e2aead8df5b/pkg/commands/git_commands/commit_loader.go#L277
pkg/commands/git_commands/commit_loader.go,358,"func (self *CommitLoader) getRebasingCommits(hashPool *utils.StringPool, addConflictingCommit bool) []*models.Commit {",pending,https://github.com/jesseduffield/lazygit/blob/c5f7158154602d23b0750d4304c73e2aead8df5b/pkg/commands/git_commands/commit_loader.go#L358
pkg/commands/git_commands/commit_loader.go,403,"func (self *CommitLoader) getConflictedCommit(hashPool *utils.StringPool, todos []todo.Todo) *models.Commit {",pending,https://github.com/jesseduffield/lazygit/blob/c5f7158154602d23b0750d4304c73e2aead8df5b/pkg/commands/git_commands/commit_loader.go#L403
pkg/commands/git_commands/commit_loader.go,422,"func (self *CommitLoader) getConflictedCommitImpl(hashPool *utils.StringPool, todos []todo.Todo, doneTodos []todo.Todo, amendFileExists bool, messageFileExists bool) *models.Commit {",pending,https://github.com/jesseduffield/lazygit/blob/c5f7158154602d23b0750d4304c73e2aead8df5b/pkg/commands/git_commands/commit_loader.go#L422
pkg/commands/git_commands/commit_loader.go,500,func (self *CommitLoader) getSequencerCommits(hashPool *utils.StringPool) []*models.Commit {,pending,https://github.com/jesseduffield/lazygit/blob/c5f7158154602d23b0750d4304c73e2aead8df5b/pkg/commands/git_commands/commit_loader.go#L500
pkg/commands/git_commands/commit_loader.go,532,"func (self *CommitLoader) getConflictedSequencerCommit(hashPool *utils.StringPool, workingTreeState models.WorkingTreeState) *models.Commit {",pending,https://github.com/jesseduffield/lazygit/blob/c5f7158154602d23b0750d4304c73e2aead8df5b/pkg/commands/git_commands/commit_loader.go#L532
pkg/commands/git_commands/commit_loader.go,561,"func setCommitStatuses(unpushedCommitHashes *set.Set[string], unmergedCommitHashes *set.Set[string], commits []*models.Commit) {",pending,https://github.com/jesseduffield/lazygit/blob/c5f7158154602d23b0750d4304c73e2aead8df5b/pkg/commands/git_commands/commit_loader.go#L561
pkg/commands/git_commands/commit_loader.go,579,"func (self *CommitLoader) getReachableHashes(refName string, notRefNames []string) *set.Set[string] {",pending,https://github.com/jesseduffield/lazygit/blob/c5f7158154602d23b0750d4304c73e2aead8df5b/pkg/commands/git_commands/commit_loader.go#L579
pkg/commands/git_commands/commit_loader.go,598,func (self *CommitLoader) getLogCmd(opts GetCommitsOptions) *oscommands.CmdObj {,pending,https://github.com/jesseduffield/lazygit/blob/c5f7158154602d23b0750d4304c73e2aead8df5b/pkg/commands/git_commands/commit_loader.go#L598
pkg/commands/git_commands/commit_loading_shared.go,11,func loadCommits(,pending,https://github.com/jesseduffield/lazygit/blob/c5f7158154602d23b0750d4304c73e2aead8df5b/pkg/commands/git_commands/commit_loading_shared.go#L11
pkg/commands/git_commands/common.go,19,func NewGitCommon(,pending,https://github.com/jesseduffield/lazygit/blob/c5f7158154602d23b0750d4304c73e2aead8df5b/pkg/commands/git_commands/common.go#L19
pkg/commands/git_commands/config.go,24,func NewConfigCommands(,pending,https://github.com/jesseduffield/lazygit/blob/c5f7158154602d23b0750d4304c73e2aead8df5b/pkg/commands/git_commands/config.go#L24
pkg/commands/git_commands/config.go,44,func (self *ConfigCommands) NeedsGpgSubprocess(key GpgConfigKey) bool {,pending,https://github.com/jesseduffield/lazygit/blob/c5f7158154602d23b0750d4304c73e2aead8df5b/pkg/commands/git_commands/config.go#L44
pkg/commands/git_commands/config.go,53,func (self *ConfigCommands) NeedsGpgSubprocessForCommit() bool {,pending,https://github.com/jesseduffield/lazygit/blob/c5f7158154602d23b0750d4304c73e2aead8df5b/pkg/commands/git_commands/config.go#L53
pkg/commands/git_commands/config.go,57,func (self *ConfigCommands) GetGpgTagSign() bool {,pending,https://github.com/jesseduffield/lazygit/blob/c5f7158154602d23b0750d4304c73e2aead8df5b/pkg/commands/git_commands/config.go#L57
pkg/commands/git_commands/config.go,61,func (self *ConfigCommands) GetCoreEditor() string {,pending,https://github.com/jesseduffield/lazygit/blob/c5f7158154602d23b0750d4304c73e2aead8df5b/pkg/commands/git_commands/config.go#L61
pkg/commands/git_commands/config.go,66,func (self *ConfigCommands) GetRemoteURL() string {,pending,https://github.com/jesseduffield/lazygit/blob/c5f7158154602d23b0750d4304c73e2aead8df5b/pkg/commands/git_commands/config.go#L66
pkg/commands/git_commands/config.go,70,func (self *ConfigCommands) GetShowUntrackedFiles() string {,pending,https://github.com/jesseduffield/lazygit/blob/c5f7158154602d23b0750d4304c73e2aead8df5b/pkg/commands/git_commands/config.go#L70
pkg/commands/git_commands/config.go,75,func (self *ConfigCommands) GetPushToCurrent() bool {,pending,https://github.com/jesseduffield/lazygit/blob/c5f7158154602d23b0750d4304c73e2aead8df5b/pkg/commands/git_commands/config.go#L75
pkg/commands/git_commands/config.go,80,func (self *ConfigCommands) Branches(cmd oscommands.ICmdObjBuilder) map[string]*BranchConfig {,pending,https://github.com/jesseduffield/lazygit/blob/c5f7158154602d23b0750d4304c73e2aead8df5b/pkg/commands/git_commands/config.go#L80
pkg/commands/git_commands/config.go,122,func (self *ConfigCommands) getGitFlowPrefixes() string {,pending,https://github.com/jesseduffield/lazygit/blob/c5f7158154602d23b0750d4304c73e2aead8df5b/pkg/commands/git_commands/config.go#L122
pkg/commands/git_commands/config.go,126,func (self *ConfigCommands) getGitFlowNextPrefixes() string {,pending,https://github.com/jesseduffield/lazygit/blob/c5f7158154602d23b0750d4304c73e2aead8df5b/pkg/commands/git_commands/config.go#L126
pkg/commands/git_commands/config.go,132,"func parseGitFlowLines(output string, re *regexp.Regexp, prefixToType map[string]string, overwrite bool) {",pending,https://github.com/jesseduffield/lazygit/blob/c5f7158154602d23b0750d4304c73e2aead8df5b/pkg/commands/git_commands/config.go#L132
pkg/commands/git_commands/config.go,154,"func parseGitFlowPrefixMap(legacyOutput, nextOutput string) map[string]string {",pending,https://github.com/jesseduffield/lazygit/blob/c5f7158154602d23b0750d4304c73e2aead8df5b/pkg/commands/git_commands/config.go#L154
pkg/commands/git_commands/config.go,163,func normalizeGitFlowPrefix(prefix string) string {,pending,https://github.com/jesseduffield/lazygit/blob/c5f7158154602d23b0750d4304c73e2aead8df5b/pkg/commands/git_commands/config.go#L163
pkg/commands/git_commands/config.go,174,func (self *ConfigCommands) GetGitFlowPrefixMap() map[string]string {,pending,https://github.com/jesseduffield/lazygit/blob/c5f7158154602d23b0750d4304c73e2aead8df5b/pkg/commands/git_commands/config.go#L174
pkg/commands/git_commands/config.go,178,func (self *ConfigCommands) GetCoreCommentChar() byte {,pending,https://github.com/jesseduffield/lazygit/blob/c5f7158154602d23b0750d4304c73e2aead8df5b/pkg/commands/git_commands/config.go#L178
pkg/commands/git_commands/config.go,186,func (self *ConfigCommands) GetRebaseUpdateRefs() bool {,pending,https://github.com/jesseduffield/lazygit/blob/c5f7158154602d23b0750d4304c73e2aead8df5b/pkg/commands/git_commands/config.go#L186
pkg/commands/git_commands/config.go,190,func (self *ConfigCommands) GetMergeFF() string {,pending,https://github.com/jesseduffield/lazygit/blob/c5f7158154602d23b0750d4304c73e2aead8df5b/pkg/commands/git_commands/config.go#L190
pkg/commands/git_commands/config.go,194,func (self *ConfigCommands) DropConfigCache() {,pending,https://github.com/jesseduffield/lazygit/blob/c5f7158154602d23b0750d4304c73e2aead8df5b/pkg/commands/git_commands/config.go#L194
pkg/commands/git_commands/custom.go,14,func NewCustomCommands(gitCommon *GitCommon) *CustomCommands {,pending,https://github.com/jesseduffield/lazygit/blob/c5f7158154602d23b0750d4304c73e2aead8df5b/pkg/commands/git_commands/custom.go#L14
pkg/commands/git_commands/custom.go,23,"func (self *CustomCommands) RunWithOutput(cmdStr string) (string, error) {",pending,https://github.com/jesseduffield/lazygit/blob/c5f7158154602d23b0750d4304c73e2aead8df5b/pkg/commands/git_commands/custom.go#L23
pkg/commands/git_commands/custom.go,28,"func (self *CustomCommands) TemplateFunctionRunCommand(cmdStr string) (string, error) {",pending,https://github.com/jesseduffield/lazygit/blob/c5f7158154602d23b0750d4304c73e2aead8df5b/pkg/commands/git_commands/custom.go#L28
pkg/commands/git_commands/diff.go,39,func (self *DiffCommands) ProbeDiffRendererEmitsMetadata() bool {,pending,https://github.com/jesseduffield/lazygit/blob/c5f7158154602d23b0750d4304c73e2aead8df5b/pkg/commands/git_commands/diff.go#L39
pkg/commands/git_commands/diff.go,70,func (self *DiffCommands) rawGitEmitsMetadata(rawGitArgs []string) bool {,pending,https://github.com/jesseduffield/lazygit/blob/c5f7158154602d23b0750d4304c73e2aead8df5b/pkg/commands/git_commands/diff.go#L70
pkg/commands/git_commands/diff.go,89,func (self *DiffCommands) externalDiffEmitsMetadata(externalDiffCommand string) bool {,pending,https://github.com/jesseduffield/lazygit/blob/c5f7158154602d23b0750d4304c73e2aead8df5b/pkg/commands/git_commands/diff.go#L89
pkg/commands/git_commands/diff.go,104,"func (self *DiffCommands) probeFiles() (string, string, func(), bool) {",pending,https://github.com/jesseduffield/lazygit/blob/c5f7158154602d23b0750d4304c73e2aead8df5b/pkg/commands/git_commands/diff.go#L104
pkg/commands/git_commands/diff.go,126,func (self *DiffCommands) probeEmitsMetadata(cmdObj *oscommands.CmdObj) bool {,pending,https://github.com/jesseduffield/lazygit/blob/c5f7158154602d23b0750d4304c73e2aead8df5b/pkg/commands/git_commands/diff.go#L126
pkg/commands/git_commands/diff.go,138,func NewDiffCommands(gitCommon *GitCommon) *DiffCommands {,pending,https://github.com/jesseduffield/lazygit/blob/c5f7158154602d23b0750d4304c73e2aead8df5b/pkg/commands/git_commands/diff.go#L138
pkg/commands/git_commands/diff.go,146,"func (self *DiffCommands) DiffCmdObj(diffArgs []string, mode DiffMode) *oscommands.CmdObj {",pending,https://github.com/jesseduffield/lazygit/blob/c5f7158154602d23b0750d4304c73e2aead8df5b/pkg/commands/git_commands/diff.go#L146
pkg/commands/git_commands/diff.go,167,"func (self *DiffCommands) CustomPatchDiffCmdObj(dir string, mode DiffMode) *oscommands.CmdObj {",pending,https://github.com/jesseduffield/lazygit/blob/c5f7158154602d23b0750d4304c73e2aead8df5b/pkg/commands/git_commands/diff.go#L167
pkg/commands/git_commands/diff.go,188,"func (self *DiffCommands) GetDiff(staged bool, additionalArgs ...string) (string, error) {",pending,https://github.com/jesseduffield/lazygit/blob/c5f7158154602d23b0750d4304c73e2aead8df5b/pkg/commands/git_commands/diff.go#L188
pkg/commands/git_commands/diff.go,226,func (self *DiffCommands) OpenDiffToolCmdObj(opts DiffToolCmdOptions) *oscommands.CmdObj {,pending,https://github.com/jesseduffield/lazygit/blob/c5f7158154602d23b0750d4304c73e2aead8df5b/pkg/commands/git_commands/diff.go#L226
pkg/commands/git_commands/diff.go,238,func (self *DiffCommands) DiffIndexCmdObj(diffArgs ...string) *oscommands.CmdObj {,pending,https://github.com/jesseduffield/lazygit/blob/c5f7158154602d23b0750d4304c73e2aead8df5b/pkg/commands/git_commands/diff.go#L238
pkg/commands/git_commands/diff_mode.go,26,func (self DiffMode) colorArg(diffRendererConfigManager *config.DiffRendererConfigManager) string {,pending,https://github.com/jesseduffield/lazygit/blob/c5f7158154602d23b0750d4304c73e2aead8df5b/pkg/commands/git_commands/diff_mode.go#L26
pkg/commands/git_commands/file.go,18,func NewFileCommands(gitCommon *GitCommon) *FileCommands {,pending,https://github.com/jesseduffield/lazygit/blob/c5f7158154602d23b0750d4304c73e2aead8df5b/pkg/commands/git_commands/file.go#L18
pkg/commands/git_commands/file.go,25,"func (self *FileCommands) Cat(fileName string) (string, error) {",pending,https://github.com/jesseduffield/lazygit/blob/c5f7158154602d23b0750d4304c73e2aead8df5b/pkg/commands/git_commands/file.go#L25
pkg/commands/git_commands/file.go,33,"func (self *FileCommands) GetEditCmdStr(filenames []string) (string, bool) {",pending,https://github.com/jesseduffield/lazygit/blob/c5f7158154602d23b0750d4304c73e2aead8df5b/pkg/commands/git_commands/file.go#L33
pkg/commands/git_commands/file.go,45,"func (self *FileCommands) GetEditAtLineCmdStr(filename string, lineNumber int) (string, bool) {",pending,https://github.com/jesseduffield/lazygit/blob/c5f7158154602d23b0750d4304c73e2aead8df5b/pkg/commands/git_commands/file.go#L45
pkg/commands/git_commands/file.go,57,"func (self *FileCommands) GetEditAtLineAndWaitCmdStr(filename string, lineNumber int) string {",pending,https://github.com/jesseduffield/lazygit/blob/c5f7158154602d23b0750d4304c73e2aead8df5b/pkg/commands/git_commands/file.go#L57
pkg/commands/git_commands/file.go,69,"func (self *FileCommands) GetOpenDirInEditorCmdStr(path string) (string, bool) {",pending,https://github.com/jesseduffield/lazygit/blob/c5f7158154602d23b0750d4304c73e2aead8df5b/pkg/commands/git_commands/file.go#L69
pkg/commands/git_commands/file.go,80,func (self *FileCommands) guessDefaultEditor() string {,pending,https://github.com/jesseduffield/lazygit/blob/c5f7158154602d23b0750d4304c73e2aead8df5b/pkg/commands/git_commands/file.go#L80
pkg/commands/git_commands/file_loader.go,24,"func NewFileLoader(gitCommon *GitCommon, cmd oscommands.ICmdObjBuilder, config FileLoaderConfig) *FileLoader {",pending,https://github.com/jesseduffield/lazygit/blob/c5f7158154602d23b0750d4304c73e2aead8df5b/pkg/commands/git_commands/file_loader.go#L24
pkg/commands/git_commands/file_loader.go,47,func (self *FileLoader) GetStatusFiles(opts GetStatusFileOptions) []*models.File {,pending,https://github.com/jesseduffield/lazygit/blob/c5f7158154602d23b0750d4304c73e2aead8df5b/pkg/commands/git_commands/file_loader.go#L47
pkg/commands/git_commands/file_loader.go,99,func (self *FileLoader) setConflictMarkerSizes(files []*models.File) {,pending,https://github.com/jesseduffield/lazygit/blob/c5f7158154602d23b0750d4304c73e2aead8df5b/pkg/commands/git_commands/file_loader.go#L99
pkg/commands/git_commands/file_loader.go,122,"func (self *FileLoader) getConflictMarkerSizes(paths []string) (map[string]int, error) {",pending,https://github.com/jesseduffield/lazygit/blob/c5f7158154602d23b0750d4304c73e2aead8df5b/pkg/commands/git_commands/file_loader.go#L122
pkg/commands/git_commands/file_loader.go,158,"func (self *FileLoader) getFileDiffs() (map[string]FileDiff, error) {",pending,https://github.com/jesseduffield/lazygit/blob/c5f7158154602d23b0750d4304c73e2aead8df5b/pkg/commands/git_commands/file_loader.go#L158
pkg/commands/git_commands/file_loader.go,206,"func (self *FileLoader) gitDiffNumStat() (string, error) {",pending,https://github.com/jesseduffield/lazygit/blob/c5f7158154602d23b0750d4304c73e2aead8df5b/pkg/commands/git_commands/file_loader.go#L206
pkg/commands/git_commands/file_loader.go,216,"func (self *FileLoader) gitStatus(opts GitStatusOptions) ([]FileStatus, error) {",pending,https://github.com/jesseduffield/lazygit/blob/c5f7158154602d23b0750d4304c73e2aead8df5b/pkg/commands/git_commands/file_loader.go#L216
pkg/commands/git_commands/flow.go,14,func NewFlowCommands(,pending,https://github.com/jesseduffield/lazygit/blob/c5f7158154602d23b0750d4304c73e2aead8df5b/pkg/commands/git_commands/flow.go#L14
pkg/commands/git_commands/flow.go,22,func (self *FlowCommands) GitFlowEnabled() bool {,pending,https://github.com/jesseduffield/lazygit/blob/c5f7158154602d23b0750d4304c73e2aead8df5b/pkg/commands/git_commands/flow.go#L22
pkg/commands/git_commands/flow.go,26,"func (self *FlowCommands) FinishCmdObj(branchName string) (*oscommands.CmdObj, error) {",pending,https://github.com/jesseduffield/lazygit/blob/c5f7158154602d23b0750d4304c73e2aead8df5b/pkg/commands/git_commands/flow.go#L26
pkg/commands/git_commands/flow.go,45,"func (self *FlowCommands) StartCmdObj(branchType string, name string) *oscommands.CmdObj {",pending,https://github.com/jesseduffield/lazygit/blob/c5f7158154602d23b0750d4304c73e2aead8df5b/pkg/commands/git_commands/flow.go#L45
pkg/commands/git_commands/git_command_builder.go,27,func ForOtherRepo(cmdObj *oscommands.CmdObj) *oscommands.CmdObj {,pending,https://github.com/jesseduffield/lazygit/blob/c5f7158154602d23b0750d4304c73e2aead8df5b/pkg/commands/git_commands/git_command_builder.go#L27
pkg/commands/git_commands/git_command_builder.go,38,func NewGitCmd(command string) *GitCommandBuilder {,pending,https://github.com/jesseduffield/lazygit/blob/c5f7158154602d23b0750d4304c73e2aead8df5b/pkg/commands/git_commands/git_command_builder.go#L38
pkg/commands/git_commands/git_command_builder.go,42,func (self *GitCommandBuilder) Arg(args ...string) *GitCommandBuilder {,pending,https://github.com/jesseduffield/lazygit/blob/c5f7158154602d23b0750d4304c73e2aead8df5b/pkg/commands/git_commands/git_command_builder.go#L42
pkg/commands/git_commands/git_command_builder.go,48,"func (self *GitCommandBuilder) ArgIf(condition bool, ifTrue ...string) *GitCommandBuilder {",pending,https://github.com/jesseduffield/lazygit/blob/c5f7158154602d23b0750d4304c73e2aead8df5b/pkg/commands/git_commands/git_command_builder.go#L48
pkg/commands/git_commands/git_command_builder.go,56,"func (self *GitCommandBuilder) ArgIfElse(condition bool, ifTrue string, ifFalse string) *GitCommandBuilder {",pending,https://github.com/jesseduffield/lazygit/blob/c5f7158154602d23b0750d4304c73e2aead8df5b/pkg/commands/git_commands/git_command_builder.go#L56
pkg/commands/git_commands/git_command_builder.go,63,func (self *GitCommandBuilder) Config(value string) *GitCommandBuilder {,pending,https://github.com/jesseduffield/lazygit/blob/c5f7158154602d23b0750d4304c73e2aead8df5b/pkg/commands/git_commands/git_command_builder.go#L63
pkg/commands/git_commands/git_command_builder.go,70,"func (self *GitCommandBuilder) ConfigIf(condition bool, ifTrue string) *GitCommandBuilder {",pending,https://github.com/jesseduffield/lazygit/blob/c5f7158154602d23b0750d4304c73e2aead8df5b/pkg/commands/git_commands/git_command_builder.go#L70
pkg/commands/git_commands/git_command_builder.go,79,func (self *GitCommandBuilder) Dir(path string) *GitCommandBuilder {,pending,https://github.com/jesseduffield/lazygit/blob/c5f7158154602d23b0750d4304c73e2aead8df5b/pkg/commands/git_commands/git_command_builder.go#L79
pkg/commands/git_commands/git_command_builder.go,86,"func (self *GitCommandBuilder) DirIf(condition bool, path string) *GitCommandBuilder {",pending,https://github.com/jesseduffield/lazygit/blob/c5f7158154602d23b0750d4304c73e2aead8df5b/pkg/commands/git_commands/git_command_builder.go#L86
pkg/commands/git_commands/git_command_builder.go,95,func (self *GitCommandBuilder) Worktree(path string) *GitCommandBuilder {,pending,https://github.com/jesseduffield/lazygit/blob/c5f7158154602d23b0750d4304c73e2aead8df5b/pkg/commands/git_commands/git_command_builder.go#L95
pkg/commands/git_commands/git_command_builder.go,102,"func (self *GitCommandBuilder) WorktreePathIf(condition bool, path string) *GitCommandBuilder {",pending,https://github.com/jesseduffield/lazygit/blob/c5f7158154602d23b0750d4304c73e2aead8df5b/pkg/commands/git_commands/git_command_builder.go#L102
pkg/commands/git_commands/git_command_builder.go,111,func (self *GitCommandBuilder) GitDir(path string) *GitCommandBuilder {,pending,https://github.com/jesseduffield/lazygit/blob/c5f7158154602d23b0750d4304c73e2aead8df5b/pkg/commands/git_commands/git_command_builder.go#L111
pkg/commands/git_commands/git_command_builder.go,118,"func (self *GitCommandBuilder) GitDirIf(condition bool, path string) *GitCommandBuilder {",pending,https://github.com/jesseduffield/lazygit/blob/c5f7158154602d23b0750d4304c73e2aead8df5b/pkg/commands/git_commands/git_command_builder.go#L118
pkg/commands/git_commands/git_command_builder.go,134,func (self *GitCommandBuilder) NoLineEndingConversion() *GitCommandBuilder {,pending,https://github.com/jesseduffield/lazygit/blob/c5f7158154602d23b0750d4304c73e2aead8df5b/pkg/commands/git_commands/git_command_builder.go#L134
pkg/commands/git_commands/git_command_builder.go,147,"func (self *GitCommandBuilder) AddCommonDiffArgs(diffRendererConfigManager *config.DiffRendererConfigManager, userConfig *config.UserConfig, mode DiffMode) *GitCommandBuilder {",pending,https://github.com/jesseduffield/lazygit/blob/c5f7158154602d23b0750d4304c73e2aead8df5b/pkg/commands/git_commands/git_command_builder.go#L147
pkg/commands/git_commands/git_command_builder.go,164,func (self *GitCommandBuilder) ToArgv() []string {,pending,https://github.com/jesseduffield/lazygit/blob/c5f7158154602d23b0750d4304c73e2aead8df5b/pkg/commands/git_commands/git_command_builder.go#L164
pkg/commands/git_commands/git_command_builder.go,168,func (self *GitCommandBuilder) ToString() string {,pending,https://github.com/jesseduffield/lazygit/blob/c5f7158154602d23b0750d4304c73e2aead8df5b/pkg/commands/git_commands/git_command_builder.go#L168
pkg/commands/git_commands/git_command_builder.go,175,"func runGitCmdOnPaths(subcommand string, paths []string, cmd oscommands.ICmdObjBuilder) error {",pending,https://github.com/jesseduffield/lazygit/blob/c5f7158154602d23b0750d4304c73e2aead8df5b/pkg/commands/git_commands/git_command_builder.go#L175
pkg/commands/git_commands/github.go,26,func NewGitHubCommands(gitCommon *GitCommon) *GitHubCommands {,pending,https://github.com/jesseduffield/lazygit/blob/c5f7158154602d23b0750d4304c73e2aead8df5b/pkg/commands/git_commands/github.go#L26
pkg/commands/git_commands/github.go,33,func (self *GitHubCommands) ConfiguredBaseRemoteName() string {,pending,https://github.com/jesseduffield/lazygit/blob/c5f7158154602d23b0750d4304c73e2aead8df5b/pkg/commands/git_commands/github.go#L33
pkg/commands/git_commands/github.go,58,func (self *GitHubCommands) SetConfiguredBaseRemoteName(remoteName string) error {,pending,https://github.com/jesseduffield/lazygit/blob/c5f7158154602d23b0750d4304c73e2aead8df5b/pkg/commands/git_commands/github.go#L58
pkg/commands/git_commands/github.go,114,"func fetchPullRequestsQuery(branches []string, owner string, repo string) (string, map[string]string) {",pending,https://github.com/jesseduffield/lazygit/blob/c5f7158154602d23b0750d4304c73e2aead8df5b/pkg/commands/git_commands/github.go#L114
pkg/commands/git_commands/github.go,175,func (self *GitHubCommands) GetAuthToken(host string) string {,pending,https://github.com/jesseduffield/lazygit/blob/c5f7158154602d23b0750d4304c73e2aead8df5b/pkg/commands/git_commands/github.go#L175
pkg/commands/git_commands/github.go,197,func ghExecutable() string {,pending,https://github.com/jesseduffield/lazygit/blob/c5f7158154602d23b0750d4304c73e2aead8df5b/pkg/commands/git_commands/github.go#L197
pkg/commands/git_commands/github.go,215,"func (self *GitHubCommands) FetchRecentPRs(branches []string, serviceInfo *hosting_service.ServiceInfo, token string) ([]*models.GithubPullRequest, error) {",pending,https://github.com/jesseduffield/lazygit/blob/c5f7158154602d23b0750d4304c73e2aead8df5b/pkg/commands/git_commands/github.go#L215
pkg/commands/git_commands/github.go,264,"func (self *GitHubCommands) fetchRecentPRsAux(endpoint string, repoOwner string, repoName string, branches []string, token string) ([]*models.GithubPullRequest, error) {",pending,https://github.com/jesseduffield/lazygit/blob/c5f7158154602d23b0750d4304c73e2aead8df5b/pkg/commands/git_commands/github.go#L264
pkg/commands/git_commands/github.go,303,"func parsePullRequestsResponse(respBytes []byte) ([]*models.GithubPullRequest, error) {",pending,https://github.com/jesseduffield/lazygit/blob/c5f7158154602d23b0750d4304c73e2aead8df5b/pkg/commands/git_commands/github.go#L303
pkg/commands/git_commands/github.go,332,func GenerateGithubPullRequestMap(,pending,https://github.com/jesseduffield/lazygit/blob/c5f7158154602d23b0750d4304c73e2aead8df5b/pkg/commands/git_commands/github.go#L332
pkg/commands/git_commands/github.go,392,func getRemotesToOwnersMap(remotes []*models.Remote) map[string]string {,pending,https://github.com/jesseduffield/lazygit/blob/c5f7158154602d23b0750d4304c73e2aead8df5b/pkg/commands/git_commands/github.go#L392
pkg/commands/git_commands/github.go,412,func graphQLEndpoint(host string) string {,pending,https://github.com/jesseduffield/lazygit/blob/c5f7158154602d23b0750d4304c73e2aead8df5b/pkg/commands/git_commands/github.go#L412
pkg/commands/git_commands/hosting_service.go,10,func NewHostingServiceCommand(gitCommon *GitCommon) *HostingService {,pending,https://github.com/jesseduffield/lazygit/blob/c5f7158154602d23b0750d4304c73e2aead8df5b/pkg/commands/git_commands/hosting_service.go#L10
pkg/commands/git_commands/hosting_service.go,16,"func (self *HostingService) GetPullRequestURL(from string, to string) (string, error) {",pending,https://github.com/jesseduffield/lazygit/blob/c5f7158154602d23b0750d4304c73e2aead8df5b/pkg/commands/git_commands/hosting_service.go#L16
pkg/commands/git_commands/hosting_service.go,20,"func (self *HostingService) GetCommitURL(commitSha string) (string, error) {",pending,https://github.com/jesseduffield/lazygit/blob/c5f7158154602d23b0750d4304c73e2aead8df5b/pkg/commands/git_commands/hosting_service.go#L20
pkg/commands/git_commands/hosting_service.go,24,"func (self *HostingService) GetServiceInfo(remoteURL string) (hosting_service.ServiceInfo, error) {",pending,https://github.com/jesseduffield/lazygit/blob/c5f7158154602d23b0750d4304c73e2aead8df5b/pkg/commands/git_commands/hosting_service.go#L24
pkg/commands/git_commands/hosting_service.go,31,func (self *HostingService) getHostingServiceMgr(remoteURL string) *hosting_service.HostingServiceMgr {,pending,https://github.com/jesseduffield/lazygit/blob/c5f7158154602d23b0750d4304c73e2aead8df5b/pkg/commands/git_commands/hosting_service.go#L31
pkg/commands/git_commands/main_branches.go,28,func NewMainBranches(,pending,https://github.com/jesseduffield/lazygit/blob/c5f7158154602d23b0750d4304c73e2aead8df5b/pkg/commands/git_commands/main_branches.go#L28
pkg/commands/git_commands/main_branches.go,41,func (self *MainBranches) Get() []string {,pending,https://github.com/jesseduffield/lazygit/blob/c5f7158154602d23b0750d4304c73e2aead8df5b/pkg/commands/git_commands/main_branches.go#L41
pkg/commands/git_commands/main_branches.go,56,func (self *MainBranches) GetMergeBase(refName string) string {,pending,https://github.com/jesseduffield/lazygit/blob/c5f7158154602d23b0750d4304c73e2aead8df5b/pkg/commands/git_commands/main_branches.go#L56
pkg/commands/git_commands/main_branches.go,79,func (self *MainBranches) determineMainBranches(configuredMainBranches []string) []string {,pending,https://github.com/jesseduffield/lazygit/blob/c5f7158154602d23b0750d4304c73e2aead8df5b/pkg/commands/git_commands/main_branches.go#L79
pkg/commands/git_commands/patch.go,32,func NewPatchCommands(,pending,https://github.com/jesseduffield/lazygit/blob/c5f7158154602d23b0750d4304c73e2aead8df5b/pkg/commands/git_commands/patch.go#L32
pkg/commands/git_commands/patch.go,53,func (self *PatchCommands) EnsureCustomPatchDiffTrees() error {,pending,https://github.com/jesseduffield/lazygit/blob/c5f7158154602d23b0750d4304c73e2aead8df5b/pkg/commands/git_commands/patch.go#L53
pkg/commands/git_commands/patch.go,74,func (self *PatchCommands) WriteCustomPatchDiffTrees() error {,pending,https://github.com/jesseduffield/lazygit/blob/c5f7158154602d23b0750d4304c73e2aead8df5b/pkg/commands/git_commands/patch.go#L74
pkg/commands/git_commands/patch.go,139,"func (self *PatchCommands) ApplyCustomPatch(reverse bool, turnAddedFilesIntoDiffAgainstEmptyFile bool) error {",pending,https://github.com/jesseduffield/lazygit/blob/c5f7158154602d23b0750d4304c73e2aead8df5b/pkg/commands/git_commands/patch.go#L139
pkg/commands/git_commands/patch.go,149,"func (self *PatchCommands) ApplyPatch(patch string, opts ApplyPatchOpts) error {",pending,https://github.com/jesseduffield/lazygit/blob/c5f7158154602d23b0750d4304c73e2aead8df5b/pkg/commands/git_commands/patch.go#L149
pkg/commands/git_commands/patch.go,158,"func (self *PatchCommands) applyPatchFile(filepath string, opts ApplyPatchOpts) error {",pending,https://github.com/jesseduffield/lazygit/blob/c5f7158154602d23b0750d4304c73e2aead8df5b/pkg/commands/git_commands/patch.go#L158
pkg/commands/git_commands/patch.go,170,"func (self *PatchCommands) SaveTemporaryPatch(patch string) (string, error) {",pending,https://github.com/jesseduffield/lazygit/blob/c5f7158154602d23b0750d4304c73e2aead8df5b/pkg/commands/git_commands/patch.go#L170
pkg/commands/git_commands/patch.go,180,"func (self *PatchCommands) DeletePatchesFromCommit(commits []*models.Commit, commitIndex int) error {",pending,https://github.com/jesseduffield/lazygit/blob/c5f7158154602d23b0750d4304c73e2aead8df5b/pkg/commands/git_commands/patch.go#L180
pkg/commands/git_commands/patch.go,205,"func (self *PatchCommands) MovePatchToSelectedCommit(commits []*models.Commit, sourceCommitIdx int, destinationCommitIdx int) error {",pending,https://github.com/jesseduffield/lazygit/blob/c5f7158154602d23b0750d4304c73e2aead8df5b/pkg/commands/git_commands/patch.go#L205
pkg/commands/git_commands/patch.go,309,"func (self *PatchCommands) MovePatchIntoIndex(commits []*models.Commit, commitIdx int, stash bool) error {",pending,https://github.com/jesseduffield/lazygit/blob/c5f7158154602d23b0750d4304c73e2aead8df5b/pkg/commands/git_commands/patch.go#L309
pkg/commands/git_commands/patch.go,364,func (self *PatchCommands) PullPatchIntoNewCommit(,pending,https://github.com/jesseduffield/lazygit/blob/c5f7158154602d23b0750d4304c73e2aead8df5b/pkg/commands/git_commands/patch.go#L364
pkg/commands/git_commands/patch.go,407,func (self *PatchCommands) PullPatchIntoNewCommitBefore(,pending,https://github.com/jesseduffield/lazygit/blob/c5f7158154602d23b0750d4304c73e2aead8df5b/pkg/commands/git_commands/patch.go#L407
pkg/commands/git_commands/patch.go,435,"func (self *PatchCommands) diffHeadAgainstCommit(commit *models.Commit) (string, error) {",pending,https://github.com/jesseduffield/lazygit/blob/c5f7158154602d23b0750d4304c73e2aead8df5b/pkg/commands/git_commands/patch.go#L435
pkg/commands/git_commands/rebase.go,25,func NewRebaseCommands(,pending,https://github.com/jesseduffield/lazygit/blob/c5f7158154602d23b0750d4304c73e2aead8df5b/pkg/commands/git_commands/rebase.go#L25
pkg/commands/git_commands/rebase.go,37,"func (self *RebaseCommands) RewordCommit(commits []*models.Commit, index int, summary string, description string) error {",pending,https://github.com/jesseduffield/lazygit/blob/c5f7158154602d23b0750d4304c73e2aead8df5b/pkg/commands/git_commands/rebase.go#L37
pkg/commands/git_commands/rebase.go,58,"func (self *RebaseCommands) RewordCommitInEditor(commits []*models.Commit, index int) (*oscommands.CmdObj, error) {",pending,https://github.com/jesseduffield/lazygit/blob/c5f7158154602d23b0750d4304c73e2aead8df5b/pkg/commands/git_commands/rebase.go#L58
pkg/commands/git_commands/rebase.go,71,"func (self *RebaseCommands) ResetCommitAuthor(commits []*models.Commit, start, end int) error {",pending,https://github.com/jesseduffield/lazygit/blob/c5f7158154602d23b0750d4304c73e2aead8df5b/pkg/commands/git_commands/rebase.go#L71
pkg/commands/git_commands/rebase.go,77,"func (self *RebaseCommands) SetCommitAuthor(commits []*models.Commit, start, end int, value string) error {",pending,https://github.com/jesseduffield/lazygit/blob/c5f7158154602d23b0750d4304c73e2aead8df5b/pkg/commands/git_commands/rebase.go#L77
pkg/commands/git_commands/rebase.go,83,"func (self *RebaseCommands) AddCommitCoAuthor(commits []*models.Commit, start, end int, value string) error {",pending,https://github.com/jesseduffield/lazygit/blob/c5f7158154602d23b0750d4304c73e2aead8df5b/pkg/commands/git_commands/rebase.go#L83
pkg/commands/git_commands/rebase.go,89,"func (self *RebaseCommands) GenericAmend(commits []*models.Commit, start, end int, f func(commit *models.Commit) error) error {",pending,https://github.com/jesseduffield/lazygit/blob/c5f7158154602d23b0750d4304c73e2aead8df5b/pkg/commands/git_commands/rebase.go#L89
pkg/commands/git_commands/rebase.go,114,"func (self *RebaseCommands) MoveCommitsDown(commits []*models.Commit, startIdx int, endIdx int) error {",pending,https://github.com/jesseduffield/lazygit/blob/c5f7158154602d23b0750d4304c73e2aead8df5b/pkg/commands/git_commands/rebase.go#L114
pkg/commands/git_commands/rebase.go,118,"func (self *RebaseCommands) MoveCommitsUp(commits []*models.Commit, startIdx int, endIdx int) error {",pending,https://github.com/jesseduffield/lazygit/blob/c5f7158154602d23b0750d4304c73e2aead8df5b/pkg/commands/git_commands/rebase.go#L118
pkg/commands/git_commands/rebase.go,122,"func (self *RebaseCommands) MoveCommits(commits []*models.Commit, startIdx int, endIdx int, offset int) error {",pending,https://github.com/jesseduffield/lazygit/blob/c5f7158154602d23b0750d4304c73e2aead8df5b/pkg/commands/git_commands/rebase.go#L122
pkg/commands/git_commands/rebase.go,143,"func (self *RebaseCommands) InteractiveRebase(commits []*models.Commit, startIdx int, endIdx int, action todo.TodoCommand, flag string) error {",pending,https://github.com/jesseduffield/lazygit/blob/c5f7158154602d23b0750d4304c73e2aead8df5b/pkg/commands/git_commands/rebase.go#L143
pkg/commands/git_commands/rebase.go,168,func (self *RebaseCommands) EditRebase(branchRef string) error {,pending,https://github.com/jesseduffield/lazygit/blob/c5f7158154602d23b0750d4304c73e2aead8df5b/pkg/commands/git_commands/rebase.go#L168
pkg/commands/git_commands/rebase.go,182,"func (self *RebaseCommands) EditRebaseFromBaseCommit(targetBranchName string, baseCommit string) error {",pending,https://github.com/jesseduffield/lazygit/blob/c5f7158154602d23b0750d4304c73e2aead8df5b/pkg/commands/git_commands/rebase.go#L182
pkg/commands/git_commands/rebase.go,198,func logTodoChanges(changes []daemon.ChangeTodoAction) string {,pending,https://github.com/jesseduffield/lazygit/blob/c5f7158154602d23b0750d4304c73e2aead8df5b/pkg/commands/git_commands/rebase.go#L198
pkg/commands/git_commands/rebase.go,216,func (self *RebaseCommands) PrepareInteractiveRebaseCommand(opts PrepareInteractiveRebaseCommandOpts) *oscommands.CmdObj {,pending,https://github.com/jesseduffield/lazygit/blob/c5f7158154602d23b0750d4304c73e2aead8df5b/pkg/commands/git_commands/rebase.go#L216
pkg/commands/git_commands/rebase.go,263,func (self *RebaseCommands) GitRebaseEditTodo(todosFileContent []byte) error {,pending,https://github.com/jesseduffield/lazygit/blob/c5f7158154602d23b0750d4304c73e2aead8df5b/pkg/commands/git_commands/rebase.go#L263
pkg/commands/git_commands/rebase.go,293,"func (self *RebaseCommands) getHashOfLastCommitMade() (string, error) {",pending,https://github.com/jesseduffield/lazygit/blob/c5f7158154602d23b0750d4304c73e2aead8df5b/pkg/commands/git_commands/rebase.go#L293
pkg/commands/git_commands/rebase.go,299,"func (self *RebaseCommands) AmendTo(commits []*models.Commit, commitIndex int) error {",pending,https://github.com/jesseduffield/lazygit/blob/c5f7158154602d23b0750d4304c73e2aead8df5b/pkg/commands/git_commands/rebase.go#L299
pkg/commands/git_commands/rebase.go,318,"func (self *RebaseCommands) MoveFixupCommitDown(commits []*models.Commit, targetCommitIndex int) error {",pending,https://github.com/jesseduffield/lazygit/blob/c5f7158154602d23b0750d4304c73e2aead8df5b/pkg/commands/git_commands/rebase.go#L318
pkg/commands/git_commands/rebase.go,331,func todoFromCommit(commit *models.Commit) utils.Todo {,pending,https://github.com/jesseduffield/lazygit/blob/c5f7158154602d23b0750d4304c73e2aead8df5b/pkg/commands/git_commands/rebase.go#L331
pkg/commands/git_commands/rebase.go,339,"func (self *RebaseCommands) EditRebaseTodo(commits []*models.Commit, action todo.TodoCommand, flag string) error {",pending,https://github.com/jesseduffield/lazygit/blob/c5f7158154602d23b0750d4304c73e2aead8df5b/pkg/commands/git_commands/rebase.go#L339
pkg/commands/git_commands/rebase.go,355,func (self *RebaseCommands) DeleteUpdateRefTodos(commits []*models.Commit) error {,pending,https://github.com/jesseduffield/lazygit/blob/c5f7158154602d23b0750d4304c73e2aead8df5b/pkg/commands/git_commands/rebase.go#L355
pkg/commands/git_commands/rebase.go,372,func (self *RebaseCommands) MoveTodosDown(commits []*models.Commit) error {,pending,https://github.com/jesseduffield/lazygit/blob/c5f7158154602d23b0750d4304c73e2aead8df5b/pkg/commands/git_commands/rebase.go#L372
pkg/commands/git_commands/rebase.go,376,func (self *RebaseCommands) MoveTodosUp(commits []*models.Commit) error {,pending,https://github.com/jesseduffield/lazygit/blob/c5f7158154602d23b0750d4304c73e2aead8df5b/pkg/commands/git_commands/rebase.go#L376
pkg/commands/git_commands/rebase.go,380,"func (self *RebaseCommands) MoveTodos(commits []*models.Commit, offset int) error {",pending,https://github.com/jesseduffield/lazygit/blob/c5f7158154602d23b0750d4304c73e2aead8df5b/pkg/commands/git_commands/rebase.go#L380
pkg/commands/git_commands/rebase.go,390,func (self *RebaseCommands) SquashAllAboveFixupCommits(commit *models.Commit) error {,pending,https://github.com/jesseduffield/lazygit/blob/c5f7158154602d23b0750d4304c73e2aead8df5b/pkg/commands/git_commands/rebase.go#L390
pkg/commands/git_commands/rebase.go,405,func (self *RebaseCommands) BeginInteractiveRebaseForCommit(,pending,https://github.com/jesseduffield/lazygit/blob/c5f7158154602d23b0750d4304c73e2aead8df5b/pkg/commands/git_commands/rebase.go#L405
pkg/commands/git_commands/rebase.go,423,func (self *RebaseCommands) BeginInteractiveRebaseForCommitRange(,pending,https://github.com/jesseduffield/lazygit/blob/c5f7158154602d23b0750d4304c73e2aead8df5b/pkg/commands/git_commands/rebase.go#L423
pkg/commands/git_commands/rebase.go,455,func (self *RebaseCommands) RebaseBranch(branchName string) error {,pending,https://github.com/jesseduffield/lazygit/blob/c5f7158154602d23b0750d4304c73e2aead8df5b/pkg/commands/git_commands/rebase.go#L455
pkg/commands/git_commands/rebase.go,459,"func (self *RebaseCommands) RebaseBranchFromBaseCommit(targetBranchName string, baseCommit string) error {",pending,https://github.com/jesseduffield/lazygit/blob/c5f7158154602d23b0750d4304c73e2aead8df5b/pkg/commands/git_commands/rebase.go#L459
pkg/commands/git_commands/rebase.go,466,"func (self *RebaseCommands) GenericMergeOrRebaseActionCmdObj(commandType string, command string) *oscommands.CmdObj {",pending,https://github.com/jesseduffield/lazygit/blob/c5f7158154602d23b0750d4304c73e2aead8df5b/pkg/commands/git_commands/rebase.go#L466
pkg/commands/git_commands/rebase.go,472,func (self *RebaseCommands) ContinueRebase() error {,pending,https://github.com/jesseduffield/lazygit/blob/c5f7158154602d23b0750d4304c73e2aead8df5b/pkg/commands/git_commands/rebase.go#L472
pkg/commands/git_commands/rebase.go,476,func (self *RebaseCommands) AbortRebase() error {,pending,https://github.com/jesseduffield/lazygit/blob/c5f7158154602d23b0750d4304c73e2aead8df5b/pkg/commands/git_commands/rebase.go#L476
pkg/commands/git_commands/rebase.go,482,"func (self *RebaseCommands) GenericMergeOrRebaseAction(commandType string, command string) error {",pending,https://github.com/jesseduffield/lazygit/blob/c5f7158154602d23b0750d4304c73e2aead8df5b/pkg/commands/git_commands/rebase.go#L482
pkg/commands/git_commands/rebase.go,505,func (self *RebaseCommands) runSkipEditorCommand(cmdObj *oscommands.CmdObj) error {,pending,https://github.com/jesseduffield/lazygit/blob/c5f7158154602d23b0750d4304c73e2aead8df5b/pkg/commands/git_commands/rebase.go#L505
pkg/commands/git_commands/rebase.go,520,"func (self *RebaseCommands) DiscardOldFileChanges(commits []*models.Commit, commitIndex int, filePaths []string) error {",pending,https://github.com/jesseduffield/lazygit/blob/c5f7158154602d23b0750d4304c73e2aead8df5b/pkg/commands/git_commands/rebase.go#L520
pkg/commands/git_commands/rebase.go,559,func (self *RebaseCommands) CherryPickCommits(commits []*models.Commit) error {,pending,https://github.com/jesseduffield/lazygit/blob/c5f7158154602d23b0750d4304c73e2aead8df5b/pkg/commands/git_commands/rebase.go#L559
pkg/commands/git_commands/rebase.go,571,"func (self *RebaseCommands) DropMergeCommit(commits []*models.Commit, commitIndex int) error {",pending,https://github.com/jesseduffield/lazygit/blob/c5f7158154602d23b0750d4304c73e2aead8df5b/pkg/commands/git_commands/rebase.go#L571
pkg/commands/git_commands/rebase.go,580,"func getBaseHashOrRoot(commits []*models.Commit, index int) string {",pending,https://github.com/jesseduffield/lazygit/blob/c5f7158154602d23b0750d4304c73e2aead8df5b/pkg/commands/git_commands/rebase.go#L580
pkg/commands/git_commands/ref_ancestry.go,36,func sortRefsWithEqualDatesByAncestry[T any](,pending,https://github.com/jesseduffield/lazygit/blob/c5f7158154602d23b0750d4304c73e2aead8df5b/pkg/commands/git_commands/ref_ancestry.go#L36
pkg/commands/git_commands/ref_ancestry.go,88,func pointAtMoreThanOneCommit[T any](,pending,https://github.com/jesseduffield/lazygit/blob/c5f7158154602d23b0750d4304c73e2aead8df5b/pkg/commands/git_commands/ref_ancestry.go#L88
pkg/commands/git_commands/ref_ancestry.go,102,func groupRefsWithEqualDates[T any](,pending,https://github.com/jesseduffield/lazygit/blob/c5f7158154602d23b0750d4304c73e2aead8df5b/pkg/commands/git_commands/ref_ancestry.go#L102
pkg/commands/git_commands/ref_ancestry.go,129,func loadContainedTips(,pending,https://github.com/jesseduffield/lazygit/blob/c5f7158154602d23b0750d4304c73e2aead8df5b/pkg/commands/git_commands/ref_ancestry.go#L129
pkg/commands/git_commands/ref_ancestry.go,169,func sortGroupByAncestry[T any](,pending,https://github.com/jesseduffield/lazygit/blob/c5f7158154602d23b0750d4304c73e2aead8df5b/pkg/commands/git_commands/ref_ancestry.go#L169
pkg/commands/git_commands/reflog_commit_loader.go,18,"func NewReflogCommitLoader(common *common.Common, cmd oscommands.ICmdObjBuilder) *ReflogCommitLoader {",pending,https://github.com/jesseduffield/lazygit/blob/c5f7158154602d23b0750d4304c73e2aead8df5b/pkg/commands/git_commands/reflog_commit_loader.go#L18
pkg/commands/git_commands/reflog_commit_loader.go,27,"func (self *ReflogCommitLoader) GetReflogCommits(hashPool *utils.StringPool, lastReflogCommit *models.Commit, filterPath string, filterAuthor string) ([]*models.Commit, bool, error) {",pending,https://github.com/jesseduffield/lazygit/blob/c5f7158154602d23b0750d4304c73e2aead8df5b/pkg/commands/git_commands/reflog_commit_loader.go#L27
pkg/commands/git_commands/reflog_commit_loader.go,65,"func (self *ReflogCommitLoader) sameReflogCommit(a *models.Commit, b *models.Commit) bool {",pending,https://github.com/jesseduffield/lazygit/blob/c5f7158154602d23b0750d4304c73e2aead8df5b/pkg/commands/git_commands/reflog_commit_loader.go#L65
pkg/commands/git_commands/reflog_commit_loader.go,69,"func (self *ReflogCommitLoader) parseLine(hashPool *utils.StringPool, line string) (*models.Commit, bool) {",pending,https://github.com/jesseduffield/lazygit/blob/c5f7158154602d23b0750d4304c73e2aead8df5b/pkg/commands/git_commands/reflog_commit_loader.go#L69
pkg/commands/git_commands/remote.go,15,func NewRemoteCommands(gitCommon *GitCommon) *RemoteCommands {,pending,https://github.com/jesseduffield/lazygit/blob/c5f7158154602d23b0750d4304c73e2aead8df5b/pkg/commands/git_commands/remote.go#L15
pkg/commands/git_commands/remote.go,21,"func (self *RemoteCommands) AddRemote(name string, url string) error {",pending,https://github.com/jesseduffield/lazygit/blob/c5f7158154602d23b0750d4304c73e2aead8df5b/pkg/commands/git_commands/remote.go#L21
pkg/commands/git_commands/remote.go,29,func (self *RemoteCommands) RemoveRemote(name string) error {,pending,https://github.com/jesseduffield/lazygit/blob/c5f7158154602d23b0750d4304c73e2aead8df5b/pkg/commands/git_commands/remote.go#L29
pkg/commands/git_commands/remote.go,37,"func (self *RemoteCommands) RenameRemote(oldRemoteName string, newRemoteName string) error {",pending,https://github.com/jesseduffield/lazygit/blob/c5f7158154602d23b0750d4304c73e2aead8df5b/pkg/commands/git_commands/remote.go#L37
pkg/commands/git_commands/remote.go,45,"func (self *RemoteCommands) UpdateRemoteUrl(remoteName string, updatedUrl string) error {",pending,https://github.com/jesseduffield/lazygit/blob/c5f7158154602d23b0750d4304c73e2aead8df5b/pkg/commands/git_commands/remote.go#L45
pkg/commands/git_commands/remote.go,53,"func (self *RemoteCommands) DeleteRemoteBranch(task gocui.Task, remoteName string, branchNames []string) error {",pending,https://github.com/jesseduffield/lazygit/blob/c5f7158154602d23b0750d4304c73e2aead8df5b/pkg/commands/git_commands/remote.go#L53
pkg/commands/git_commands/remote.go,62,"func (self *RemoteCommands) DeleteRemoteTag(task gocui.Task, remoteName string, tagNames []string) error {",pending,https://github.com/jesseduffield/lazygit/blob/c5f7158154602d23b0750d4304c73e2aead8df5b/pkg/commands/git_commands/remote.go#L62
pkg/commands/git_commands/remote.go,72,func (self *RemoteCommands) CheckRemoteBranchExists(branchName string) bool {,pending,https://github.com/jesseduffield/lazygit/blob/c5f7158154602d23b0750d4304c73e2aead8df5b/pkg/commands/git_commands/remote.go#L72
pkg/commands/git_commands/remote.go,84,"func (self *RemoteCommands) GetRemoteURL(remoteName string) (string, error) {",pending,https://github.com/jesseduffield/lazygit/blob/c5f7158154602d23b0750d4304c73e2aead8df5b/pkg/commands/git_commands/remote.go#L84
pkg/commands/git_commands/remote_loader.go,17,func NewRemoteLoader(gitCommon *GitCommon) *RemoteLoader {,pending,https://github.com/jesseduffield/lazygit/blob/c5f7158154602d23b0750d4304c73e2aead8df5b/pkg/commands/git_commands/remote_loader.go#L17
pkg/commands/git_commands/remote_loader.go,24,func (self *RemoteLoader) GetRemotes() []*models.Remote {,pending,https://github.com/jesseduffield/lazygit/blob/c5f7158154602d23b0750d4304c73e2aead8df5b/pkg/commands/git_commands/remote_loader.go#L24
pkg/commands/git_commands/remote_loader.go,42,func (self *RemoteLoader) getRemotesFromConfig() []*models.Remote {,pending,https://github.com/jesseduffield/lazygit/blob/c5f7158154602d23b0750d4304c73e2aead8df5b/pkg/commands/git_commands/remote_loader.go#L42
pkg/commands/git_commands/remote_loader.go,88,"func (self *RemoteLoader) GetRemoteBranchesByRemoteName() (map[string][]*models.RemoteBranch, error) {",pending,https://github.com/jesseduffield/lazygit/blob/c5f7158154602d23b0750d4304c73e2aead8df5b/pkg/commands/git_commands/remote_loader.go#L88
pkg/commands/git_commands/remote_loader.go,100,"func (self *RemoteLoader) getRemoteBranches() ([]*models.RemoteBranch, error) {",pending,https://github.com/jesseduffield/lazygit/blob/c5f7158154602d23b0750d4304c73e2aead8df5b/pkg/commands/git_commands/remote_loader.go#L100
pkg/commands/git_commands/repo_paths.go,27,func (self *RepoPaths) WorktreePath() string {,pending,https://github.com/jesseduffield/lazygit/blob/c5f7158154602d23b0750d4304c73e2aead8df5b/pkg/commands/git_commands/repo_paths.go#L27
pkg/commands/git_commands/repo_paths.go,34,func (self *RepoPaths) WorktreeGitDirPath() string {,pending,https://github.com/jesseduffield/lazygit/blob/c5f7158154602d23b0750d4304c73e2aead8df5b/pkg/commands/git_commands/repo_paths.go#L34
pkg/commands/git_commands/repo_paths.go,40,func (self *RepoPaths) RepoPath() string {,pending,https://github.com/jesseduffield/lazygit/blob/c5f7158154602d23b0750d4304c73e2aead8df5b/pkg/commands/git_commands/repo_paths.go#L40
pkg/commands/git_commands/repo_paths.go,48,func (self *RepoPaths) RepoGitDirPath() string {,pending,https://github.com/jesseduffield/lazygit/blob/c5f7158154602d23b0750d4304c73e2aead8df5b/pkg/commands/git_commands/repo_paths.go#L48
pkg/commands/git_commands/repo_paths.go,53,func (self *RepoPaths) RepoName() string {,pending,https://github.com/jesseduffield/lazygit/blob/c5f7158154602d23b0750d4304c73e2aead8df5b/pkg/commands/git_commands/repo_paths.go#L53
pkg/commands/git_commands/repo_paths.go,70,func (self *RepoPaths) IsBareRepo() bool {,pending,https://github.com/jesseduffield/lazygit/blob/c5f7158154602d23b0750d4304c73e2aead8df5b/pkg/commands/git_commands/repo_paths.go#L70
pkg/commands/git_commands/repo_paths.go,80,func (self *RepoPaths) GitLocationEnvVars() []string {,pending,https://github.com/jesseduffield/lazygit/blob/c5f7158154602d23b0750d4304c73e2aead8df5b/pkg/commands/git_commands/repo_paths.go#L80
pkg/commands/git_commands/repo_paths.go,85,func MockRepoPaths(currentPath string) *RepoPaths {,pending,https://github.com/jesseduffield/lazygit/blob/c5f7158154602d23b0750d4304c73e2aead8df5b/pkg/commands/git_commands/repo_paths.go#L85
pkg/commands/git_commands/repo_paths.go,96,func GetRepoPaths(,pending,https://github.com/jesseduffield/lazygit/blob/c5f7158154602d23b0750d4304c73e2aead8df5b/pkg/commands/git_commands/repo_paths.go#L96
pkg/commands/git_commands/repo_paths.go,107,func GetRepoPathsForDir(,pending,https://github.com/jesseduffield/lazygit/blob/c5f7158154602d23b0750d4304c73e2aead8df5b/pkg/commands/git_commands/repo_paths.go#L107
pkg/commands/git_commands/repo_paths.go,140,func repoPathsForDir(,pending,https://github.com/jesseduffield/lazygit/blob/c5f7158154602d23b0750d4304c73e2aead8df5b/pkg/commands/git_commands/repo_paths.go#L140
pkg/commands/git_commands/repo_paths.go,201,func gitLocationEnvVars(,pending,https://github.com/jesseduffield/lazygit/blob/c5f7158154602d23b0750d4304c73e2aead8df5b/pkg/commands/git_commands/repo_paths.go#L201
pkg/commands/git_commands/repo_paths.go,233,func getBareRepoPathsForDir(,pending,https://github.com/jesseduffield/lazygit/blob/c5f7158154602d23b0750d4304c73e2aead8df5b/pkg/commands/git_commands/repo_paths.go#L233
pkg/commands/git_commands/repo_paths.go,266,func callGitRevParseWithDir(,pending,https://github.com/jesseduffield/lazygit/blob/c5f7158154602d23b0750d4304c73e2aead8df5b/pkg/commands/git_commands/repo_paths.go#L266
pkg/commands/git_commands/repo_paths.go,275,func callGitRevParseInOtherRepo(,pending,https://github.com/jesseduffield/lazygit/blob/c5f7158154602d23b0750d4304c73e2aead8df5b/pkg/commands/git_commands/repo_paths.go#L275
pkg/commands/git_commands/repo_paths.go,283,func newGitRevParseCmd(,pending,https://github.com/jesseduffield/lazygit/blob/c5f7158154602d23b0750d4304c73e2aead8df5b/pkg/commands/git_commands/repo_paths.go#L283
pkg/commands/git_commands/repo_paths.go,296,"func runGitRevParse(gitCmd *oscommands.CmdObj) (string, error) {",pending,https://github.com/jesseduffield/lazygit/blob/c5f7158154602d23b0750d4304c73e2aead8df5b/pkg/commands/git_commands/repo_paths.go#L296
pkg/commands/git_commands/stash.go,16,func NewStashCommands(,pending,https://github.com/jesseduffield/lazygit/blob/c5f7158154602d23b0750d4304c73e2aead8df5b/pkg/commands/git_commands/stash.go#L16
pkg/commands/git_commands/stash.go,28,func (self *StashCommands) DropNewest() error {,pending,https://github.com/jesseduffield/lazygit/blob/c5f7158154602d23b0750d4304c73e2aead8df5b/pkg/commands/git_commands/stash.go#L28
pkg/commands/git_commands/stash.go,34,func (self *StashCommands) Drop(index int) error {,pending,https://github.com/jesseduffield/lazygit/blob/c5f7158154602d23b0750d4304c73e2aead8df5b/pkg/commands/git_commands/stash.go#L34
pkg/commands/git_commands/stash.go,41,func (self *StashCommands) Pop(index int) error {,pending,https://github.com/jesseduffield/lazygit/blob/c5f7158154602d23b0750d4304c73e2aead8df5b/pkg/commands/git_commands/stash.go#L41
pkg/commands/git_commands/stash.go,48,func (self *StashCommands) Apply(index int) error {,pending,https://github.com/jesseduffield/lazygit/blob/c5f7158154602d23b0750d4304c73e2aead8df5b/pkg/commands/git_commands/stash.go#L48
pkg/commands/git_commands/stash.go,56,func (self *StashCommands) Push(message string) error {,pending,https://github.com/jesseduffield/lazygit/blob/c5f7158154602d23b0750d4304c73e2aead8df5b/pkg/commands/git_commands/stash.go#L56
pkg/commands/git_commands/stash.go,63,"func (self *StashCommands) Store(hash string, message string) error {",pending,https://github.com/jesseduffield/lazygit/blob/c5f7158154602d23b0750d4304c73e2aead8df5b/pkg/commands/git_commands/stash.go#L63
pkg/commands/git_commands/stash.go,74,"func (self *StashCommands) Hash(index int) (string, error) {",pending,https://github.com/jesseduffield/lazygit/blob/c5f7158154602d23b0750d4304c73e2aead8df5b/pkg/commands/git_commands/stash.go#L74
pkg/commands/git_commands/stash.go,83,"func (self *StashCommands) ShowStashEntryCmdObj(index int, mode DiffMode) *oscommands.CmdObj {",pending,https://github.com/jesseduffield/lazygit/blob/c5f7158154602d23b0750d4304c73e2aead8df5b/pkg/commands/git_commands/stash.go#L83
pkg/commands/git_commands/stash.go,98,func (self *StashCommands) StashAndKeepIndex(message string) error {,pending,https://github.com/jesseduffield/lazygit/blob/c5f7158154602d23b0750d4304c73e2aead8df5b/pkg/commands/git_commands/stash.go#L98
pkg/commands/git_commands/stash.go,105,func (self *StashCommands) StashUnstagedChanges(message string) error {,pending,https://github.com/jesseduffield/lazygit/blob/c5f7158154602d23b0750d4304c73e2aead8df5b/pkg/commands/git_commands/stash.go#L105
pkg/commands/git_commands/stash.go,126,func (self *StashCommands) SaveStagedChanges(message string) error {,pending,https://github.com/jesseduffield/lazygit/blob/c5f7158154602d23b0750d4304c73e2aead8df5b/pkg/commands/git_commands/stash.go#L126
pkg/commands/git_commands/stash.go,188,func (self *StashCommands) StashIncludeUntrackedChanges(message string) error {,pending,https://github.com/jesseduffield/lazygit/blob/c5f7158154602d23b0750d4304c73e2aead8df5b/pkg/commands/git_commands/stash.go#L188
pkg/commands/git_commands/stash.go,195,"func (self *StashCommands) Rename(index int, message string) error {",pending,https://github.com/jesseduffield/lazygit/blob/c5f7158154602d23b0750d4304c73e2aead8df5b/pkg/commands/git_commands/stash.go#L195
pkg/commands/git_commands/stash_loader.go,20,func NewStashLoader(,pending,https://github.com/jesseduffield/lazygit/blob/c5f7158154602d23b0750d4304c73e2aead8df5b/pkg/commands/git_commands/stash_loader.go#L20
pkg/commands/git_commands/stash_loader.go,30,func (self *StashLoader) GetStashEntries(filterPath string) []*models.StashEntry {,pending,https://github.com/jesseduffield/lazygit/blob/c5f7158154602d23b0750d4304c73e2aead8df5b/pkg/commands/git_commands/stash_loader.go#L30
pkg/commands/git_commands/stash_loader.go,68,func (self *StashLoader) getUnfilteredStashEntries() []*models.StashEntry {,pending,https://github.com/jesseduffield/lazygit/blob/c5f7158154602d23b0750d4304c73e2aead8df5b/pkg/commands/git_commands/stash_loader.go#L68
pkg/commands/git_commands/stash_loader.go,77,"func stashEntryFromLine(line string, index int) *models.StashEntry {",pending,https://github.com/jesseduffield/lazygit/blob/c5f7158154602d23b0750d4304c73e2aead8df5b/pkg/commands/git_commands/stash_loader.go#L77
pkg/commands/git_commands/status.go,17,func NewStatusCommands(,pending,https://github.com/jesseduffield/lazygit/blob/c5f7158154602d23b0750d4304c73e2aead8df5b/pkg/commands/git_commands/status.go#L17
pkg/commands/git_commands/status.go,25,func (self *StatusCommands) WorkingTreeState() models.WorkingTreeState {,pending,https://github.com/jesseduffield/lazygit/blob/c5f7158154602d23b0750d4304c73e2aead8df5b/pkg/commands/git_commands/status.go#L25
pkg/commands/git_commands/status.go,34,func (self *StatusCommands) IsBareRepo() bool {,pending,https://github.com/jesseduffield/lazygit/blob/c5f7158154602d23b0750d4304c73e2aead8df5b/pkg/commands/git_commands/status.go#L34
pkg/commands/git_commands/status.go,38,"func (self *StatusCommands) IsInRebase() (bool, error) {",pending,https://github.com/jesseduffield/lazygit/blob/c5f7158154602d23b0750d4304c73e2aead8df5b/pkg/commands/git_commands/status.go#L38
pkg/commands/git_commands/status.go,47,"func (self *StatusCommands) IsInMergeState() (bool, error) {",pending,https://github.com/jesseduffield/lazygit/blob/c5f7158154602d23b0750d4304c73e2aead8df5b/pkg/commands/git_commands/status.go#L47
pkg/commands/git_commands/status.go,51,"func (self *StatusCommands) IsInCherryPick() (bool, error) {",pending,https://github.com/jesseduffield/lazygit/blob/c5f7158154602d23b0750d4304c73e2aead8df5b/pkg/commands/git_commands/status.go#L51
pkg/commands/git_commands/status.go,83,"func (self *StatusCommands) IsInRevert() (bool, error) {",pending,https://github.com/jesseduffield/lazygit/blob/c5f7158154602d23b0750d4304c73e2aead8df5b/pkg/commands/git_commands/status.go#L83
pkg/commands/git_commands/status.go,90,"func (self *StatusCommands) RefsSnapshot() (string, error) {",pending,https://github.com/jesseduffield/lazygit/blob/c5f7158154602d23b0750d4304c73e2aead8df5b/pkg/commands/git_commands/status.go#L90
pkg/commands/git_commands/status.go,123,"func (self *StatusCommands) headSnapshot() (string, error) {",pending,https://github.com/jesseduffield/lazygit/blob/c5f7158154602d23b0750d4304c73e2aead8df5b/pkg/commands/git_commands/status.go#L123
pkg/commands/git_commands/status.go,149,func (self *StatusCommands) BranchBeingRebased() string {,pending,https://github.com/jesseduffield/lazygit/blob/c5f7158154602d23b0750d4304c73e2aead8df5b/pkg/commands/git_commands/status.go#L149
pkg/commands/git_commands/submodule.go,24,func NewSubmoduleCommands(gitCommon *GitCommon) *SubmoduleCommands {,pending,https://github.com/jesseduffield/lazygit/blob/c5f7158154602d23b0750d4304c73e2aead8df5b/pkg/commands/git_commands/submodule.go#L24
pkg/commands/git_commands/submodule.go,30,"func (self *SubmoduleCommands) GetConfigs(parentModule *models.SubmoduleConfig) ([]*models.SubmoduleConfig, error) {",pending,https://github.com/jesseduffield/lazygit/blob/c5f7158154602d23b0750d4304c73e2aead8df5b/pkg/commands/git_commands/submodule.go#L30
pkg/commands/git_commands/submodule.go,100,"func (self *SubmoduleCommands) AnyHaveStageableChanges(paths []string) (bool, error) {",pending,https://github.com/jesseduffield/lazygit/blob/c5f7158154602d23b0750d4304c73e2aead8df5b/pkg/commands/git_commands/submodule.go#L100
pkg/commands/git_commands/submodule.go,123,"func (self *SubmoduleCommands) GetConflictCommits(path string) (base string, ours string, theirs string, err error) {",pending,https://github.com/jesseduffield/lazygit/blob/c5f7158154602d23b0750d4304c73e2aead8df5b/pkg/commands/git_commands/submodule.go#L123
pkg/commands/git_commands/submodule.go,153,"func (self *SubmoduleCommands) GetCommitSummary(path string, sha string) (string, error) {",pending,https://github.com/jesseduffield/lazygit/blob/c5f7158154602d23b0750d4304c73e2aead8df5b/pkg/commands/git_commands/submodule.go#L153
pkg/commands/git_commands/submodule.go,168,"func (self *SubmoduleCommands) CheckoutConflictCommit(path string, sha string) error {",pending,https://github.com/jesseduffield/lazygit/blob/c5f7158154602d23b0750d4304c73e2aead8df5b/pkg/commands/git_commands/submodule.go#L168
pkg/commands/git_commands/submodule.go,177,"func (self *SubmoduleCommands) ConflictSideLog(path string, side string, otherSide string) (string, error) {",pending,https://github.com/jesseduffield/lazygit/blob/c5f7158154602d23b0750d4304c73e2aead8df5b/pkg/commands/git_commands/submodule.go#L177
pkg/commands/git_commands/submodule.go,185,func (self *SubmoduleCommands) Stash(submodule *models.SubmoduleConfig) error {,pending,https://github.com/jesseduffield/lazygit/blob/c5f7158154602d23b0750d4304c73e2aead8df5b/pkg/commands/git_commands/submodule.go#L185
pkg/commands/git_commands/submodule.go,201,func (self *SubmoduleCommands) Reset(submodule *models.SubmoduleConfig) error {,pending,https://github.com/jesseduffield/lazygit/blob/c5f7158154602d23b0750d4304c73e2aead8df5b/pkg/commands/git_commands/submodule.go#L201
pkg/commands/git_commands/submodule.go,209,func (self *SubmoduleCommands) UpdateAll() error {,pending,https://github.com/jesseduffield/lazygit/blob/c5f7158154602d23b0750d4304c73e2aead8df5b/pkg/commands/git_commands/submodule.go#L209
pkg/commands/git_commands/submodule.go,230,"func (self *SubmoduleCommands) runInParentModule(submodule *models.SubmoduleConfig, cmdObj *oscommands.CmdObj) error {",pending,https://github.com/jesseduffield/lazygit/blob/c5f7158154602d23b0750d4304c73e2aead8df5b/pkg/commands/git_commands/submodule.go#L230
pkg/commands/git_commands/submodule.go,237,func (self *SubmoduleCommands) Delete(submodule *models.SubmoduleConfig) error {,pending,https://github.com/jesseduffield/lazygit/blob/c5f7158154602d23b0750d4304c73e2aead8df5b/pkg/commands/git_commands/submodule.go#L237
pkg/commands/git_commands/submodule.go,277,"func (self *SubmoduleCommands) Add(name string, path string, url string) error {",pending,https://github.com/jesseduffield/lazygit/blob/c5f7158154602d23b0750d4304c73e2aead8df5b/pkg/commands/git_commands/submodule.go#L277
pkg/commands/git_commands/submodule.go,291,"func (self *SubmoduleCommands) UpdateUrl(submodule *models.SubmoduleConfig, newUrl string) error {",pending,https://github.com/jesseduffield/lazygit/blob/c5f7158154602d23b0750d4304c73e2aead8df5b/pkg/commands/git_commands/submodule.go#L291
pkg/commands/git_commands/submodule.go,313,func (self *SubmoduleCommands) Init(path string) error {,pending,https://github.com/jesseduffield/lazygit/blob/c5f7158154602d23b0750d4304c73e2aead8df5b/pkg/commands/git_commands/submodule.go#L313
pkg/commands/git_commands/submodule.go,320,func (self *SubmoduleCommands) Update(path string) error {,pending,https://github.com/jesseduffield/lazygit/blob/c5f7158154602d23b0750d4304c73e2aead8df5b/pkg/commands/git_commands/submodule.go#L320
pkg/commands/git_commands/submodule.go,327,func (self *SubmoduleCommands) BulkInitCmdObj() *oscommands.CmdObj {,pending,https://github.com/jesseduffield/lazygit/blob/c5f7158154602d23b0750d4304c73e2aead8df5b/pkg/commands/git_commands/submodule.go#L327
pkg/commands/git_commands/submodule.go,334,func (self *SubmoduleCommands) BulkUpdateCmdObj() *oscommands.CmdObj {,pending,https://github.com/jesseduffield/lazygit/blob/c5f7158154602d23b0750d4304c73e2aead8df5b/pkg/commands/git_commands/submodule.go#L334
pkg/commands/git_commands/submodule.go,341,func (self *SubmoduleCommands) ForceBulkUpdateCmdObj() *oscommands.CmdObj {,pending,https://github.com/jesseduffield/lazygit/blob/c5f7158154602d23b0750d4304c73e2aead8df5b/pkg/commands/git_commands/submodule.go#L341
pkg/commands/git_commands/submodule.go,348,func (self *SubmoduleCommands) BulkUpdateRecursivelyCmdObj() *oscommands.CmdObj {,pending,https://github.com/jesseduffield/lazygit/blob/c5f7158154602d23b0750d4304c73e2aead8df5b/pkg/commands/git_commands/submodule.go#L348
pkg/commands/git_commands/submodule.go,355,func (self *SubmoduleCommands) BulkDeinitCmdObj() *oscommands.CmdObj {,pending,https://github.com/jesseduffield/lazygit/blob/c5f7158154602d23b0750d4304c73e2aead8df5b/pkg/commands/git_commands/submodule.go#L355
pkg/commands/git_commands/submodule.go,362,func (self *SubmoduleCommands) ResetSubmodules(submodules []*models.SubmoduleConfig) error {,pending,https://github.com/jesseduffield/lazygit/blob/c5f7158154602d23b0750d4304c73e2aead8df5b/pkg/commands/git_commands/submodule.go#L362
pkg/commands/git_commands/sync.go,16,func NewSyncCommands(gitCommon *GitCommon) *SyncCommands {,pending,https://github.com/jesseduffield/lazygit/blob/c5f7158154602d23b0750d4304c73e2aead8df5b/pkg/commands/git_commands/sync.go#L16
pkg/commands/git_commands/sync.go,35,"func (self *SyncCommands) PushCmdObj(task gocui.Task, opts PushOpts) (*oscommands.CmdObj, error) {",pending,https://github.com/jesseduffield/lazygit/blob/c5f7158154602d23b0750d4304c73e2aead8df5b/pkg/commands/git_commands/sync.go#L35
pkg/commands/git_commands/sync.go,52,"func (self *SyncCommands) Push(task gocui.Task, opts PushOpts) error {",pending,https://github.com/jesseduffield/lazygit/blob/c5f7158154602d23b0750d4304c73e2aead8df5b/pkg/commands/git_commands/sync.go#L52
pkg/commands/git_commands/sync.go,61,func (self *SyncCommands) fetchCommandBuilder(fetchAll bool) *GitCommandBuilder {,pending,https://github.com/jesseduffield/lazygit/blob/c5f7158154602d23b0750d4304c73e2aead8df5b/pkg/commands/git_commands/sync.go#L61
pkg/commands/git_commands/sync.go,69,func (self *SyncCommands) FetchCmdObj(task gocui.Task) *oscommands.CmdObj {,pending,https://github.com/jesseduffield/lazygit/blob/c5f7158154602d23b0750d4304c73e2aead8df5b/pkg/commands/git_commands/sync.go#L69
pkg/commands/git_commands/sync.go,77,func (self *SyncCommands) Fetch(task gocui.Task) error {,pending,https://github.com/jesseduffield/lazygit/blob/c5f7158154602d23b0750d4304c73e2aead8df5b/pkg/commands/git_commands/sync.go#L77
pkg/commands/git_commands/sync.go,81,func (self *SyncCommands) FetchBackgroundCmdObj() *oscommands.CmdObj {,pending,https://github.com/jesseduffield/lazygit/blob/c5f7158154602d23b0750d4304c73e2aead8df5b/pkg/commands/git_commands/sync.go#L81
pkg/commands/git_commands/sync.go,90,func (self *SyncCommands) FetchBackground() error {,pending,https://github.com/jesseduffield/lazygit/blob/c5f7158154602d23b0750d4304c73e2aead8df5b/pkg/commands/git_commands/sync.go#L90
pkg/commands/git_commands/sync.go,102,"func (self *SyncCommands) Pull(task gocui.Task, opts PullOptions) error {",pending,https://github.com/jesseduffield/lazygit/blob/c5f7158154602d23b0750d4304c73e2aead8df5b/pkg/commands/git_commands/sync.go#L102
pkg/commands/git_commands/sync.go,120,func (self *SyncCommands) FetchRemoteBranches(,pending,https://github.com/jesseduffield/lazygit/blob/c5f7158154602d23b0750d4304c73e2aead8df5b/pkg/commands/git_commands/sync.go#L120
pkg/commands/git_commands/sync.go,141,"func (self *SyncCommands) FetchRemote(task gocui.Task, remoteName string) error {",pending,https://github.com/jesseduffield/lazygit/blob/c5f7158154602d23b0750d4304c73e2aead8df5b/pkg/commands/git_commands/sync.go#L141
pkg/commands/git_commands/tag.go,15,func NewTagCommands(gitCommon *GitCommon) *TagCommands {,pending,https://github.com/jesseduffield/lazygit/blob/c5f7158154602d23b0750d4304c73e2aead8df5b/pkg/commands/git_commands/tag.go#L15
pkg/commands/git_commands/tag.go,21,"func (self *TagCommands) CreateLightweightObj(tagName string, ref string, force bool) *oscommands.CmdObj {",pending,https://github.com/jesseduffield/lazygit/blob/c5f7158154602d23b0750d4304c73e2aead8df5b/pkg/commands/git_commands/tag.go#L21
pkg/commands/git_commands/tag.go,31,"func (self *TagCommands) CreateAnnotatedObj(tagName, ref, msg string, force bool) *oscommands.CmdObj {",pending,https://github.com/jesseduffield/lazygit/blob/c5f7158154602d23b0750d4304c73e2aead8df5b/pkg/commands/git_commands/tag.go#L31
pkg/commands/git_commands/tag.go,41,func (self *TagCommands) HasTag(tagName string) bool {,pending,https://github.com/jesseduffield/lazygit/blob/c5f7158154602d23b0750d4304c73e2aead8df5b/pkg/commands/git_commands/tag.go#L41
pkg/commands/git_commands/tag.go,50,func (self *TagCommands) LocalDelete(tagNames []string) error {,pending,https://github.com/jesseduffield/lazygit/blob/c5f7158154602d23b0750d4304c73e2aead8df5b/pkg/commands/git_commands/tag.go#L50
pkg/commands/git_commands/tag.go,57,"func (self *TagCommands) Push(task gocui.Task, remoteName string, tagNames []string) error {",pending,https://github.com/jesseduffield/lazygit/blob/c5f7158154602d23b0750d4304c73e2aead8df5b/pkg/commands/git_commands/tag.go#L57
pkg/commands/git_commands/tag.go,73,"func (self *TagCommands) ShowAnnotationInfo(tagName string) (string, error) {",pending,https://github.com/jesseduffield/lazygit/blob/c5f7158154602d23b0750d4304c73e2aead8df5b/pkg/commands/git_commands/tag.go#L73
pkg/commands/git_commands/tag.go,82,"func (self *TagCommands) IsTagAnnotated(tagName string) (bool, error) {",pending,https://github.com/jesseduffield/lazygit/blob/c5f7158154602d23b0750d4304c73e2aead8df5b/pkg/commands/git_commands/tag.go#L82
pkg/commands/git_commands/tag_loader.go,18,func NewTagLoader(,pending,https://github.com/jesseduffield/lazygit/blob/c5f7158154602d23b0750d4304c73e2aead8df5b/pkg/commands/git_commands/tag_loader.go#L18
pkg/commands/git_commands/tag_loader.go,28,"func (self *TagLoader) GetTags() ([]*models.Tag, error) {",pending,https://github.com/jesseduffield/lazygit/blob/c5f7158154602d23b0750d4304c73e2aead8df5b/pkg/commands/git_commands/tag_loader.go#L28
pkg/commands/git_commands/version.go,17,"func GetGitVersion(osCommand *oscommands.OSCommand) (*GitVersion, error) {",pending,https://github.com/jesseduffield/lazygit/blob/c5f7158154602d23b0750d4304c73e2aead8df5b/pkg/commands/git_commands/version.go#L17
pkg/commands/git_commands/version.go,31,"func ParseGitVersion(versionStr string) (*GitVersion, error) {",pending,https://github.com/jesseduffield/lazygit/blob/c5f7158154602d23b0750d4304c73e2aead8df5b/pkg/commands/git_commands/version.go#L31
pkg/commands/git_commands/version.go,63,"func (v *GitVersion) IsOlderThan(major, minor, patch int) bool {",pending,https://github.com/jesseduffield/lazygit/blob/c5f7158154602d23b0750d4304c73e2aead8df5b/pkg/commands/git_commands/version.go#L63
pkg/commands/git_commands/version.go,69,func (v *GitVersion) IsOlderThanVersion(version *GitVersion) bool {,pending,https://github.com/jesseduffield/lazygit/blob/c5f7158154602d23b0750d4304c73e2aead8df5b/pkg/commands/git_commands/version.go#L69
pkg/commands/git_commands/version.go,73,"func (v *GitVersion) IsAtLeast(major, minor, patch int) bool {",pending,https://github.com/jesseduffield/lazygit/blob/c5f7158154602d23b0750d4304c73e2aead8df5b/pkg/commands/git_commands/version.go#L73
pkg/commands/git_commands/version.go,77,func (v *GitVersion) IsAtLeastVersion(version *GitVersion) bool {,pending,https://github.com/jesseduffield/lazygit/blob/c5f7158154602d23b0750d4304c73e2aead8df5b/pkg/commands/git_commands/version.go#L77
pkg/commands/git_commands/working_tree.go,24,func NewWorkingTreeCommands(,pending,https://github.com/jesseduffield/lazygit/blob/c5f7158154602d23b0750d4304c73e2aead8df5b/pkg/commands/git_commands/working_tree.go#L24
pkg/commands/git_commands/working_tree.go,36,func (self *WorkingTreeCommands) OpenMergeToolCmdObj() *oscommands.CmdObj {,pending,https://github.com/jesseduffield/lazygit/blob/c5f7158154602d23b0750d4304c73e2aead8df5b/pkg/commands/git_commands/working_tree.go#L36
pkg/commands/git_commands/working_tree.go,41,func (self *WorkingTreeCommands) StageFile(path string) error {,pending,https://github.com/jesseduffield/lazygit/blob/c5f7158154602d23b0750d4304c73e2aead8df5b/pkg/commands/git_commands/working_tree.go#L41
pkg/commands/git_commands/working_tree.go,45,"func (self *WorkingTreeCommands) StageFiles(paths []string, extraArgs []string) error {",pending,https://github.com/jesseduffield/lazygit/blob/c5f7158154602d23b0750d4304c73e2aead8df5b/pkg/commands/git_commands/working_tree.go#L45
pkg/commands/git_commands/working_tree.go,56,func (self *WorkingTreeCommands) StageAll(onlyTrackedFiles bool) error {,pending,https://github.com/jesseduffield/lazygit/blob/c5f7158154602d23b0750d4304c73e2aead8df5b/pkg/commands/git_commands/working_tree.go#L56
pkg/commands/git_commands/working_tree.go,65,func (self *WorkingTreeCommands) UnstageAll() error {,pending,https://github.com/jesseduffield/lazygit/blob/c5f7158154602d23b0750d4304c73e2aead8df5b/pkg/commands/git_commands/working_tree.go#L65
pkg/commands/git_commands/working_tree.go,72,"func (self *WorkingTreeCommands) UnStageFile(paths []string, tracked bool) error {",pending,https://github.com/jesseduffield/lazygit/blob/c5f7158154602d23b0750d4304c73e2aead8df5b/pkg/commands/git_commands/working_tree.go#L72
pkg/commands/git_commands/working_tree.go,79,func (self *WorkingTreeCommands) UnstageTrackedFiles(paths []string) error {,pending,https://github.com/jesseduffield/lazygit/blob/c5f7158154602d23b0750d4304c73e2aead8df5b/pkg/commands/git_commands/working_tree.go#L79
pkg/commands/git_commands/working_tree.go,83,func (self *WorkingTreeCommands) UnstageUntrackedFiles(paths []string) error {,pending,https://github.com/jesseduffield/lazygit/blob/c5f7158154602d23b0750d4304c73e2aead8df5b/pkg/commands/git_commands/working_tree.go#L83
pkg/commands/git_commands/working_tree.go,87,"func (self *WorkingTreeCommands) BeforeAndAfterFileForRename(file *models.File) (*models.File, *models.File, error) {",pending,https://github.com/jesseduffield/lazygit/blob/c5f7158154602d23b0750d4304c73e2aead8df5b/pkg/commands/git_commands/working_tree.go#L87
pkg/commands/git_commands/working_tree.go,123,func (self *WorkingTreeCommands) DiscardAllFileChanges(file *models.File) error {,pending,https://github.com/jesseduffield/lazygit/blob/c5f7158154602d23b0750d4304c73e2aead8df5b/pkg/commands/git_commands/working_tree.go#L123
pkg/commands/git_commands/working_tree.go,190,func (self *WorkingTreeCommands) DiscardAllDirChanges(nodes []IFileNode) error {,pending,https://github.com/jesseduffield/lazygit/blob/c5f7158154602d23b0750d4304c73e2aead8df5b/pkg/commands/git_commands/working_tree.go#L190
pkg/commands/git_commands/working_tree.go,251,func (self *WorkingTreeCommands) DiscardUnstagedDirChanges(nodes []IFileNode) error {,pending,https://github.com/jesseduffield/lazygit/blob/c5f7158154602d23b0750d4304c73e2aead8df5b/pkg/commands/git_commands/working_tree.go#L251
pkg/commands/git_commands/working_tree.go,281,"func (self *WorkingTreeCommands) removeFiles(paths []string, selectedNodes []IFileNode) error {",pending,https://github.com/jesseduffield/lazygit/blob/c5f7158154602d23b0750d4304c73e2aead8df5b/pkg/commands/git_commands/working_tree.go#L281
pkg/commands/git_commands/working_tree.go,294,"func (self *WorkingTreeCommands) removeEmptyDirs(removedFilePaths []string, selectedDirs []string) error {",pending,https://github.com/jesseduffield/lazygit/blob/c5f7158154602d23b0750d4304c73e2aead8df5b/pkg/commands/git_commands/working_tree.go#L294
pkg/commands/git_commands/working_tree.go,328,"func isUnderSelectedDir(path string, selectedDirs []string) bool {",pending,https://github.com/jesseduffield/lazygit/blob/c5f7158154602d23b0750d4304c73e2aead8df5b/pkg/commands/git_commands/working_tree.go#L328
pkg/commands/git_commands/working_tree.go,339,func selectedDirPaths(nodes []IFileNode) []string {,pending,https://github.com/jesseduffield/lazygit/blob/c5f7158154602d23b0750d4304c73e2aead8df5b/pkg/commands/git_commands/working_tree.go#L339
pkg/commands/git_commands/working_tree.go,345,func (self *WorkingTreeCommands) RemoveUntrackedDirFiles(node IFileNode) error {,pending,https://github.com/jesseduffield/lazygit/blob/c5f7158154602d23b0750d4304c73e2aead8df5b/pkg/commands/git_commands/working_tree.go#L345
pkg/commands/git_commands/working_tree.go,359,func (self *WorkingTreeCommands) DiscardUnstagedFileChanges(file *models.File) error {,pending,https://github.com/jesseduffield/lazygit/blob/c5f7158154602d23b0750d4304c73e2aead8df5b/pkg/commands/git_commands/working_tree.go#L359
pkg/commands/git_commands/working_tree.go,365,func escapeFilename(filename string) string {,pending,https://github.com/jesseduffield/lazygit/blob/c5f7158154602d23b0750d4304c73e2aead8df5b/pkg/commands/git_commands/working_tree.go#L365
pkg/commands/git_commands/working_tree.go,371,func (self *WorkingTreeCommands) Ignore(filename string) error {,pending,https://github.com/jesseduffield/lazygit/blob/c5f7158154602d23b0750d4304c73e2aead8df5b/pkg/commands/git_commands/working_tree.go#L371
pkg/commands/git_commands/working_tree.go,376,func (self *WorkingTreeCommands) Exclude(filename string) error {,pending,https://github.com/jesseduffield/lazygit/blob/c5f7158154602d23b0750d4304c73e2aead8df5b/pkg/commands/git_commands/working_tree.go#L376
pkg/commands/git_commands/working_tree.go,386,"func (self *WorkingTreeCommands) WorktreeFileDiff(file *models.File, mode DiffMode, cached bool) string {",pending,https://github.com/jesseduffield/lazygit/blob/c5f7158154602d23b0750d4304c73e2aead8df5b/pkg/commands/git_commands/working_tree.go#L386
pkg/commands/git_commands/working_tree.go,396,"func (self *WorkingTreeCommands) WorktreeFileDiffCmdObj(node models.IFile, mode DiffMode, cached bool, paths []string) *oscommands.CmdObj {",pending,https://github.com/jesseduffield/lazygit/blob/c5f7158154602d23b0750d4304c73e2aead8df5b/pkg/commands/git_commands/working_tree.go#L396
pkg/commands/git_commands/working_tree.go,418,"func (self *WorkingTreeCommands) ShowFileDiff(from string, to string, reverse bool, fileName string, previousPath string, mode DiffMode) (string, error) {",pending,https://github.com/jesseduffield/lazygit/blob/c5f7158154602d23b0750d4304c73e2aead8df5b/pkg/commands/git_commands/working_tree.go#L418
pkg/commands/git_commands/working_tree.go,426,"func (self *WorkingTreeCommands) ShowFileDiffCmdObj(from string, to string, reverse bool, fileNames []string, mode DiffMode) *oscommands.CmdObj {",pending,https://github.com/jesseduffield/lazygit/blob/c5f7158154602d23b0750d4304c73e2aead8df5b/pkg/commands/git_commands/working_tree.go#L426
pkg/commands/git_commands/working_tree.go,444,"func (self *WorkingTreeCommands) CheckoutFile(commitHash, fileName string) error {",pending,https://github.com/jesseduffield/lazygit/blob/c5f7158154602d23b0750d4304c73e2aead8df5b/pkg/commands/git_commands/working_tree.go#L444
pkg/commands/git_commands/working_tree.go,452,func (self *WorkingTreeCommands) DiscardAnyUnstagedFileChanges() error {,pending,https://github.com/jesseduffield/lazygit/blob/c5f7158154602d23b0750d4304c73e2aead8df5b/pkg/commands/git_commands/working_tree.go#L452
pkg/commands/git_commands/working_tree.go,460,func (self *WorkingTreeCommands) RemoveTrackedFiles(name string) error {,pending,https://github.com/jesseduffield/lazygit/blob/c5f7158154602d23b0750d4304c73e2aead8df5b/pkg/commands/git_commands/working_tree.go#L460
pkg/commands/git_commands/working_tree.go,467,func (self *WorkingTreeCommands) RemoveConflictedFile(name string) error {,pending,https://github.com/jesseduffield/lazygit/blob/c5f7158154602d23b0750d4304c73e2aead8df5b/pkg/commands/git_commands/working_tree.go#L467
pkg/commands/git_commands/working_tree.go,475,func (self *WorkingTreeCommands) RemoveUntrackedFiles() error {,pending,https://github.com/jesseduffield/lazygit/blob/c5f7158154602d23b0750d4304c73e2aead8df5b/pkg/commands/git_commands/working_tree.go#L475
pkg/commands/git_commands/working_tree.go,482,func (self *WorkingTreeCommands) ResetAndClean() error {,pending,https://github.com/jesseduffield/lazygit/blob/c5f7158154602d23b0750d4304c73e2aead8df5b/pkg/commands/git_commands/working_tree.go#L482
pkg/commands/git_commands/working_tree.go,502,func (self *WorkingTreeCommands) ResetHard(ref string) error {,pending,https://github.com/jesseduffield/lazygit/blob/c5f7158154602d23b0750d4304c73e2aead8df5b/pkg/commands/git_commands/working_tree.go#L502
pkg/commands/git_commands/working_tree.go,510,func (self *WorkingTreeCommands) ResetSoft(ref string) error {,pending,https://github.com/jesseduffield/lazygit/blob/c5f7158154602d23b0750d4304c73e2aead8df5b/pkg/commands/git_commands/working_tree.go#L510
pkg/commands/git_commands/working_tree.go,521,"func (self *WorkingTreeCommands) ResetKeep(ref string, worktreeGitDir string, worktreePath string) error {",pending,https://github.com/jesseduffield/lazygit/blob/c5f7158154602d23b0750d4304c73e2aead8df5b/pkg/commands/git_commands/working_tree.go#L521
pkg/commands/git_commands/working_tree.go,536,"func (self *WorkingTreeCommands) HasChangesToTrackedFiles(worktreeGitDir string, worktreePath string) (bool, error) {",pending,https://github.com/jesseduffield/lazygit/blob/c5f7158154602d23b0750d4304c73e2aead8df5b/pkg/commands/git_commands/working_tree.go#L536
pkg/commands/git_commands/working_tree.go,553,func (self *WorkingTreeCommands) ResetMixed(ref string) error {,pending,https://github.com/jesseduffield/lazygit/blob/c5f7158154602d23b0750d4304c73e2aead8df5b/pkg/commands/git_commands/working_tree.go#L553
pkg/commands/git_commands/working_tree.go,560,"func (self *WorkingTreeCommands) ShowFileAtStage(path string, stage int) (string, error) {",pending,https://github.com/jesseduffield/lazygit/blob/c5f7158154602d23b0750d4304c73e2aead8df5b/pkg/commands/git_commands/working_tree.go#L560
pkg/commands/git_commands/working_tree.go,568,"func (self *WorkingTreeCommands) ObjectIDAtStage(path string, stage int) (string, error) {",pending,https://github.com/jesseduffield/lazygit/blob/c5f7158154602d23b0750d4304c73e2aead8df5b/pkg/commands/git_commands/working_tree.go#L568
pkg/commands/git_commands/working_tree.go,581,"func (self *WorkingTreeCommands) MergeFileForFiles(strategy string, oursFilepath string, baseFilepath string, theirsFilepath string) (string, error) {",pending,https://github.com/jesseduffield/lazygit/blob/c5f7158154602d23b0750d4304c73e2aead8df5b/pkg/commands/git_commands/working_tree.go#L581
pkg/commands/git_commands/working_tree.go,592,"func (self *WorkingTreeCommands) MergeFileForObjectIDs(strategy string, oursID string, baseID string, theirsID string) (string, error) {",pending,https://github.com/jesseduffield/lazygit/blob/c5f7158154602d23b0750d4304c73e2aead8df5b/pkg/commands/git_commands/working_tree.go#L592
pkg/commands/git_commands/working_tree.go,607,"func (self *WorkingTreeCommands) AllRepoFiles() ([]string, error) {",pending,https://github.com/jesseduffield/lazygit/blob/c5f7158154602d23b0750d4304c73e2aead8df5b/pkg/commands/git_commands/working_tree.go#L607
pkg/commands/git_commands/worktree.go,13,func NewWorktreeCommands(gitCommon *GitCommon) *WorktreeCommands {,pending,https://github.com/jesseduffield/lazygit/blob/c5f7158154602d23b0750d4304c73e2aead8df5b/pkg/commands/git_commands/worktree.go#L13
pkg/commands/git_commands/worktree.go,32,func (self *WorktreeCommands) New(opts NewWorktreeOpts) error {,pending,https://github.com/jesseduffield/lazygit/blob/c5f7158154602d23b0750d4304c73e2aead8df5b/pkg/commands/git_commands/worktree.go#L32
pkg/commands/git_commands/worktree.go,45,"func (self *WorktreeCommands) Delete(worktreePath string, force bool) error {",pending,https://github.com/jesseduffield/lazygit/blob/c5f7158154602d23b0750d4304c73e2aead8df5b/pkg/commands/git_commands/worktree.go#L45
pkg/commands/git_commands/worktree.go,51,func (self *WorktreeCommands) Detach(worktreePath string) error {,pending,https://github.com/jesseduffield/lazygit/blob/c5f7158154602d23b0750d4304c73e2aead8df5b/pkg/commands/git_commands/worktree.go#L51
pkg/commands/git_commands/worktree.go,57,"func WorktreeForBranch(branch *models.Branch, worktrees []*models.Worktree) (*models.Worktree, bool) {",pending,https://github.com/jesseduffield/lazygit/blob/c5f7158154602d23b0750d4304c73e2aead8df5b/pkg/commands/git_commands/worktree.go#L57
pkg/commands/git_commands/worktree.go,67,"func CheckedOutByOtherWorktree(branch *models.Branch, worktrees []*models.Worktree) bool {",pending,https://github.com/jesseduffield/lazygit/blob/c5f7158154602d23b0750d4304c73e2aead8df5b/pkg/commands/git_commands/worktree.go#L67
pkg/commands/git_commands/worktree_loader.go,20,func NewWorktreeLoader(gitCommon *GitCommon) *WorktreeLoader {,pending,https://github.com/jesseduffield/lazygit/blob/c5f7158154602d23b0750d4304c73e2aead8df5b/pkg/commands/git_commands/worktree_loader.go#L20
pkg/commands/git_commands/worktree_loader.go,24,"func (self *WorktreeLoader) GetWorktrees() ([]*models.Worktree, error) {",pending,https://github.com/jesseduffield/lazygit/blob/c5f7158154602d23b0750d4304c73e2aead8df5b/pkg/commands/git_commands/worktree_loader.go#L24
pkg/commands/git_commands/worktree_loader.go,158,func (self *WorktreeLoader) pathExists(path string) bool {,pending,https://github.com/jesseduffield/lazygit/blob/c5f7158154602d23b0750d4304c73e2aead8df5b/pkg/commands/git_commands/worktree_loader.go#L158
pkg/commands/git_commands/worktree_loader.go,169,"func (self *WorktreeLoader) rebasedBranch(worktree *models.Worktree) (string, bool) {",pending,https://github.com/jesseduffield/lazygit/blob/c5f7158154602d23b0750d4304c73e2aead8df5b/pkg/commands/git_commands/worktree_loader.go#L169
pkg/commands/git_commands/worktree_loader.go,181,"func (self *WorktreeLoader) bisectedBranch(worktree *models.Worktree) (string, bool) {",pending,https://github.com/jesseduffield/lazygit/blob/c5f7158154602d23b0750d4304c73e2aead8df5b/pkg/commands/git_commands/worktree_loader.go#L181
pkg/commands/git_commands/worktree_loader.go,201,func getUniqueNamesFromPaths(paths []string) []string {,pending,https://github.com/jesseduffield/lazygit/blob/c5f7158154602d23b0750d4304c73e2aead8df5b/pkg/commands/git_commands/worktree_loader.go#L201
pkg/commands/git_commands/worktree_loader.go,217,"func getUniqueNamesFromPathsAux(paths []pathWithIndexT, depth int) []nameWithIndexT {",pending,https://github.com/jesseduffield/lazygit/blob/c5f7158154602d23b0750d4304c73e2aead8df5b/pkg/commands/git_commands/worktree_loader.go#L217
pkg/commands/git_commands/worktree_loader.go,250,"func valueAtDepth(path string, depth int) string {",pending,https://github.com/jesseduffield/lazygit/blob/c5f7158154602d23b0750d4304c73e2aead8df5b/pkg/commands/git_commands/worktree_loader.go#L250
pkg/commands/git_commands/worktree_loader.go,270,"func sliceAtDepth(path string, depth int) string {",pending,https://github.com/jesseduffield/lazygit/blob/c5f7158154602d23b0750d4304c73e2aead8df5b/pkg/commands/git_commands/worktree_loader.go#L270
pkg/commands/patch/format.go,22,func formatPlain(patch *Patch) string {,pending,https://github.com/jesseduffield/lazygit/blob/c5f7158154602d23b0750d4304c73e2aead8df5b/pkg/commands/patch/format.go#L22
pkg/commands/patch/format.go,31,"func formatRangePlain(patch *Patch, startIdx int, endIdx int) string {",pending,https://github.com/jesseduffield/lazygit/blob/c5f7158154602d23b0750d4304c73e2aead8df5b/pkg/commands/patch/format.go#L31
pkg/commands/patch/format.go,48,"func formatView(patch *Patch, opts FormatViewOpts) string {",pending,https://github.com/jesseduffield/lazygit/blob/c5f7158154602d23b0750d4304c73e2aead8df5b/pkg/commands/patch/format.go#L48
pkg/commands/patch/format.go,61,func (self *patchPresenter) format() string {,pending,https://github.com/jesseduffield/lazygit/blob/c5f7158154602d23b0750d4304c73e2aead8df5b/pkg/commands/patch/format.go#L61
pkg/commands/patch/format.go,111,func (self *patchPresenter) patchLineStyle(patchLine *PatchLine) style.TextStyle {,pending,https://github.com/jesseduffield/lazygit/blob/c5f7158154602d23b0750d4304c73e2aead8df5b/pkg/commands/patch/format.go#L111
pkg/commands/patch/format.go,122,"func (self *patchPresenter) formatLine(str string, textStyle style.TextStyle, index int) string {",pending,https://github.com/jesseduffield/lazygit/blob/c5f7158154602d23b0750d4304c73e2aead8df5b/pkg/commands/patch/format.go#L122
pkg/commands/patch/format.go,131,"func (self *patchPresenter) formatLineAux(str string, textStyle style.TextStyle, included bool) string {",pending,https://github.com/jesseduffield/lazygit/blob/c5f7158154602d23b0750d4304c73e2aead8df5b/pkg/commands/patch/format.go#L131
pkg/commands/patch/hunk.go,29,func (self *Hunk) oldLength() int {,pending,https://github.com/jesseduffield/lazygit/blob/c5f7158154602d23b0750d4304c73e2aead8df5b/pkg/commands/patch/hunk.go#L29
pkg/commands/patch/hunk.go,34,func (self *Hunk) newLength() int {,pending,https://github.com/jesseduffield/lazygit/blob/c5f7158154602d23b0750d4304c73e2aead8df5b/pkg/commands/patch/hunk.go#L34
pkg/commands/patch/hunk.go,41,func (self *Hunk) containsChanges() bool {,pending,https://github.com/jesseduffield/lazygit/blob/c5f7158154602d23b0750d4304c73e2aead8df5b/pkg/commands/patch/hunk.go#L41
pkg/commands/patch/hunk.go,46,func (self *Hunk) lineCount() int {,pending,https://github.com/jesseduffield/lazygit/blob/c5f7158154602d23b0750d4304c73e2aead8df5b/pkg/commands/patch/hunk.go#L46
pkg/commands/patch/hunk.go,51,func (self *Hunk) allLines() []*PatchLine {,pending,https://github.com/jesseduffield/lazygit/blob/c5f7158154602d23b0750d4304c73e2aead8df5b/pkg/commands/patch/hunk.go#L51
pkg/commands/patch/hunk.go,59,func (self *Hunk) formatHeaderLine() string {,pending,https://github.com/jesseduffield/lazygit/blob/c5f7158154602d23b0750d4304c73e2aead8df5b/pkg/commands/patch/hunk.go#L59
pkg/commands/patch/hunk.go,64,func (self *Hunk) formatHeaderStart() string {,pending,https://github.com/jesseduffield/lazygit/blob/c5f7158154602d23b0750d4304c73e2aead8df5b/pkg/commands/patch/hunk.go#L64
pkg/commands/patch/parse.go,14,func Parse(patchStr string) *Patch {,pending,https://github.com/jesseduffield/lazygit/blob/c5f7158154602d23b0750d4304c73e2aead8df5b/pkg/commands/patch/parse.go#L14
pkg/commands/patch/parse.go,48,"func headerInfo(header string) (oldStart int, oldLength int, newStart int, newLength int, headerContext string) {",pending,https://github.com/jesseduffield/lazygit/blob/c5f7158154602d23b0750d4304c73e2aead8df5b/pkg/commands/patch/parse.go#L48
pkg/commands/patch/parse.go,62,func declaredLength(match string) int {,pending,https://github.com/jesseduffield/lazygit/blob/c5f7158154602d23b0750d4304c73e2aead8df5b/pkg/commands/patch/parse.go#L62
pkg/commands/patch/parse.go,69,func newHunkLine(line string) *PatchLine {,pending,https://github.com/jesseduffield/lazygit/blob/c5f7158154602d23b0750d4304c73e2aead8df5b/pkg/commands/patch/parse.go#L69
pkg/commands/patch/parse.go,87,func parseFirstChar(firstChar string) PatchLineKind {,pending,https://github.com/jesseduffield/lazygit/blob/c5f7158154602d23b0750d4304c73e2aead8df5b/pkg/commands/patch/parse.go#L87
pkg/commands/patch/patch.go,21,func (self *Patch) Transform(opts TransformOpts) *Patch {,pending,https://github.com/jesseduffield/lazygit/blob/c5f7158154602d23b0750d4304c73e2aead8df5b/pkg/commands/patch/patch.go#L21
pkg/commands/patch/patch.go,26,func (self *Patch) FormatPlain() string {,pending,https://github.com/jesseduffield/lazygit/blob/c5f7158154602d23b0750d4304c73e2aead8df5b/pkg/commands/patch/patch.go#L26
pkg/commands/patch/patch.go,31,"func (self *Patch) FormatRangePlain(startIdx int, endIdx int) string {",pending,https://github.com/jesseduffield/lazygit/blob/c5f7158154602d23b0750d4304c73e2aead8df5b/pkg/commands/patch/patch.go#L31
pkg/commands/patch/patch.go,36,func (self *Patch) FormatView(opts FormatViewOpts) string {,pending,https://github.com/jesseduffield/lazygit/blob/c5f7158154602d23b0750d4304c73e2aead8df5b/pkg/commands/patch/patch.go#L36
pkg/commands/patch/patch.go,41,func (self *Patch) Lines() []*PatchLine {,pending,https://github.com/jesseduffield/lazygit/blob/c5f7158154602d23b0750d4304c73e2aead8df5b/pkg/commands/patch/patch.go#L41
pkg/commands/patch/patch.go,56,func (self *Patch) HunkOldStartForLine(idx int) int {,pending,https://github.com/jesseduffield/lazygit/blob/c5f7158154602d23b0750d4304c73e2aead8df5b/pkg/commands/patch/patch.go#L56
pkg/commands/patch/patch.go,65,func (self *Patch) HunkStartIdx(hunkIndex int) int {,pending,https://github.com/jesseduffield/lazygit/blob/c5f7158154602d23b0750d4304c73e2aead8df5b/pkg/commands/patch/patch.go#L65
pkg/commands/patch/patch.go,76,func (self *Patch) HunkEndIdx(hunkIndex int) int {,pending,https://github.com/jesseduffield/lazygit/blob/c5f7158154602d23b0750d4304c73e2aead8df5b/pkg/commands/patch/patch.go#L76
pkg/commands/patch/patch.go,90,func (self *Patch) IsWellFormed() bool {,pending,https://github.com/jesseduffield/lazygit/blob/c5f7158154602d23b0750d4304c73e2aead8df5b/pkg/commands/patch/patch.go#L90
pkg/commands/patch/patch.go,103,func (self *Patch) IsWellFormedSoFar() bool {,pending,https://github.com/jesseduffield/lazygit/blob/c5f7158154602d23b0750d4304c73e2aead8df5b/pkg/commands/patch/patch.go#L103
pkg/commands/patch/patch.go,107,func (self *Patch) isWellFormed(lastHunkMayBeIncomplete bool) bool {,pending,https://github.com/jesseduffield/lazygit/blob/c5f7158154602d23b0750d4304c73e2aead8df5b/pkg/commands/patch/patch.go#L107
pkg/commands/patch/patch.go,120,func (self *Patch) ContainsChanges() bool {,pending,https://github.com/jesseduffield/lazygit/blob/c5f7158154602d23b0750d4304c73e2aead8df5b/pkg/commands/patch/patch.go#L120
pkg/commands/patch/patch.go,130,func (self *Patch) LineNumberOfLine(idx int) int {,pending,https://github.com/jesseduffield/lazygit/blob/c5f7158154602d23b0750d4304c73e2aead8df5b/pkg/commands/patch/patch.go#L130
pkg/commands/patch/patch.go,161,func (self *Patch) OldLineNumberOfLine(idx int) int {,pending,https://github.com/jesseduffield/lazygit/blob/c5f7158154602d23b0750d4304c73e2aead8df5b/pkg/commands/patch/patch.go#L161
pkg/commands/patch/patch.go,187,func (self *Patch) HunkContainingLine(idx int) int {,pending,https://github.com/jesseduffield/lazygit/blob/c5f7158154602d23b0750d4304c73e2aead8df5b/pkg/commands/patch/patch.go#L187
pkg/commands/patch/patch.go,200,"func (self *Patch) GetNextChangeIdxOfSameIncludedState(idx int, includedLines []int, included bool) (int, bool) {",pending,https://github.com/jesseduffield/lazygit/blob/c5f7158154602d23b0750d4304c73e2aead8df5b/pkg/commands/patch/patch.go#L200
pkg/commands/patch/patch.go,229,func (self *Patch) GetNextChangeIdx(idx int) int {,pending,https://github.com/jesseduffield/lazygit/blob/c5f7158154602d23b0750d4304c73e2aead8df5b/pkg/commands/patch/patch.go#L229
pkg/commands/patch/patch.go,235,func (self *Patch) LineCount() int {,pending,https://github.com/jesseduffield/lazygit/blob/c5f7158154602d23b0750d4304c73e2aead8df5b/pkg/commands/patch/patch.go#L235
pkg/commands/patch/patch.go,244,func (self *Patch) HunkCount() int {,pending,https://github.com/jesseduffield/lazygit/blob/c5f7158154602d23b0750d4304c73e2aead8df5b/pkg/commands/patch/patch.go#L244
pkg/commands/patch/patch.go,252,func (self *Patch) AdjustLineNumber(lineNumber int) int {,pending,https://github.com/jesseduffield/lazygit/blob/c5f7158154602d23b0750d4304c73e2aead8df5b/pkg/commands/patch/patch.go#L252
pkg/commands/patch/patch_builder.go,79,func NewPatchBuilder(,pending,https://github.com/jesseduffield/lazygit/blob/c5f7158154602d23b0750d4304c73e2aead8df5b/pkg/commands/patch/patch_builder.go#L79
pkg/commands/patch/patch_builder.go,89,"func (p *PatchBuilder) Start(from, to string, reverse bool, canRebase bool) {",pending,https://github.com/jesseduffield/lazygit/blob/c5f7158154602d23b0750d4304c73e2aead8df5b/pkg/commands/patch/patch_builder.go#L89
pkg/commands/patch/patch_builder.go,107,func (p *PatchBuilder) snapshotFileInfoMap() map[string]*fileInfo {,pending,https://github.com/jesseduffield/lazygit/blob/c5f7158154602d23b0750d4304c73e2aead8df5b/pkg/commands/patch/patch_builder.go#L107
pkg/commands/patch/patch_builder.go,116,func (p *PatchBuilder) TempDir() string {,pending,https://github.com/jesseduffield/lazygit/blob/c5f7158154602d23b0750d4304c73e2aead8df5b/pkg/commands/patch/patch_builder.go#L116
pkg/commands/patch/patch_builder.go,124,func (p *PatchBuilder) Generation() int {,pending,https://github.com/jesseduffield/lazygit/blob/c5f7158154602d23b0750d4304c73e2aead8df5b/pkg/commands/patch/patch_builder.go#L124
pkg/commands/patch/patch_builder.go,133,func (p *PatchBuilder) makeTempDir() {,pending,https://github.com/jesseduffield/lazygit/blob/c5f7158154602d23b0750d4304c73e2aead8df5b/pkg/commands/patch/patch_builder.go#L133
pkg/commands/patch/patch_builder.go,148,func (p *PatchBuilder) removeTempDir() {,pending,https://github.com/jesseduffield/lazygit/blob/c5f7158154602d23b0750d4304c73e2aead8df5b/pkg/commands/patch/patch_builder.go#L148
pkg/commands/patch/patch_builder.go,173,func (p *PatchBuilder) FilesInPatch() []PatchFile {,pending,https://github.com/jesseduffield/lazygit/blob/c5f7158154602d23b0750d4304c73e2aead8df5b/pkg/commands/patch/patch_builder.go#L173
pkg/commands/patch/patch_builder.go,197,"func (p *PatchBuilder) PatchToApply(reverse bool, turnAddedFilesIntoDiffAgainstEmptyFile bool) string {",pending,https://github.com/jesseduffield/lazygit/blob/c5f7158154602d23b0750d4304c73e2aead8df5b/pkg/commands/patch/patch_builder.go#L197
pkg/commands/patch/patch_builder.go,217,func (p *PatchBuilder) addFileWhole(info *fileInfo) {,pending,https://github.com/jesseduffield/lazygit/blob/c5f7158154602d23b0750d4304c73e2aead8df5b/pkg/commands/patch/patch_builder.go#L217
pkg/commands/patch/patch_builder.go,230,func (p *PatchBuilder) removeFile(info *fileInfo) {,pending,https://github.com/jesseduffield/lazygit/blob/c5f7158154602d23b0750d4304c73e2aead8df5b/pkg/commands/patch/patch_builder.go#L230
pkg/commands/patch/patch_builder.go,235,"func (p *PatchBuilder) AddFileWhole(filename string, previousPath string) error {",pending,https://github.com/jesseduffield/lazygit/blob/c5f7158154602d23b0750d4304c73e2aead8df5b/pkg/commands/patch/patch_builder.go#L235
pkg/commands/patch/patch_builder.go,247,"func (p *PatchBuilder) RemoveFile(filename string, previousPath string) error {",pending,https://github.com/jesseduffield/lazygit/blob/c5f7158154602d23b0750d4304c73e2aead8df5b/pkg/commands/patch/patch_builder.go#L247
pkg/commands/patch/patch_builder.go,259,"func (p *PatchBuilder) getFileInfo(filename string, previousPath string) (*fileInfo, error) {",pending,https://github.com/jesseduffield/lazygit/blob/c5f7158154602d23b0750d4304c73e2aead8df5b/pkg/commands/patch/patch_builder.go#L259
pkg/commands/patch/patch_builder.go,285,"func (p *PatchBuilder) AddFileLineRange(filename string, previousPath string, lineIndices []int) error {",pending,https://github.com/jesseduffield/lazygit/blob/c5f7158154602d23b0750d4304c73e2aead8df5b/pkg/commands/patch/patch_builder.go#L285
pkg/commands/patch/patch_builder.go,297,"func (p *PatchBuilder) RemoveFileLineRange(filename string, previousPath string, lineIndices []int) error {",pending,https://github.com/jesseduffield/lazygit/blob/c5f7158154602d23b0750d4304c73e2aead8df5b/pkg/commands/patch/patch_builder.go#L297
pkg/commands/patch/patch_builder.go,320,func (p *PatchBuilder) RenderPatchForFile(opts RenderPatchForFileOpts) string {,pending,https://github.com/jesseduffield/lazygit/blob/c5f7158154602d23b0750d4304c73e2aead8df5b/pkg/commands/patch/patch_builder.go#L320
pkg/commands/patch/patch_builder.go,356,func (p *PatchBuilder) renderEachFilePatch(plain bool) []string {,pending,https://github.com/jesseduffield/lazygit/blob/c5f7158154602d23b0750d4304c73e2aead8df5b/pkg/commands/patch/patch_builder.go#L356
pkg/commands/patch/patch_builder.go,379,func (p *PatchBuilder) RenderAggregatedPatch(plain bool) string {,pending,https://github.com/jesseduffield/lazygit/blob/c5f7158154602d23b0750d4304c73e2aead8df5b/pkg/commands/patch/patch_builder.go#L379
pkg/commands/patch/patch_builder.go,383,"func (p *PatchBuilder) GetFileStatus(filename string, parent string) PatchStatus {",pending,https://github.com/jesseduffield/lazygit/blob/c5f7158154602d23b0750d4304c73e2aead8df5b/pkg/commands/patch/patch_builder.go#L383
pkg/commands/patch/patch_builder.go,417,func ChangeLineIndexByIdentity(parsed *Patch) map[LineIdentity]int {,pending,https://github.com/jesseduffield/lazygit/blob/c5f7158154602d23b0750d4304c73e2aead8df5b/pkg/commands/patch/patch_builder.go#L417
pkg/commands/patch/patch_builder.go,433,"func ChangeLineIndicesForLines(parsed *Patch, lines []LineIdentity) []int {",pending,https://github.com/jesseduffield/lazygit/blob/c5f7158154602d23b0750d4304c73e2aead8df5b/pkg/commands/patch/patch_builder.go#L433
pkg/commands/patch/patch_builder.go,448,func (p *PatchBuilder) PatchLineIndicesForLines(,pending,https://github.com/jesseduffield/lazygit/blob/c5f7158154602d23b0750d4304c73e2aead8df5b/pkg/commands/patch/patch_builder.go#L448
pkg/commands/patch/patch_builder.go,466,func (p *PatchBuilder) IncludedLineIdentities(filename string) []LineIdentity {,pending,https://github.com/jesseduffield/lazygit/blob/c5f7158154602d23b0750d4304c73e2aead8df5b/pkg/commands/patch/patch_builder.go#L466
pkg/commands/patch/patch_builder.go,489,func (p *PatchBuilder) IncludedChangeLineIndices(filename string) []int {,pending,https://github.com/jesseduffield/lazygit/blob/c5f7158154602d23b0750d4304c73e2aead8df5b/pkg/commands/patch/patch_builder.go#L489
pkg/commands/patch/patch_builder.go,505,"func (p *PatchBuilder) GetFileIncLineIndices(filename string, previousPath string) ([]int, error) {",pending,https://github.com/jesseduffield/lazygit/blob/c5f7158154602d23b0750d4304c73e2aead8df5b/pkg/commands/patch/patch_builder.go#L505
pkg/commands/patch/patch_builder.go,514,func (p *PatchBuilder) Reset() {,pending,https://github.com/jesseduffield/lazygit/blob/c5f7158154602d23b0750d4304c73e2aead8df5b/pkg/commands/patch/patch_builder.go#L514
pkg/commands/patch/patch_builder.go,525,func (p *PatchBuilder) Active() bool {,pending,https://github.com/jesseduffield/lazygit/blob/c5f7158154602d23b0750d4304c73e2aead8df5b/pkg/commands/patch/patch_builder.go#L525
pkg/commands/patch/patch_builder.go,532,func (p *PatchBuilder) IsEmpty() bool {,pending,https://github.com/jesseduffield/lazygit/blob/c5f7158154602d23b0750d4304c73e2aead8df5b/pkg/commands/patch/patch_builder.go#L532
pkg/commands/patch/patch_builder.go,543,"func (p *PatchBuilder) NewPatchRequired(from string, to string, reverse bool) bool {",pending,https://github.com/jesseduffield/lazygit/blob/c5f7158154602d23b0750d4304c73e2aead8df5b/pkg/commands/patch/patch_builder.go#L543
pkg/commands/patch/patch_builder.go,550,func (p *PatchBuilder) AllFilesInPatch() []string {,pending,https://github.com/jesseduffield/lazygit/blob/c5f7158154602d23b0750d4304c73e2aead8df5b/pkg/commands/patch/patch_builder.go#L550
pkg/commands/patch/patch_line.go,21,func (self *PatchLine) IsChange() bool {,pending,https://github.com/jesseduffield/lazygit/blob/c5f7158154602d23b0750d4304c73e2aead8df5b/pkg/commands/patch/patch_line.go#L21
pkg/commands/patch/patch_line.go,25,func (self *PatchLine) IsAddition() bool {,pending,https://github.com/jesseduffield/lazygit/blob/c5f7158154602d23b0750d4304c73e2aead8df5b/pkg/commands/patch/patch_line.go#L25
pkg/commands/patch/patch_line.go,29,func (self *PatchLine) IsDeletion() bool {,pending,https://github.com/jesseduffield/lazygit/blob/c5f7158154602d23b0750d4304c73e2aead8df5b/pkg/commands/patch/patch_line.go#L29
pkg/commands/patch/patch_line.go,34,"func nLinesWithKind(lines []*PatchLine, kinds []PatchLineKind) int {",pending,https://github.com/jesseduffield/lazygit/blob/c5f7158154602d23b0750d4304c73e2aead8df5b/pkg/commands/patch/patch_line.go#L34
pkg/commands/patch/transform.go,47,"func transform(patch *Patch, opts TransformOpts) *Patch {",pending,https://github.com/jesseduffield/lazygit/blob/c5f7158154602d23b0750d4304c73e2aead8df5b/pkg/commands/patch/transform.go#L47
pkg/commands/patch/transform.go,58,"func ExpandRange(start int, end int) []int {",pending,https://github.com/jesseduffield/lazygit/blob/c5f7158154602d23b0750d4304c73e2aead8df5b/pkg/commands/patch/transform.go#L58
pkg/commands/patch/transform.go,66,func (self *patchTransformer) transform() *Patch {,pending,https://github.com/jesseduffield/lazygit/blob/c5f7158154602d23b0750d4304c73e2aead8df5b/pkg/commands/patch/transform.go#L66
pkg/commands/patch/transform.go,76,func (self *patchTransformer) transformHeader() []string {,pending,https://github.com/jesseduffield/lazygit/blob/c5f7158154602d23b0750d4304c73e2aead8df5b/pkg/commands/patch/transform.go#L76
pkg/commands/patch/transform.go,111,func stripRenameFromHeader(header []string) []string {,pending,https://github.com/jesseduffield/lazygit/blob/c5f7158154602d23b0750d4304c73e2aead8df5b/pkg/commands/patch/transform.go#L111
pkg/commands/patch/transform.go,139,func (self *patchTransformer) transformHunks() []*Hunk {,pending,https://github.com/jesseduffield/lazygit/blob/c5f7158154602d23b0750d4304c73e2aead8df5b/pkg/commands/patch/transform.go#L139
pkg/commands/patch/transform.go,158,"func (self *patchTransformer) transformHunk(hunk *Hunk, startOffset int, firstLineIdx int) (int, *Hunk) {",pending,https://github.com/jesseduffield/lazygit/blob/c5f7158154602d23b0750d4304c73e2aead8df5b/pkg/commands/patch/transform.go#L158
pkg/commands/patch/transform.go,172,"func (self *patchTransformer) transformHunkLines(hunk *Hunk, firstLineIdx int) []*PatchLine {",pending,https://github.com/jesseduffield/lazygit/blob/c5f7158154602d23b0750d4304c73e2aead8df5b/pkg/commands/patch/transform.go#L172
pkg/commands/patch/transform.go,254,"func (self *patchTransformer) transformHunkHeader(newBodyLines []*PatchLine, oldStart int, startOffset int) (int, int) {",pending,https://github.com/jesseduffield/lazygit/blob/c5f7158154602d23b0750d4304c73e2aead8df5b/pkg/commands/patch/transform.go#L254
